expert,group,confidence,method,reason,post_id,title,url,date,modified,categories,tags
Ph?m Vi?t Ph??ng,An to?n th?c ph?m/HACCP/ISO 22000,Trung b?nh,keyword,fssc,1817,10 Câu Hỏi Thường Gặp Trong Quá Trình Chứng Nhận FSSC 22000,https://knacert.com.vn/phat-trien-ben-vung/10-cau-hoi-thuong-gap-trong-qua-trinh-tu-van-chung-nhan-fssc-22000/,2018-11-07T06:47:42,2026-05-18T13:07:35,Phát triển bền vững,
Ph?m Vi?t Ph??ng,An to?n th?c ph?m/HACCP/ISO 22000,Trung b?nh,keyword,haccp,12787,5 yêu cầu tiên quyết để áp dụng HACCP,https://knacert.com.vn/tin-tuc-tieu-chuan/5-yeu-cau-tien-quyet-de-ap-dung-haccp/,2024-12-03T06:29:40,2026-05-18T09:49:32,Tin Tức Tiêu Chuẩn,
Ph?m Vi?t Ph??ng,An to?n th?c ph?m/HACCP/ISO 22000,Trung b?nh,keyword,gmp,8029,5 yếu tố cơ bản trong GMP trong sản xuất,https://knacert.com.vn/tin-tuc-tieu-chuan/5-yeu-to-co-ban-trong-gmp-trong-san-xuat/,2022-11-14T02:01:10,2026-05-18T09:31:12,Tin Tức Tiêu Chuẩn,
Ph?m Vi?t Ph??ng,An to?n th?c ph?m/HACCP/ISO 22000,Trung b?nh,keyword,haccp,5013,7 nguyên tắc của HACCP mới nhất,https://knacert.com.vn/tin-tuc-tieu-chuan/7-nguyen-tac-cua-he-thong-haccp/,2020-12-04T06:41:00,2026-05-18T09:24:56,Tin Tức Tiêu Chuẩn,
Ph?m Vi?t Ph??ng,An to?n th?c ph?m/HACCP/ISO 22000,Trung b?nh,keyword,gmp,24351,94 doanh nghiệp được cấp GMP – tiêu chuẩn thực hành sản xuất tốt,https://knacert.com.vn/tin-tuc-tieu-chuan/94-doanh-nghiep-duoc-cap-gmp-tieu-chuan-thuc-hanh-san-xuat-tot/,2020-03-27T07:39:03,2026-04-15T15:28:27,Tin Tức Tiêu Chuẩn,
Ph?m Vi?t Ph??ng,An to?n th?c ph?m/HACCP/ISO 22000,Trung b?nh,keyword,brc,7692,[IOP Certificate] Giấy chứng nhận BRC IOP là gì?,https://knacert.com.vn/tin-tuc-tieu-chuan/iop-certificate-giay-chung-nhan-brc-iop-la-gi/,2022-09-22T02:54:19,2026-05-18T11:07:26,Tin Tức Tiêu Chuẩn,
Ph?m Vi?t Ph??ng,An to?n th?c ph?m/HACCP/ISO 22000,Trung b?nh,keyword,gmp,1916,Bao nhiêu cơ sở sản xuất thực phẩm chức năng đạt chuẩn GMP?,https://knacert.com.vn/tin-tuc-tieu-chuan/bao-nhieu-co-so-san-xuat-thuc-pham-chuc-nang-dat-chuan-gmp/,2018-12-01T04:20:13,2026-02-06T07:01:13,Tin Tức Tiêu Chuẩn,
Ph?m Vi?t Ph??ng,An to?n th?c ph?m/HACCP/ISO 22000,Trung b?nh,keyword,haccp,11922,Biên bản thẩm tra HACCP là gì? Yêu cầu đối với biên bản thẩm tra HACCP,https://knacert.com.vn/tin-tuc-tieu-chuan/bien-ban-tham-tra-haccp-la-gi-yeu-cau-doi-voi-bien-ban-tham-tra-haccp/,2024-11-04T01:52:33,2026-05-18T09:48:21,Tin Tức Tiêu Chuẩn,
Ph?m Vi?t Ph??ng,An to?n th?c ph?m/HACCP/ISO 22000,Trung b?nh,keyword,haccp,12199,Biểu mẫu HACCP là gì? Một số loại biểu mẫu HACCP,https://knacert.com.vn/tin-tuc-tieu-chuan/bieu-mau-haccp-la-gi-mot-so-loai-bieu-mau-haccp/,2024-11-15T02:39:51,2026-05-18T09:48:40,Tin Tức Tiêu Chuẩn,
Ph?m Vi?t Ph??ng,An to?n th?c ph?m/HACCP/ISO 22000,Trung b?nh,keyword,brc,7908,BRC Packaging (BRC IOP) – Tiêu chuẩn BRC về vật liệu đóng gói,https://knacert.com.vn/tin-tuc-tieu-chuan/brc-packaging-brc-iop-tieu-chuan-brc-ve-vat-lieu-dong-goi/,2022-10-27T07:24:22,2026-05-18T09:30:52,Tin Tức Tiêu Chuẩn,
Ph?m Vi?t Ph??ng,An to?n th?c ph?m/HACCP/ISO 22000,Trung b?nh,keyword,brc,7386,BRC Packaging Issue 6 Checklist,https://knacert.com.vn/tin-tuc-tieu-chuan/brc-packaging-issue-6-checklist/,2022-07-20T01:35:53,2026-05-18T09:29:50,Tin Tức Tiêu Chuẩn,
Ph?m Vi?t Ph??ng,An to?n th?c ph?m/HACCP/ISO 22000,Cao,keyword,iso 22000; brc; ifs,13889,"BRC, IFS, ISO 22000: Lựa chọn nào phù hợp với doanh nghiệp?",https://knacert.com.vn/tin-tuc-tieu-chuan/brc-ifs-iso-22000-lua-chon-nao-phu-hop-voi-doanh-nghiep/,2025-10-09T02:50:00,2026-04-15T17:38:10,Tin Tức Tiêu Chuẩn,
Ph?m Vi?t Ph??ng,An to?n th?c ph?m/HACCP/ISO 22000,Cao,keyword,brc; brcgs,13823,BRCGS: Toàn tập tiêu chuẩn BRC phiên bản 9 (BRC Food V9),https://knacert.com.vn/tin-tuc-tieu-chuan/brcgs-toan-tap-tieu-chuan-brc-phien-ban-9-brc-food-v9/,2025-09-23T04:05:49,2026-05-18T09:37:01,Tin Tức Tiêu Chuẩn,
Ph?m Vi?t Ph??ng,An to?n th?c ph?m/HACCP/ISO 22000,Trung b?nh,keyword,haccp,13918,Bài giảng HACCP mới nhất,https://knacert.com.vn/tin-tuc-tieu-chuan/bai-giang-haccp-moi-nhat/,2025-10-23T03:30:08,2026-05-18T09:51:24,Tin Tức Tiêu Chuẩn,
Ph?m Vi?t Ph??ng,An to?n th?c ph?m/HACCP/ISO 22000,Trung b?nh,keyword,iso 22000,13620,Bài giảng ISO 22000:2018 của KNA Cert,https://knacert.com.vn/tin-tuc-tieu-chuan/bai-giang-iso-220002018/,2025-07-16T06:39:24,2026-05-18T09:51:05,Tin Tức Tiêu Chuẩn,
Ph?m Vi?t Ph??ng,An to?n th?c ph?m/HACCP/ISO 22000,Trung b?nh,keyword,iso 22000,13586,Bài giảng ISO 22000:2018 của KNA Cert,https://knacert.com.vn/tin-tuc-tieu-chuan/bai-giang-iso-220002018-cua-kna-cert/,2025-07-15T10:56:57,2026-05-18T09:50:59,Tin Tức Tiêu Chuẩn,
Ph?m Vi?t Ph??ng,An to?n th?c ph?m/HACCP/ISO 22000,Trung b?nh,keyword,iso 22000,13477,Bài tập ISO 22000 – Hỗ trợ cho doanh nghiệp trong triển khai tiêu chuẩn,https://knacert.com.vn/tin-tuc-tieu-chuan/bai-tap-iso-22000-ho-tro-cho-doanh-nghiep-trong-trien-khai-tieu-chuan/,2025-07-08T06:54:17,2025-11-21T05:43:32,Tin Tức Tiêu Chuẩn,
Ph?m Vi?t Ph??ng,An to?n th?c ph?m/HACCP/ISO 22000,Trung b?nh,keyword,haccp,12233,Bảng mô tả sản phẩm HACCP: Nội dung & Lưu ý khi thiết lập,https://knacert.com.vn/tin-tuc-tieu-chuan/bang-mo-ta-san-pham-haccp/,2024-11-15T02:43:36,2026-05-20T16:47:15,Tin Tức Tiêu Chuẩn,HACCP
Ph?m Vi?t Ph??ng,An to?n th?c ph?m/HACCP/ISO 22000,Trung b?nh,keyword,haccp,11774,Bảng phân tích mối nguy HACCP là gì? Ví dụ cụ thể,https://knacert.com.vn/tin-tuc-tieu-chuan/bang-phan-tich-moi-nguy-haccp-la-gi-vi-du-cu-the/,2024-10-21T03:40:06,2026-05-18T09:48:09,Tin Tức Tiêu Chuẩn,
Ph?m Vi?t Ph??ng,An to?n th?c ph?m/HACCP/ISO 22000,Trung b?nh,keyword,vi sinh,1193,Bệnh viện Nhân Dân Gia Định TP. Hồ Chí Minh đạt chuẩn ISO 15189,https://knacert.com.vn/tin-tuc-tieu-chuan/benh-vien-nhan-dan-gia-dinh-tp-ho-chi-minh-dat-chuan-iso-15189/,2018-05-15T04:19:57,2026-04-15T17:34:15,Tin Tức Tiêu Chuẩn,
Ph?m Vi?t Ph??ng,An to?n th?c ph?m/HACCP/ISO 22000,Trung b?nh,keyword,brc,3952,Bộ tiêu toàn cầu BRC về bao bì phiên bản 6 có gì mới ?,https://knacert.com.vn/tin-tuc-tieu-chuan/bo-tieu-toan-cau-brc-ve-bao-bi-phien-ban-6-co-gi-moi/,2020-03-25T03:45:39,2026-05-18T09:23:27,Tin Tức Tiêu Chuẩn,
Ph?m Vi?t Ph??ng,An to?n th?c ph?m/HACCP/ISO 22000,Trung b?nh,keyword,haccp,8075,Bộ tài liệu HACCP đạt chuẩn [Tham khảo],https://knacert.com.vn/tin-tuc-tieu-chuan/bo-tai-lieu-haccp-dat-chuan-tham-khao/,2022-11-21T01:48:32,2026-05-18T09:31:18,Tin Tức Tiêu Chuẩn,
Ph?m Vi?t Ph??ng,An to?n th?c ph?m/HACCP/ISO 22000,Trung b?nh,keyword,haccp,5991,CCP là gì ? Các cây quyết định CCP trong hệ thống HACCP,https://knacert.com.vn/tin-tuc-tieu-chuan/ccp-la-gi-cac-cay-quyet-dinh-ccp-trong-he-thong-haccp/,2021-06-08T08:32:43,2026-05-18T09:26:31,Tin Tức Tiêu Chuẩn,
Ph?m Vi?t Ph??ng,An to?n th?c ph?m/HACCP/ISO 22000,Trung b?nh,keyword,gmp,7959,cGMP ASEAN là gì? Tiêu chuẩn thực hành tốt sản xuất mỹ phẩm,https://knacert.com.vn/tin-tuc-tieu-chuan/tieu-chuan-cgmp-asean-la-gi-thuc-hanh-tot-san-xuat-my-pham/,2022-11-03T02:27:33,2026-05-21T10:49:14,Tin Tức Tiêu Chuẩn,"GMP, Mỹ phẩm"
Ph?m Vi?t Ph??ng,An to?n th?c ph?m/HACCP/ISO 22000,Trung b?nh,keyword,haccp,7281,Checklist đánh giá HACCP,https://knacert.com.vn/tin-tuc-tieu-chuan/checklist-danh-gia-haccp/,2022-06-07T04:06:02,2026-05-18T09:29:33,Tin Tức Tiêu Chuẩn,
Ph?m Vi?t Ph??ng,An to?n th?c ph?m/HACCP/ISO 22000,Trung b?nh,keyword,haccp,13587,Chi tiết các bước đăng ký quản lý chất lượng theo HACCP,https://knacert.com.vn/tin-tuc-tieu-chuan/chi-tiet-cac-buoc-dang-ky-quan-ly-chat-luong-theo-haccp/,2025-07-16T04:34:38,2026-05-18T09:51:01,Tin Tức Tiêu Chuẩn,
Ph?m Vi?t Ph??ng,An to?n th?c ph?m/HACCP/ISO 22000,Trung b?nh,keyword,gmp,1677,Chuẩn GMP giúp ‘thanh lọc’ thị trường thực phẩm chức năng,https://knacert.com.vn/tin-tuc-tieu-chuan/chuan-gmp-giup-thanh-loc-thi-truong-thuc-pham-chuc-nang/,2018-10-01T01:46:15,2025-11-21T04:57:20,"Tin tức, Tin Tức Tiêu Chuẩn",
Ph?m Vi?t Ph??ng,An to?n th?c ph?m/HACCP/ISO 22000,Trung b?nh,keyword,fssc,2696,Chính thức ban hành FSSC 22000 phiên bản 5,https://knacert.com.vn/tin-tuc-tieu-chuan/chinh-thuc-ban-hanh-fssc-22000-phien-ban-5/,2019-06-05T01:48:37,2026-02-06T07:02:11,Tin Tức Tiêu Chuẩn,
Ph?m Vi?t Ph??ng,An to?n th?c ph?m/HACCP/ISO 22000,Trung b?nh,keyword,haccp,8758,Chương trình tiên quyết của HACCP là gì?,https://knacert.com.vn/tin-tuc-tieu-chuan/chuong-trinh-tien-quyet-cua-haccp-la-gi/,2023-04-13T09:32:21,2026-05-18T09:32:28,Tin Tức Tiêu Chuẩn,
Ph?m Vi?t Ph??ng,An to?n th?c ph?m/HACCP/ISO 22000,Trung b?nh,keyword,brc,13888,Chứng chỉ BRC là gì? Tìm hiểu giấy chứng nhận BRC,https://knacert.com.vn/tin-tuc-tieu-chuan/chung-chi-brc-la-gi-tim-hieu-giay-chung-nhan-brc/,2025-10-09T02:46:02,2026-05-18T09:37:22,Tin Tức Tiêu Chuẩn,
Ph?m Vi?t Ph??ng,An to?n th?c ph?m/HACCP/ISO 22000,Trung b?nh,keyword,haccp,12216,Chứng chỉ HACCP là gì? Thời hạn cho chứng chỉ này là bao lâu?,https://knacert.com.vn/tin-tuc-tieu-chuan/chung-chi-haccp-la-gi-thoi-han-cho-chung-chi-nay-la-bao-lau/,2024-11-15T02:42:17,2026-05-18T09:48:42,Tin Tức Tiêu Chuẩn,
Ph?m Vi?t Ph??ng,An to?n th?c ph?m/HACCP/ISO 22000,Cao,keyword,haccp; brc; ifs,12340,"Chứng nhận BRC, IFS có thay thế HACCP được không? Doanh nghiệp nên chọn chứng nhận nào?",https://knacert.com.vn/tin-tuc-tieu-chuan/chung-nhan-brc-ifs-co-thay-the-haccp-duoc-khong-doanh-nghiep-nen-chon-chung-nhan-nao/,2024-11-20T07:54:45,2026-05-18T09:48:54,Tin Tức Tiêu Chuẩn,
Ph?m Vi?t Ph??ng,An to?n th?c ph?m/HACCP/ISO 22000,Cao,keyword,haccp; fssc,1860,Chứng Nhận FSSC 22000 cho Doanh Nghiệp sản xuất bao bì thực phẩm,https://knacert.com.vn/tin-tuc-tieu-chuan/chung-nhan-fssc-22000-cho-doanh-nghiep-san-xuat-bao-bi-thuc-pham/,2018-11-16T02:12:56,2026-05-18T13:07:32,Tin Tức Tiêu Chuẩn,
Ph?m Vi?t Ph??ng,An to?n th?c ph?m/HACCP/ISO 22000,Trung b?nh,keyword,haccp,12354,Chứng nhận nào có thể thay thế HACCP? Doanh nghiệp nên lựa chọn chứng nhận nào?,https://knacert.com.vn/tin-tuc-tieu-chuan/chung-nhan-nao-co-the-thay-the-haccp-doanh-nghiep-nen-lua-chon-chung-nhan-nao/,2024-11-20T07:56:36,2026-05-18T09:48:55,Tin Tức Tiêu Chuẩn,
Ph?m Vi?t Ph??ng,An to?n th?c ph?m/HACCP/ISO 22000,Trung b?nh,keyword,haccp,11635,CP trong HACCP là gì? Tại sao áp dụng Điểm kiểm soát CP trong HACCP?,https://knacert.com.vn/tin-tuc-tieu-chuan/cp-trong-haccp-la-gi-tai-sao-ap-dung-diem-kiem-soat-cp-trong-haccp/,2024-10-14T08:03:18,2026-05-18T09:47:59,Tin Tức Tiêu Chuẩn,
Ph?m Vi?t Ph??ng,An to?n th?c ph?m/HACCP/ISO 22000,Trung b?nh,keyword,iso 22000,24501,Các bước Xây dựng Hệ thống Quản lý Chất lượng theo ISO 22000,https://knacert.com.vn/cong-cu-cai-tien/xay-dung-he-thong-quan-ly-chat-luong-theo-tieu-chuan-iso-22000-bang-cac-buoc-co-ban/,2019-04-16T10:22:49,2026-05-18T13:07:11,Công cụ cải tiến,
Ph?m Vi?t Ph??ng,An to?n th?c ph?m/HACCP/ISO 22000,Trung b?nh,keyword,iso 22000,2205,Các bước Xây dựng Hệ thống Quản lý Chất lượng theo ISO 22000,https://knacert.com.vn/cong-cu-cai-tien/thanh-vien-eicc-rba-va-trach-nhiem-khi-tham-gia-vao-rba/,2019-03-14T05:04:03,2026-02-06T07:01:39,Công cụ cải tiến,
Ph?m Vi?t Ph??ng,An to?n th?c ph?m/HACCP/ISO 22000,Trung b?nh,keyword,haccp,13908,Các cấp trong HACCP là gì? Những thông tin chính,https://knacert.com.vn/tin-tuc-tieu-chuan/cac-cap-trong-haccp-la-gi-nhung-thong-tin-chinh/,2025-10-22T03:54:54,2026-05-18T09:51:14,Tin Tức Tiêu Chuẩn,
Ph?m Vi?t Ph??ng,An to?n th?c ph?m/HACCP/ISO 22000,Trung b?nh,keyword,haccp,11726,Các doanh nghiệp áp dụng HACCP thành công trên thế giới,https://knacert.com.vn/tin-tuc-tieu-chuan/cac-doanh-nghiep-ap-dung-haccp-thanh-cong-tren-the-gioi/,2024-10-21T03:23:11,2026-05-18T09:48:04,Tin Tức Tiêu Chuẩn,
Ph?m Vi?t Ph??ng,An to?n th?c ph?m/HACCP/ISO 22000,Trung b?nh,keyword,haccp,13517,Các mối nguy trong HACCP và cách xác định các mối nguy hiệu quả,https://knacert.com.vn/tin-tuc-tieu-chuan/cac-moi-nguy-trong-haccp-va-cach-xac-dinh-cac-moi-nguy-hieu-qua/,2025-07-08T10:20:05,2026-05-18T09:50:13,Tin Tức Tiêu Chuẩn,
Ph?m Vi?t Ph??ng,An to?n th?c ph?m/HACCP/ISO 22000,Trung b?nh,keyword,gmp,5878,Các nguyên tắc thực hành tốt sản xuất thuốc (GMP),https://knacert.com.vn/tin-tuc-tieu-chuan/cac-nguyen-tac-thuc-hanh-tot-san-xuat-thuoc-gmp/,2021-05-28T04:54:22,2026-02-06T07:05:34,Tin Tức Tiêu Chuẩn,
Ph?m Vi?t Ph??ng,An to?n th?c ph?m/HACCP/ISO 22000,Trung b?nh,keyword,iso 22000,12562,Các phiên bản của ISO 22000 và sự khác nhau của ISO 22000 phiên bản 2018 với 2005,https://knacert.com.vn/tin-tuc-tieu-chuan/cac-phien-ban-cua-iso-22000-va-su-khac-nhau-cua-iso-22000-phien-ban-2018-voi-2005/,2024-11-26T06:19:21,2026-05-18T09:49:16,Tin Tức Tiêu Chuẩn,
Ph?m Vi?t Ph??ng,An to?n th?c ph?m/HACCP/ISO 22000,Trung b?nh,keyword,haccp,12148,Các phòng ban liên quan tới HACCP và những thông tin chi tiết,https://knacert.com.vn/tin-tuc-tieu-chuan/cac-phong-ban-lien-quan-toi-haccp-va-nhung-thong-tin-chi-tiet/,2024-11-11T02:10:48,2026-05-18T09:48:38,Tin Tức Tiêu Chuẩn,
Ph?m Vi?t Ph??ng,An to?n th?c ph?m/HACCP/ISO 22000,Trung b?nh,keyword,iso 22000,12604,Các điều khoản trong ISO 22000 – Hệ thống Quản lý An toàn Thực phẩm,https://knacert.com.vn/tin-tuc-tieu-chuan/cac-dieu-khoan-trong-iso-22000-he-thong-quan-ly-an-toan-thuc-pham/,2024-11-26T06:35:28,2026-05-18T09:49:20,Tin Tức Tiêu Chuẩn,
Ph?m Vi?t Ph??ng,An to?n th?c ph?m/HACCP/ISO 22000,Trung b?nh,keyword,haccp,7276,Cơ quan cấp giấy chứng nhận HACCP,https://knacert.com.vn/tin-tuc-tieu-chuan/co-quan-cap-giay-chung-nhan-haccp/,2022-06-07T02:27:16,2026-05-18T09:29:32,Tin Tức Tiêu Chuẩn,
Ph?m Vi?t Ph??ng,An to?n th?c ph?m/HACCP/ISO 22000,Trung b?nh,keyword,haccp,12371,Cơ quan cấp giấy chứng nhận HACCP uy tín tại Việt Nam,https://knacert.com.vn/tin-tuc-tieu-chuan/co-quan-cap-giay-chung-nhan-haccp-uy-tin-tai-viet-nam/,2024-11-20T07:58:58,2026-05-18T09:48:57,Tin Tức Tiêu Chuẩn,
Ph?m Vi?t Ph??ng,An to?n th?c ph?m/HACCP/ISO 22000,Trung b?nh,keyword,iso 22000,7036,Cấu trúc tiêu chuẩn ISO 22000 theo TCVN 22000:2018,https://knacert.com.vn/tin-tuc-tieu-chuan/cau-truc-tieu-chuan-iso-22000-theo-tcvn-220002018/,2022-03-17T02:11:14,2026-05-18T09:28:54,Tin Tức Tiêu Chuẩn,
Ph?m Vi?t Ph??ng,An to?n th?c ph?m/HACCP/ISO 22000,Trung b?nh,keyword,iso 22000,6969,Danh sách tài liệu ISO 22000:2018 bắt buộc,https://knacert.com.vn/tin-tuc-tieu-chuan/danh-sach-tai-lieu-iso-220002018-bat-buoc/,2022-03-04T04:50:33,2026-05-18T09:28:48,Tin Tức Tiêu Chuẩn,
Ph?m Vi?t Ph??ng,An to?n th?c ph?m/HACCP/ISO 22000,Cao,keyword,haccp; iso 22000,12438,Doanh nghiệp làm ISO 22000 có cần làm HACCP không?,https://knacert.com.vn/tin-tuc-tieu-chuan/doanh-nghiep-lam-iso-22000-co-can-lam-haccp-khong/,2024-11-21T06:30:43,2026-05-18T09:49:05,Tin Tức Tiêu Chuẩn,
Ph?m Vi?t Ph??ng,An to?n th?c ph?m/HACCP/ISO 22000,Trung b?nh,keyword,fssc,5927,FSSC 22000 là gì? Nội dung và lợi ích khi áp dụng tiêu chuẩn,https://knacert.com.vn/tin-tuc-tieu-chuan/fssc-22000-la-gi-noi-dung-va-loi-ich-khi-doanh-nghiep-ap-dung/,2021-06-05T03:34:18,2026-05-18T09:26:24,Tin Tức Tiêu Chuẩn,
Ph?m Vi?t Ph??ng,An to?n th?c ph?m/HACCP/ISO 22000,Cao,keyword,haccp; fssc,12388,FSSC 22000 thay thế HACCP được không?,https://knacert.com.vn/tin-tuc-tieu-chuan/fssc-22000-thay-the-haccp-duoc-khong/,2024-11-20T08:01:20,2026-05-18T09:48:58,Tin Tức Tiêu Chuẩn,
Ph?m Vi?t Ph??ng,An to?n th?c ph?m/HACCP/ISO 22000,Trung b?nh,keyword,fssc,10033,FSSC 22000 – giải pháp cho yêu cầu về an toàn thực phẩm khi xuất khẩu vào thị trường EU,https://knacert.com.vn/tin-tuc-tieu-chuan/fssc-22000-giai-phap-cho-yeu-cau-ve-an-toan-thuc-pham-khi-xuat-khau-vao-thi-truong-eu/,2023-12-18T04:51:59,2026-02-06T07:11:38,Tin Tức Tiêu Chuẩn,
Ph?m Vi?t Ph??ng,An to?n th?c ph?m/HACCP/ISO 22000,Trung b?nh,keyword,fssc,7940,FSSC 24000 – Tiêu chuẩn Hệ thống quản lý xã hội,https://knacert.com.vn/tin-tuc-tieu-chuan/fssc-24000-tieu-chuan-he-thong-quan-ly-xa-hoi/,2022-11-03T01:54:34,2026-05-18T09:30:57,Tin Tức Tiêu Chuẩn,
Ph?m Vi?t Ph??ng,An to?n th?c ph?m/HACCP/ISO 22000,Trung b?nh,keyword,haccp,12323,Giá dịch vụ chứng nhận HACCP bao gồm khoản phí nào?,https://knacert.com.vn/tin-tuc-tieu-chuan/gia-dich-vu-chung-nhan-haccp-bao-gom-khoan-phi-nao/,2024-11-20T07:51:57,2026-05-18T09:48:52,Tin Tức Tiêu Chuẩn,
Ph?m Vi?t Ph??ng,An to?n th?c ph?m/HACCP/ISO 22000,Trung b?nh,keyword,haccp,13557,Giải thích về lưu đồ HACCP,https://knacert.com.vn/tin-tuc-tieu-chuan/giai-thich-ve-luu-do-haccp-2/,2025-07-15T10:00:19,2026-05-18T09:50:55,Tin Tức Tiêu Chuẩn,
Ph?m Vi?t Ph??ng,An to?n th?c ph?m/HACCP/ISO 22000,Trung b?nh,keyword,haccp,11810,Giải thích về lưu đồ HACCP,https://knacert.com.vn/tin-tuc-tieu-chuan/giai-thich-ve-luu-do-haccp/,2024-10-28T03:23:44,2026-05-18T09:48:10,Tin Tức Tiêu Chuẩn,
Ph?m Vi?t Ph??ng,An to?n th?c ph?m/HACCP/ISO 22000,Trung b?nh,keyword,haccp,12719,Giải thích yêu cầu HACCP,https://knacert.com.vn/tin-tuc-tieu-chuan/giai-thich-yeu-cau-haccp/,2024-12-02T02:01:22,2026-05-18T09:49:28,Tin Tức Tiêu Chuẩn,
Ph?m Vi?t Ph??ng,An to?n th?c ph?m/HACCP/ISO 22000,Trung b?nh,keyword,fssc,13886,Giấy chứng nhận FSSC 22000 là gì? Lợi ích & Quy trình sở hữu,https://knacert.com.vn/tin-tuc-tieu-chuan/giay-chung-nhan-fssc-22000-la-gi/,2025-10-09T02:39:05,2026-05-18T09:37:20,Tin Tức Tiêu Chuẩn,
Ph?m Vi?t Ph??ng,An to?n th?c ph?m/HACCP/ISO 22000,Trung b?nh,keyword,gmp,7668,Giấy chứng nhận GMP là gì?,https://knacert.com.vn/tin-tuc-tieu-chuan/giay-chung-nhan-gmp-la-gi/,2022-09-15T03:11:01,2026-05-18T09:30:20,Tin Tức Tiêu Chuẩn,
Ph?m Vi?t Ph??ng,An to?n th?c ph?m/HACCP/ISO 22000,Trung b?nh,keyword,iso 22000,7090,Giấy chứng nhận ISO 22000 (ISO 22000 certificate) – Chứng nhận được công nhận toàn cầu,https://knacert.com.vn/tin-tuc-tieu-chuan/giay-chung-nhan-iso-22000-iso-22000-certificate-chung-nhan-duoc-cong-nhan-toan-cau/,2022-04-17T14:53:56,2026-05-18T09:29:04,Tin Tức Tiêu Chuẩn,
Ph?m Vi?t Ph??ng,An to?n th?c ph?m/HACCP/ISO 22000,Trung b?nh,keyword,brc,1691,Giấy chứng nhận Kosher mở rộng thị trường tiềm năng,https://knacert.com.vn/tin-tuc-tieu-chuan/tieu-chuan-brc-food-issue-8-se-duoc-phat-hanh-vao-ngay-01-08-2018/,2018-10-03T04:18:10,2026-02-06T07:00:49,Tin Tức Tiêu Chuẩn,
Ph?m Vi?t Ph??ng,An to?n th?c ph?m/HACCP/ISO 22000,Trung b?nh,keyword,gmp,13827,"GMP là gì? Hướng dẫn chi tiết về yêu cầu, quy trình triển khai",https://knacert.com.vn/tin-tuc-tieu-chuan/gmp-la-gi-huong-dan-chi-tiet-ve-yeu-cau-quy-trinh-trien-khai/,2025-09-23T04:50:39,2026-05-18T09:37:07,Tin Tức Tiêu Chuẩn,
Ph?m Vi?t Ph??ng,An to?n th?c ph?m/HACCP/ISO 22000,Trung b?nh,keyword,haccp,5426,HACCP 2003 và 2020 khác nhau ở điểm gì,https://knacert.com.vn/tin-tuc-tieu-chuan/to-chuc-codex-ban-hanh-tieu-chuan-haccp-codex-2020-moi/,2021-03-08T03:51:38,2026-02-06T07:04:50,Tin Tức Tiêu Chuẩn,
Ph?m Vi?t Ph??ng,An to?n th?c ph?m/HACCP/ISO 22000,Trung b?nh,keyword,haccp,11824,HACCP Checklist là gì? Nội dung của Checklist đánh giá HACCP,https://knacert.com.vn/tin-tuc-tieu-chuan/haccp-checklist-la-gi-noi-dung-cua-checklist-danh-gia-haccp/,2024-10-28T03:24:33,2026-05-18T09:48:12,Tin Tức Tiêu Chuẩn,
Ph?m Vi?t Ph??ng,An to?n th?c ph?m/HACCP/ISO 22000,Cao,keyword,haccp; iso 22000,1358,HACCP hay Hệ thống quản lý ISO 22000 – Nên áp dụng cái nào trong doanh nghiệp?,https://knacert.com.vn/phat-trien-ben-vung/haccp-hay-he-thong-quan-ly-iso-22000-nen-ap-dung-cai-nao-trong-doanh-nghiep/,2018-06-22T04:35:02,2025-11-21T04:55:54,Phát triển bền vững,
Ph?m Vi?t Ph??ng,An to?n th?c ph?m/HACCP/ISO 22000,Trung b?nh,keyword,haccp,12889,Haccp Logo là gì ? Những lưu ý khi sử dụng dấu HACCP,https://knacert.com.vn/tin-tuc-tieu-chuan/haccp-logo-la-gi-nhung-luu-y-khi-su-dung-dau-haccp/,2024-12-13T02:41:17,2026-05-18T09:49:40,Tin Tức Tiêu Chuẩn,
Ph?m Vi?t Ph??ng,An to?n th?c ph?m/HACCP/ISO 22000,Trung b?nh,keyword,haccp,5973,HACCP là gì? Quy trình xây dựng và áp dụng HACCP cho Doanh Nghiệp,https://knacert.com.vn/cong-cu-cai-tien/haccp-la-gi-quy-trinh-xay-dung-va-ap-dung-haccp-cho-doanh-nghiep/,2021-06-08T04:05:38,2026-05-18T09:26:29,Công cụ cải tiến,
Ph?m Vi?t Ph??ng,An to?n th?c ph?m/HACCP/ISO 22000,Trung b?nh,keyword,gmp,24450,Hàng ngàn cơ sở sản xuất thực phẩm chức năng không đạt chuẩn GMP sẽ bị ‘xóa sổ’,https://knacert.com.vn/tin-tuc-tieu-chuan/hang-ngan-co-so-san-xuat-thuc-pham-chuc-nang-khong-dat-chuan-gmp-se-bi-xoa-so/,2018-08-02T09:46:23,2026-03-02T09:48:12,Tin Tức Tiêu Chuẩn,
Ph?m Vi?t Ph??ng,An to?n th?c ph?m/HACCP/ISO 22000,Trung b?nh,keyword,ifs,1909,Hơn 1.000 phòng thử nghiệm chuyển đổi tiêu chuẩn ISO 17011 và ISO 1…,https://knacert.com.vn/tin-tuc-tieu-chuan/tieu-chuan-ifs-food-la-gi/,2018-11-29T07:49:13,2025-11-21T04:59:10,"Tin tức, Tin Tức Tiêu Chuẩn",
Ph?m Vi?t Ph??ng,An to?n th?c ph?m/HACCP/ISO 22000,Trung b?nh,keyword,haccp,12702,Hướng dẫn 5 bước chuẩn bị trong HACCP,https://knacert.com.vn/cong-cu-cai-tien/huong-dan-5-buoc-chuan-bi-trong-haccp/,2024-12-02T01:58:59,2026-05-18T09:49:26,Công cụ cải tiến,
Ph?m Vi?t Ph??ng,An to?n th?c ph?m/HACCP/ISO 22000,Trung b?nh,keyword,haccp,12396,Hướng dẫn chi tiết xây dựng HACCP,https://knacert.com.vn/cong-cu-cai-tien/huong-dan-chi-tiet-xay-dung-haccp/,2024-11-21T06:27:09,2026-05-18T09:49:00,Công cụ cải tiến,
Ph?m Vi?t Ph??ng,An to?n th?c ph?m/HACCP/ISO 22000,Trung b?nh,keyword,haccp,12449,Hướng dẫn kiểm soát nhiệt độ HACCP,https://knacert.com.vn/cong-cu-cai-tien/huong-dan-kiem-soat-nhiet-do-haccp/,2024-11-21T06:31:16,2026-05-18T09:49:06,Công cụ cải tiến,
Ph?m Vi?t Ph??ng,An to?n th?c ph?m/HACCP/ISO 22000,Trung b?nh,keyword,haccp,7303,Hướng dẫn thành lập đội HACCP,https://knacert.com.vn/cong-cu-cai-tien/huong-dan-thanh-lap-doi-haccp/,2022-06-09T01:58:02,2026-05-18T09:29:35,Công cụ cải tiến,
Ph?m Vi?t Ph??ng,An to?n th?c ph?m/HACCP/ISO 22000,Trung b?nh,keyword,haccp,12466,Hướng dẫn thực hiện các bước rửa tay trong HACCP,https://knacert.com.vn/cong-cu-cai-tien/huong-dan-thuc-hien-cac-buoc-rua-tay-trong-haccp/,2024-11-21T06:34:21,2026-05-18T09:49:08,Công cụ cải tiến,
Ph?m Vi?t Ph??ng,An to?n th?c ph?m/HACCP/ISO 22000,Trung b?nh,keyword,haccp,12250,Hướng dẫn xây dựng bảng tổng hợp kế hoạch HACCP,https://knacert.com.vn/cong-cu-cai-tien/huong-dan-xay-dung-bang-tong-hop-ke-hoach-haccp/,2024-11-15T02:44:22,2026-05-18T09:48:45,Công cụ cải tiến,
Ph?m Vi?t Ph??ng,An to?n th?c ph?m/HACCP/ISO 22000,Trung b?nh,keyword,haccp,12621,Hướng dẫn xây dựng hệ thống HACCP thủy sản chi tiết,https://knacert.com.vn/cong-cu-cai-tien/huong-dan-xay-dung-he-thong-haccp-thuy-san-chi-tiet/,2024-11-27T06:33:59,2026-05-18T09:49:22,Công cụ cải tiến,
Ph?m Vi?t Ph??ng,An to?n th?c ph?m/HACCP/ISO 22000,Trung b?nh,keyword,haccp,12906,Hướng dẫn đánh giá HACCP chi tiết,https://knacert.com.vn/cong-cu-cai-tien/huong-dan-danh-gia-haccp-chi-tiet/,2024-12-18T03:06:12,2026-05-18T09:49:41,Công cụ cải tiến,
Ph?m Vi?t Ph??ng,An to?n th?c ph?m/HACCP/ISO 22000,Trung b?nh,keyword,iso 22000,5458,Hạn cuối cùng cho Doanh Nghiệp Thực Phẩm chuyển đổi hệ thống sang ISO 22000:2018,https://knacert.com.vn/tin-tuc-tieu-chuan/han-cuoi-cung-cho-doanh-nghiep-thuc-pham-chuyen-doi-he-thong-sang-iso-220002018/,2021-03-13T02:01:52,2026-05-18T09:25:26,Tin Tức Tiêu Chuẩn,
Ph?m Vi?t Ph??ng,An to?n th?c ph?m/HACCP/ISO 22000,Trung b?nh,keyword,iso 22000,12953,Hệ thống ISO 22000 có điểm gì nổi bật?,https://knacert.com.vn/tin-tuc-tieu-chuan/he-thong-iso-22000-co-diem-gi-noi-bat/,2025-01-03T06:32:25,2026-05-18T09:36:10,Tin Tức Tiêu Chuẩn,
Ph?m Vi?t Ph??ng,An to?n th?c ph?m/HACCP/ISO 22000,Trung b?nh,keyword,haccp,11591,Hệ thống Quản lý Chất lượng HACCP – KNACERT,https://knacert.com.vn/tin-tuc-tieu-chuan/he-thong-quan-ly-chat-luong-haccp-knacert/,2024-10-09T03:57:03,2026-05-18T09:47:56,Tin Tức Tiêu Chuẩn,
Ph?m Vi?t Ph??ng,An to?n th?c ph?m/HACCP/ISO 22000,Trung b?nh,keyword,iso 22000,1195,Hệ thống tiêu chuẩn ISO 22000:2018: Cách tiếp cận dựa trên rủi ro,https://knacert.com.vn/tin-tuc-tieu-chuan/he-thong-tieu-chuan-iso-220002018-cach-tiep-can-dua-tren-rui-ro/,2018-05-17T02:29:38,2026-04-15T17:34:15,Tin Tức Tiêu Chuẩn,
Ph?m Vi?t Ph??ng,An to?n th?c ph?m/HACCP/ISO 22000,Trung b?nh,keyword,haccp,12770,Học chứng chỉ HACCP ở đâu? Tại sao nên lựa chọn học chứng chỉ HACCP tại KNA CERT?,https://knacert.com.vn/tin-tuc-dao-tao/hoc-chung-chi-haccp-o-dau-tai-sao-nen-lua-chon-hoc-chung-chi-haccp-tai-kna-cert/,2024-12-03T06:28:54,2026-05-18T09:36:01,Tin tức đào tạo,
Ph?m Vi?t Ph??ng,An to?n th?c ph?m/HACCP/ISO 22000,Trung b?nh,keyword,iso 22000,13494,Học ISO 22000 để làm gì? – Giải đáp thắc mắc,https://knacert.com.vn/tin-tuc-tieu-chuan/hoc-iso-22000-de-lam-gi-giai-dap-thac-mac/,2025-07-08T06:58:35,2026-05-18T09:49:59,Tin Tức Tiêu Chuẩn,
Ph?m Vi?t Ph??ng,An to?n th?c ph?m/HACCP/ISO 22000,Cao,keyword,iso 11290; listeria,13892,ISO 11290-1 là gì? Phương pháp ngang phát hiện và định lượng Listeria monocytogenes và Listeria spp.,https://knacert.com.vn/tin-tuc-tieu-chuan/iso-11290-1-la-gi-phuong-phap-ngang-phat-hien-va-dinh-luong-listeria-monocytogenes-va-listeria-spp/,2025-10-09T03:08:21,2026-04-15T17:38:08,Tin Tức Tiêu Chuẩn,
Ph?m Vi?t Ph??ng,An to?n th?c ph?m/HACCP/ISO 22000,Cao,keyword,iso 16140; vi sinh,13898,ISO 16140-3 là gì? Xác minh phương pháp vi sinh đã được xác nhận trong một phòng thí nghiệm duy nhất,https://knacert.com.vn/tin-tuc-tieu-chuan/iso-16140-3-la-gi-xac-minh-phuong-phap-vi-sinh-da-duoc-xac-nhan-trong-mot-phong-thi-nghiem-duy-nhat/,2025-10-09T03:36:14,2026-04-15T17:38:03,Tin Tức Tiêu Chuẩn,
Ph?m Vi?t Ph??ng,An to?n th?c ph?m/HACCP/ISO 22000,Trung b?nh,keyword,iso 22000,13463,ISO 22000 logo – Tìm hiểu thông tin cơ bản,https://knacert.com.vn/tin-tuc-tieu-chuan/iso-22000-logo-tim-hieu-thong-tin-co-ban/,2025-07-08T06:50:50,2025-11-21T05:43:23,Tin Tức Tiêu Chuẩn,
Ph?m Vi?t Ph??ng,An to?n th?c ph?m/HACCP/ISO 22000,Trung b?nh,keyword,iso 22000,13717,ISO 22000 là gì? Nền tảng an toàn thực phẩm trong thời đại mới,https://knacert.com.vn/tin-tuc-tieu-chuan/iso-22000-la-gi-nen-tang-an-toan-thuc-pham-trong-thoi-dai-moi/,2025-08-13T06:45:05,2026-04-15T17:39:00,Tin Tức Tiêu Chuẩn,
Ph?m Vi?t Ph??ng,An to?n th?c ph?m/HACCP/ISO 22000,Trung b?nh,keyword,iso 22000,9188,ISO 22000 phiên bản mới nhất là gì?,https://knacert.com.vn/tin-tuc-tieu-chuan/iso-22000-phien-ban-moi-nhat-la-gi/,2023-06-19T02:47:53,2026-05-18T09:33:07,Tin Tức Tiêu Chuẩn,
Ph?m Vi?t Ph??ng,An to?n th?c ph?m/HACCP/ISO 22000,Trung b?nh,keyword,iso 22000,12593,ISO 22000:2005 là gì ? Những điều doanh nghiệp cần biết về tiêu chuẩn ISO 22000:2005,https://knacert.com.vn/tin-tuc-tieu-chuan/iso-220002005-la-gi-nhung-dieu-doanh-nghiep-can-biet-ve-tieu-chuan-iso-220002005/,2024-11-26T06:25:23,2026-05-18T09:49:19,Tin Tức Tiêu Chuẩn,
Ph?m Vi?t Ph??ng,An to?n th?c ph?m/HACCP/ISO 22000,Trung b?nh,keyword,iso 22002,13900,"ISO 22002-1 là gì? Chương trình tiên quyết ATTP (Phần 100: Chuỗi cung ứng thực phẩm, Thức ăn chăn nuôi & Bao bì)",https://knacert.com.vn/tin-tuc-tieu-chuan/iso-22002-1-la-gi-chuong-trinh-tien-quyet-attp-phan-100-chuoi-cung-ung-thuc-pham-thuc-an-chan-nuoi-bao-bi/,2025-10-09T03:41:09,2026-04-15T17:38:01,Tin Tức Tiêu Chuẩn,
Ph?m Vi?t Ph??ng,An to?n th?c ph?m/HACCP/ISO 22000,Trung b?nh,keyword,iso 22002,13884,ISO 22002-1 là gì? Chương trình tiên quyết ATTP (Phần 1: Sản xuất thực phẩm),https://knacert.com.vn/tin-tuc-tieu-chuan/iso-22002-1-la-gi-chuong-trinh-tien-quyet-attp-phan-1-san-xuat-thuc-pham/,2025-09-23T09:14:12,2026-04-15T17:38:14,Tin Tức Tiêu Chuẩn,
Ph?m Vi?t Ph??ng,An to?n th?c ph?m/HACCP/ISO 22000,Trung b?nh,keyword,iso 22002,13885,ISO 22002-2 là gì? Chương trình tiên quyết cho Dịch vụ ăn uống đảm bảo ATTP,https://knacert.com.vn/tin-tuc-tieu-chuan/iso-22002-2-la-gi-chuong-trinh-tien-quyet-cho-dich-vu-an-uong-dam-bao-attp/,2025-09-23T09:59:22,2026-04-15T17:38:14,Tin Tức Tiêu Chuẩn,
Ph?m Vi?t Ph??ng,An to?n th?c ph?m/HACCP/ISO 22000,Trung b?nh,keyword,iso 22002,13895,ISO 22002-4 là gì? Chương trình tiên quyết ATTP cho Sản xuất bao bì (Phần 4),https://knacert.com.vn/tin-tuc-tieu-chuan/iso-22002-4-la-gi-chuong-trinh-tien-quyet-attp-cho-san-xuat-bao-bi-phan-4/,2025-10-09T03:20:36,2026-04-15T17:38:05,Tin Tức Tiêu Chuẩn,
Ph?m Vi?t Ph??ng,An to?n th?c ph?m/HACCP/ISO 22000,Trung b?nh,keyword,iso 22002,13896,ISO 22002-5 là gì? Tiêu chuẩn Vận chuyển & Lưu trữ đảm bảo an toàn thực phẩm,https://knacert.com.vn/tin-tuc-tieu-chuan/iso-22002-5-la-gi-tieu-chuan-van-chuyen-luu-tru-dam-bao-an-toan-thuc-pham/,2025-10-09T03:27:06,2026-04-15T17:38:04,Tin Tức Tiêu Chuẩn,
Ph?m Vi?t Ph??ng,An to?n th?c ph?m/HACCP/ISO 22000,Cao,keyword,iso 4833; vi sinh,13893,ISO 4833-1 là gì? Phương pháp ngang để đếm vi sinh vật học của chuỗi thức ăn ở 30 °C bằng kỹ thuật đổ đĩa,https://knacert.com.vn/tin-tuc-tieu-chuan/iso-4833-1-la-gi-phuong-phap-ngang-de-dem-vi-sinh-vat-hoc-cua-chuoi-thuc-an-o-30-c-bang-ky-thuat-do-dia/,2025-10-09T03:11:04,2026-04-15T17:38:07,Tin Tức Tiêu Chuẩn,
Ph?m Vi?t Ph??ng,An to?n th?c ph?m/HACCP/ISO 22000,Trung b?nh,keyword,vi sinh,13901,ISO 7218 là gì? Tiêu chuẩn Yêu cầu & hướng dẫn xét nghiệm vi sinh vật của chuỗi thực phẩm,https://knacert.com.vn/tin-tuc-tieu-chuan/iso-7218-la-gi-tieu-chuan-yeu-cau-huong-dan-xet-nghiem-vi-sinh-vat-cua-chuoi-thuc-pham/,2025-10-09T04:25:36,2026-04-15T17:38:01,Tin Tức Tiêu Chuẩn,
Ph?m Vi?t Ph??ng,An to?n th?c ph?m/HACCP/ISO 22000,Trung b?nh,keyword,haccp,12016,ISO 9001 và HACCP – Điểm giống và khác nhau,https://knacert.com.vn/tin-tuc-tieu-chuan/iso-9001-va-haccp-diem-giong-va-khac-nhau/,2024-11-04T01:58:09,2026-05-18T09:48:32,Tin Tức Tiêu Chuẩn,
Ph?m Vi?t Ph??ng,An to?n th?c ph?m/HACCP/ISO 22000,Cao,keyword,haccp; iso 22000,2433,KHOÁ HỌC NHẬN THỨC VÀ ĐÁNH GIÁ NỘI BỘ TÍCH HỢP VỀ THỰC PHẨM (HACCP,https://knacert.com.vn/tin-tuc-tieu-chuan/cac-yeu-cau-ve-con-nguoi-khi-thuc-hien-tieu-chuan-iso-22000-haccp/,2019-04-13T03:55:09,2025-11-21T05:02:07,"Tin tức, Tin Tức Tiêu Chuẩn",
Ph?m Vi?t Ph??ng,An to?n th?c ph?m/HACCP/ISO 22000,Cao,keyword,haccp; iso 22000,2801,"KHOÁ HỌC NHẬN THỨC VÀ ĐÁNH GIÁ NỘI BỘ TÍCH HỢP VỀ THỰC PHẨM (HACCP, ISO 22000)",https://knacert.com.vn/su-kien-va-chuong-trinh/khoa-hoc-nhan-thuc-va-danh-gia-noi-bo-tich-hop-ve-thuc-pham-haccp-iso-22000-brc/,2019-07-05T07:19:42,2026-05-18T13:07:00,Sự kiện & Chương trình,
Ph?m Vi?t Ph??ng,An to?n th?c ph?m/HACCP/ISO 22000,Trung b?nh,keyword,iso 22000,7118,Khó khăn khi áp dụng ISO 22000:2018,https://knacert.com.vn/tin-tuc-tieu-chuan/kho-khan-khi-ap-dung-iso-220002018/,2022-04-20T03:43:22,2026-05-18T09:29:14,Tin Tức Tiêu Chuẩn,
Ph?m Vi?t Ph??ng,An to?n th?c ph?m/HACCP/ISO 22000,Trung b?nh,keyword,iso 22000,3339,Khóa học Đào tạo Public miễn phí ISO 22000 tại Hà Nội diễn ra thành công,https://knacert.com.vn/tin-tuc-nganh-nghe/khoa-hoc-dao-tao-mien-phi-iso-22000-tai-ha-noi-dien-ra-thanh-cong/,2019-10-22T02:54:45,2026-05-21T09:06:39,"Tin tức ngành nghề, Tin Tức Nội Bộ KNA",
Ph?m Vi?t Ph??ng,An to?n th?c ph?m/HACCP/ISO 22000,Trung b?nh,keyword,iso 22000,2755,Khóa học Đào tạo Public miễn phí ISO 22000 tại Hà Nội diễn ra thành…,https://knacert.com.vn/tin-tuc-nganh-nghe/276-hoi-thao-ky-thuat-ve-thuc-hanh-trach-nhiem-xa-hoi-trong-doanh-nghiep/,2019-06-28T02:50:59,2025-11-21T05:04:29,"Tin tức, Tin tức ngành nghề, Tin Tức Tiêu Chuẩn",
Ph?m Vi?t Ph??ng,An to?n th?c ph?m/HACCP/ISO 22000,Trung b?nh,keyword,iso 22000,9092,Khóa học: “Hướng dẫn xây dựng Hệ thống quản lý An toàn thực phẩm  theo tiêu chuẩn ISO 22000:2018”,https://knacert.com.vn/tin-tuc-nganh-nghe/khoa-hoc-huong-dan-xay-dung-he-thong-quan-ly-an-toan-thuc-pham-theo-tieu-chuan-iso-220002018/,2023-05-26T04:06:13,2026-05-18T11:39:45,"Tin tức ngành nghề, Tin Tức Nội Bộ KNA, Tin Tức Tiêu Chuẩn",
Ph?m Vi?t Ph??ng,An to?n th?c ph?m/HACCP/ISO 22000,Trung b?nh,keyword,iso 22000,2463,Khóa đào tạo ISO 22000:2018 – Nhận thức và đánh giá viên nội bộ the…,https://knacert.com.vn/tin-tuc-nganh-nghe/dao-tao-bsci-cong-ty-cp-san-xuat-xuat-nhap-khau-hoang-long/,2019-04-17T02:27:23,2025-11-21T05:02:20,Tin tức ngành nghề,
Ph?m Vi?t Ph??ng,An to?n th?c ph?m/HACCP/ISO 22000,Trung b?nh,keyword,iso 22000,3424,Kinh nghiệm áp dụng ISO 22000:2018 thành công từ Nhựa Rạng Đông Long An,https://knacert.com.vn/tin-tuc-tieu-chuan/kinh-nghiem-ap-dung-iso-220002018-thanh-cong-tu-nhua-rang-dong-long-an/,2019-11-12T06:56:27,2026-02-06T07:02:38,Tin Tức Tiêu Chuẩn,
Ph?m Vi?t Ph??ng,An to?n th?c ph?m/HACCP/ISO 22000,Trung b?nh,keyword,iso 22000,3743,Kinh nghiệm áp dụng tiêu chuẩn ISO 22000 bài học từ Công ty Bảo An,https://knacert.com.vn/khach-hang/kinh-nghiem-ap-dung-tieu-chuan-iso-22000-bai-hoc-tu-cong-ty-bao-an/,2020-02-03T02:33:59,2026-05-18T09:23:13,Khách Hàng,
Ph?m Vi?t Ph??ng,An to?n th?c ph?m/HACCP/ISO 22000,Cao,keyword,fssc; brc,8170,KNA CERT đào tạo Tiêu chuẩn BRC/FSSC22000 và Kosher tại Sở Công Thương tỉnh Tây Ninh,https://knacert.com.vn/tin-tuc-dao-tao/kna-cert-dao-tao-tieu-chuan-brcfssc22000-va-kosher-tai-so-cong-thuong-tinh-tay-ninh/,2022-12-08T04:13:32,2026-02-06T07:09:07,Tin tức đào tạo,
Ph?m Vi?t Ph??ng,An to?n th?c ph?m/HACCP/ISO 22000,Trung b?nh,keyword,brc,3226,KNA CERT đánh giá Pre-audit BRC cho Công ty Cổ Phẩn Thủy Sản Năm Sao,https://knacert.com.vn/khach-hang/kna-cert-dao-tao-brc-cho-cong-ty-co-phan-thuy-san-nam-sao/,2019-09-24T06:30:45,2026-05-18T09:22:43,Khách Hàng,
Ph?m Vi?t Ph??ng,An to?n th?c ph?m/HACCP/ISO 22000,Trung b?nh,keyword,brc,2680,KNA CERT đánh giá Pre-audit BRC cho Công ty Cổ Phẩn Thủy Sản Năm Sa…,https://knacert.com.vn/tin-tuc-tieu-chuan/cai-thien-chi-so-chung-chi-iso-9001-iso-14001-cho-viet-nam/,2019-05-30T03:50:24,2025-11-21T05:03:38,"Tin tức, Tin Tức Tiêu Chuẩn",
Ph?m Vi?t Ph??ng,An to?n th?c ph?m/HACCP/ISO 22000,Trung b?nh,keyword,brc,3193,KNA CERT Đánh giá Pre-audit BRC/IOP cho Công Ty CP Sản Xuất Túi Nhựa Hà Nội,https://knacert.com.vn/khach-hang/kna-cert-dao-tao-brciop-cho-cong-ty-cp-san-xuat-tui-nhua-ha-noi/,2019-09-16T03:02:41,2026-05-18T09:22:42,Khách Hàng,khách hàng brc iop
Ph?m Vi?t Ph??ng,An to?n th?c ph?m/HACCP/ISO 22000,Trung b?nh,keyword,brc,2655,KNA CERT Đánh giá Pre-audit BRC/IOP cho Công Ty CP Sản Xuất Túi Nhự…,https://knacert.com.vn/tin-tuc-nganh-nghe/dao-tao-wrap-chi-nhanh-cong-ty-tnhh-sao-vang-tai-quynh-phu/,2019-05-27T02:35:49,2025-11-21T05:03:31,"Tin tức ngành nghề, Tin Tức Nội Bộ KNA",
Ph?m Vi?t Ph??ng,An to?n th?c ph?m/HACCP/ISO 22000,Cao,keyword,haccp; iso 22000,24598,"KNA CERT đánh giá Pre-audit HACCP, ISO 22000 về thực phẩm cho Công ty Cổ phần Chế biến Thực phẩm xuất khẩu G.O.C",https://knacert.com.vn/tin-tuc/kna-cert-tu-van-dao-tao-haccp-iso-22000-ve-thuc-pham-cho-cong-ty-co-phan-che-bien-thuc-pham-xuat-khau-goc/,2019-07-05T02:44:40,2026-05-18T09:38:03,"Tin tức, Tin Tức Nội Bộ KNA, Tin Tức Tiêu Chuẩn",
Ph?m Vi?t Ph??ng,An to?n th?c ph?m/HACCP/ISO 22000,Trung b?nh,keyword,brc,7837,KNA Triển khai khóa tập huấn Nhận thức chung về Hệ thống Quản lý An toàn Thực phẩm toàn cầu BRC FOOD ISSUE 9,https://knacert.com.vn/tin-tuc-dao-tao/kna-trien-khai-khoa-tap-huan-nhan-thuc-chung-ve-he-thong-quan-ly-an-toan-thuc-pham-toan-cau-brc-food-issue-9/,2022-10-14T03:05:59,2026-05-18T13:04:18,Tin tức đào tạo,
Ph?m Vi?t Ph??ng,An to?n th?c ph?m/HACCP/ISO 22000,Cao,keyword,haccp; iso 22000,10465,KNA đánh giá HACCP & ISO 22000 (Pre-audit) cho Công ty TNHH Ba Lan,https://knacert.com.vn/khach-hang/kna-danh-gia-haccp-iso-22000-pre-audit-cho-cong-ty-tnhh-ba-lan/,2024-05-02T02:13:01,2026-04-15T16:09:44,Khách Hàng,"khách hàng HACCP, khách hàng ISO 22000"
Ph?m Vi?t Ph??ng,An to?n th?c ph?m/HACCP/ISO 22000,Trung b?nh,keyword,iso 22000,10334,KNA đánh giá ISO 22000 (Pre-audit) cho Công ty CP Thực phẩm Hiệp Long – Hà Nội,https://knacert.com.vn/khach-hang/kna-danh-gia-iso-22000-pre-audit-cho-cong-ty-cp-thuc-pham-hiep-long-ha-noi/,2024-03-25T10:12:22,2026-02-06T07:12:07,Khách Hàng,
Ph?m Vi?t Ph??ng,An to?n th?c ph?m/HACCP/ISO 22000,Trung b?nh,keyword,haccp,11939,Kế hoạch thẩm tra HACCP là gì? Nội dung kế hoạch thẩm tra HACCP,https://knacert.com.vn/tin-tuc-tieu-chuan/ke-hoach-tham-tra-haccp-la-gi-noi-dung-ke-hoach-tham-tra-haccp/,2024-11-04T01:53:17,2026-05-18T09:48:23,Tin Tức Tiêu Chuẩn,
Ph?m Vi?t Ph??ng,An to?n th?c ph?m/HACCP/ISO 22000,Trung b?nh,keyword,iso 22000,3373,Kết thúc Khóa Đào tạo Public ISO 22000 tại Hồ Chí Minh ngày 25-26/10/2019,https://knacert.com.vn/tin-tuc-nganh-nghe/ket-thuc-khoa-dao-tao-iso-22000-tai-ho-chi-minh-ngay-25-26102019/,2019-10-27T03:29:01,2026-05-18T09:22:56,"Tin tức ngành nghề, Tin Tức Nội Bộ KNA",
Ph?m Vi?t Ph??ng,An to?n th?c ph?m/HACCP/ISO 22000,Trung b?nh,keyword,haccp,1277,List câu hỏi về HACCP – Hệ Thống Quản Lý An Toàn Thực Phẩm,https://knacert.com.vn/phat-trien-ben-vung/list-cau-hoi-ve-haccp-he-thong-quan-ly-an-toan-thuc-pham/,2018-06-04T04:02:43,2026-05-18T13:08:06,Phát triển bền vững,
Ph?m Vi?t Ph??ng,An to?n th?c ph?m/HACCP/ISO 22000,Trung b?nh,keyword,haccp,7740,Lịch sử hình thành HACCP,https://knacert.com.vn/tin-tuc-tieu-chuan/lich-su-hinh-thanh-haccp/,2022-09-28T04:08:17,2026-05-18T09:30:32,Tin Tức Tiêu Chuẩn,
Ph?m Vi?t Ph??ng,An to?n th?c ph?m/HACCP/ISO 22000,Trung b?nh,keyword,iso 22000,12309,Lịch sử hình thành và phát triển của ISO 22000,https://knacert.com.vn/tin-tuc-tieu-chuan/lich-su-hinh-thanh-va-phat-trien-cua-iso-22000/,2024-11-18T03:48:12,2026-05-18T09:48:51,Tin Tức Tiêu Chuẩn,
Ph?m Vi?t Ph??ng,An to?n th?c ph?m/HACCP/ISO 22000,Trung b?nh,keyword,haccp,9555,Lịch đào tạo Public Tháng 9 + 10 – KNA CERT,https://knacert.com.vn/tin-tuc-dao-tao/lich-dao-tao-public-thang-9-10-kna-cert/,2023-09-07T08:13:41,2026-05-18T11:37:14,Tin tức đào tạo,
Ph?m Vi?t Ph??ng,An to?n th?c ph?m/HACCP/ISO 22000,Trung b?nh,keyword,iso 22000,6967,Lợi ích của ISO 22000,https://knacert.com.vn/tin-tuc-tieu-chuan/loi-ich-cua-iso-22000/,2022-03-04T04:40:01,2026-05-18T11:07:20,Tin Tức Tiêu Chuẩn,
Ph?m Vi?t Ph??ng,An to?n th?c ph?m/HACCP/ISO 22000,Trung b?nh,keyword,haccp,24419,Lợi ích và tầm quan trọng của HACCP,https://knacert.com.vn/tin-tuc-tieu-chuan/loi-ich-va-tam-quan-trong-cua-haccp/,2019-04-14T09:33:04,2026-03-02T09:36:46,Tin Tức Tiêu Chuẩn,
Ph?m Vi?t Ph??ng,An to?n th?c ph?m/HACCP/ISO 22000,Cao,keyword,haccp; iso 22000; fssc,12033,Mối liên quan giữa FSSC 22000 và ISO 22000 và HACCP,https://knacert.com.vn/tin-tuc-tieu-chuan/moi-lien-quan-giua-fssc-22000-va-iso-22000-va-haccp/,2024-11-04T01:59:17,2026-05-18T09:48:33,Tin Tức Tiêu Chuẩn,
Ph?m Vi?t Ph??ng,An to?n th?c ph?m/HACCP/ISO 22000,Trung b?nh,keyword,iso 22000,7108,Một số câu hỏi đánh giá nội bộ ISO 22000,https://knacert.com.vn/tin-tuc-tieu-chuan/mot-so-cau-hoi-danh-gia-noi-bo-iso-22000/,2022-04-19T02:11:22,2026-05-18T09:29:11,Tin Tức Tiêu Chuẩn,
Ph?m Vi?t Ph??ng,An to?n th?c ph?m/HACCP/ISO 22000,Trung b?nh,keyword,haccp,12736,Mục đích của việc áp dụng HACCP là gì ?,https://knacert.com.vn/tin-tuc-tieu-chuan/muc-dich-cua-viec-ap-dung-haccp-la-gi/,2024-12-03T06:25:50,2026-05-18T09:49:29,Tin Tức Tiêu Chuẩn,
Ph?m Vi?t Ph??ng,An to?n th?c ph?m/HACCP/ISO 22000,Trung b?nh,keyword,fssc,3069,Nhiều Doanh Nghiệp Việt vinh dự đạt chứng nhận FSSC 22000,https://knacert.com.vn/tin-tuc-tieu-chuan/nhieu-doanh-nghiep-viet-vinh-du-dat-chung-nhan-fssc-22000/,2019-08-20T09:18:52,2026-05-18T09:22:30,Tin Tức Tiêu Chuẩn,
Ph?m Vi?t Ph??ng,An to?n th?c ph?m/HACCP/ISO 22000,Trung b?nh,keyword,gmp,7676,Nhiễm chéo là gì trong Thực hành sản xuất tốt GMP,https://knacert.com.vn/tin-tuc-tieu-chuan/nhiem-cheo-la-gi-trong-thuc-hanh-san-xuat-tot-gmp/,2022-09-15T03:54:45,2026-02-06T07:08:24,Tin Tức Tiêu Chuẩn,
Ph?m Vi?t Ph??ng,An to?n th?c ph?m/HACCP/ISO 22000,Trung b?nh,keyword,iso 22000,2157,Nhà máy nước giải khát Number One Hà Nam đạt chứng nhận ISO 22000,https://knacert.com.vn/tin-tuc-tieu-chuan/nha-may-nuoc-giai-khat-number-one-ha-nam-dat-chung-nhan-iso-22000/,2019-03-08T08:42:25,2026-05-18T09:21:37,Tin Tức Tiêu Chuẩn,
Ph?m Vi?t Ph??ng,An to?n th?c ph?m/HACCP/ISO 22000,Trung b?nh,keyword,haccp,11956,Những biện pháp kiểm soát của hệ thống HACCP hiệu quả,https://knacert.com.vn/tin-tuc-tieu-chuan/nhung-bien-phap-kiem-soat-cua-he-thong-haccp-hieu-qua/,2024-11-04T01:54:09,2026-05-18T09:48:24,Tin Tức Tiêu Chuẩn,
Ph?m Vi?t Ph??ng,An to?n th?c ph?m/HACCP/ISO 22000,Trung b?nh,keyword,iso 22000,1275,Những câu hỏi thông thường của tiêu chuẩn ISO 22000,https://knacert.com.vn/phat-trien-ben-vung/nhung-cau-hoi-thong-thuong-cua-tieu-chuan-iso-22000/,2018-05-31T06:45:49,2026-04-15T17:34:06,Phát triển bền vững,
Ph?m Vi?t Ph??ng,An to?n th?c ph?m/HACCP/ISO 22000,Trung b?nh,keyword,fssc,2578,Những Câu Hỏi Thường Gặp về Chứng Nhận FSSC 22000,https://knacert.com.vn/tin-tuc-tieu-chuan/nhung-cau-hoi-thuong-gap-ve-chung-nhan-fssc-22000/,2019-05-04T03:01:21,2026-05-18T13:07:09,Tin Tức Tiêu Chuẩn,
Ph?m Vi?t Ph??ng,An to?n th?c ph?m/HACCP/ISO 22000,Trung b?nh,keyword,iso 22000,1667,Những cải tiến quan trọng trong ISO 22000:2018 so với ISO 22000:2005,https://knacert.com.vn/tin-tuc-tieu-chuan/nhung-cai-tien-quan-trong-trong-iso-22000-2018-so-voi-iso-22000-2005/,2018-09-25T02:28:13,2026-05-18T09:21:00,Tin Tức Tiêu Chuẩn,
Ph?m Vi?t Ph??ng,An to?n th?c ph?m/HACCP/ISO 22000,Trung b?nh,keyword,haccp,12483,Những hồ sơ HACCP cần thiết để tiến hành chứng nhận,https://knacert.com.vn/tin-tuc-tieu-chuan/nhung-ho-so-haccp-can-thiet-de-tien-hanh-chung-nhan/,2024-11-21T06:35:28,2026-05-18T09:49:09,Tin Tức Tiêu Chuẩn,
Ph?m Vi?t Ph??ng,An to?n th?c ph?m/HACCP/ISO 22000,Trung b?nh,keyword,haccp,11970,Những kho xưởng đạt chuẩn HACCP tiêu biểu tại Việt Nam,https://knacert.com.vn/tin-tuc-tieu-chuan/nhung-kho-xuong-dat-chuan-haccp-tieu-bieu-tai-viet-nam/,2024-11-04T01:55:01,2026-05-18T09:48:26,Tin Tức Tiêu Chuẩn,
Ph?m Vi?t Ph??ng,An to?n th?c ph?m/HACCP/ISO 22000,Trung b?nh,keyword,haccp,12137,Những khó khăn khi áp dụng HACCP phổ biến,https://knacert.com.vn/tin-tuc-tieu-chuan/nhung-kho-khan-khi-ap-dung-haccp-pho-bien/,2024-11-11T02:06:42,2026-05-18T09:48:37,Tin Tức Tiêu Chuẩn,
Ph?m Vi?t Ph??ng,An to?n th?c ph?m/HACCP/ISO 22000,Trung b?nh,keyword,haccp,11971,Những nhà xưởng đạt chuẩn HACCP tại Việt Nam,https://knacert.com.vn/tin-tuc-tieu-chuan/nhung-nha-xuong-dat-chuan-haccp-tai-viet-nam/,2024-11-04T01:55:47,2026-05-18T09:48:27,Tin Tức Tiêu Chuẩn,
Ph?m Vi?t Ph??ng,An to?n th?c ph?m/HACCP/ISO 22000,Trung b?nh,keyword,haccp,12500,Những nội dung cần có khi làm hồ sơ HACCP,https://knacert.com.vn/tin-tuc-tieu-chuan/nhung-noi-dung-can-co-khi-lam-ho-so-haccp/,2024-11-21T06:36:04,2026-05-18T09:49:11,Tin Tức Tiêu Chuẩn,
Ph?m Vi?t Ph??ng,An to?n th?c ph?m/HACCP/ISO 22000,Trung b?nh,keyword,iso 22000,12908,Những rủi ro khi các doanh nghiệp chậm tiến hành ISO 22000:2018,https://knacert.com.vn/tin-tuc-tieu-chuan/nhung-rui-ro-khi-cac-doanh-nghiep-cham-tien-hanh-iso-220002018/,2024-12-18T03:09:33,2026-05-18T09:49:44,Tin Tức Tiêu Chuẩn,
Ph?m Vi?t Ph??ng,An to?n th?c ph?m/HACCP/ISO 22000,Trung b?nh,keyword,fssc,5515,Những Thay Đổi Chính Của FSSC 22000 Phiên Bản 5,https://knacert.com.vn/tin-tuc-tieu-chuan/nhung-thay-doi-chinh-cua-fssc-22000-phien-ban-5/,2021-03-19T03:31:32,2026-05-18T09:25:30,Tin Tức Tiêu Chuẩn,
Ph?m Vi?t Ph??ng,An to?n th?c ph?m/HACCP/ISO 22000,Trung b?nh,keyword,iso 22000,13522,Những thông tin chi tiết về cách thực hiện điều khoản 8.4.2 ISO 22000,https://knacert.com.vn/tin-tuc-tieu-chuan/nhung-thong-tin-chi-tiet-ve-cach-thuc-hien-dieu-khoan-842-iso-22000/,2025-07-10T10:35:58,2026-02-12T06:43:58,Tin Tức Tiêu Chuẩn,
Ph?m Vi?t Ph??ng,An to?n th?c ph?m/HACCP/ISO 22000,Trung b?nh,keyword,iso 22000,5685,Những Yêu cầu của Tiêu chuẩn ISO 22000:2018,https://knacert.com.vn/tin-tuc-tieu-chuan/nhung-yeu-cau-cua-tieu-chuan-iso-220002018/,2021-04-23T04:59:28,2026-05-18T09:25:53,Tin Tức Tiêu Chuẩn,
Ph?m Vi?t Ph??ng,An to?n th?c ph?m/HACCP/ISO 22000,Trung b?nh,keyword,haccp,13595,Những yêu cầu khi xây dựng hệ thống HACCP cho sản phẩm sữa,https://knacert.com.vn/tin-tuc-tieu-chuan/nhung-yeu-cau-khi-xay-dung-he-thong-haccp-cho-san-pham-sua/,2025-07-16T04:40:55,2026-05-18T09:51:02,Tin Tức Tiêu Chuẩn,
Ph?m Vi?t Ph??ng,An to?n th?c ph?m/HACCP/ISO 22000,Trung b?nh,keyword,haccp,11985,Những yêu cầu về nhà xưởng HACCP mà doanh nghiệp nên lưu ý,https://knacert.com.vn/tin-tuc-tieu-chuan/nhung-yeu-cau-ve-nha-xuong-haccp-ma-doanh-nghiep-nen-luu-y/,2024-11-04T01:56:31,2026-05-18T09:48:29,Tin Tức Tiêu Chuẩn,
Ph?m Vi?t Ph??ng,An to?n th?c ph?m/HACCP/ISO 22000,Trung b?nh,keyword,haccp,11841,Những điều kiện về con người trong HACCP,https://knacert.com.vn/tin-tuc-tieu-chuan/nhung-dieu-kien-ve-con-nguoi-trong-haccp/,2024-10-28T03:25:11,2026-05-18T09:48:14,Tin Tức Tiêu Chuẩn,
Ph?m Vi?t Ph??ng,An to?n th?c ph?m/HACCP/ISO 22000,Trung b?nh,keyword,haccp,13919,Những điều kiện đánh giá HACCP,https://knacert.com.vn/tin-tuc-tieu-chuan/nhung-dieu-kien-danh-gia-haccp/,2025-10-23T03:40:55,2026-05-18T09:51:25,Tin Tức Tiêu Chuẩn,
Ph?m Vi?t Ph??ng,An to?n th?c ph?m/HACCP/ISO 22000,Trung b?nh,keyword,brc,2428,Nên lựa chọn tiêu chuẩn GAP hay tiêu chuẩn BRC,https://knacert.com.vn/tin-tuc-tieu-chuan/nen-lua-chon-tieu-chuan-gap-hay-tieu-chuan-brc/,2019-04-12T04:35:52,2026-05-18T13:07:12,Tin Tức Tiêu Chuẩn,
Ph?m Vi?t Ph??ng,An to?n th?c ph?m/HACCP/ISO 22000,Trung b?nh,keyword,haccp,13528,Nội dung bài thi HACCP của KNA CERT,https://knacert.com.vn/tin-tuc-tieu-chuan/noi-dung-bai-thi-haccp-cua-kna-cert/,2025-07-11T04:18:01,2026-05-18T09:50:21,Tin Tức Tiêu Chuẩn,
Ph?m Vi?t Ph??ng,An to?n th?c ph?m/HACCP/ISO 22000,Trung b?nh,keyword,haccp,12821,Nội dung bài tập về HACCP mới nhất,https://knacert.com.vn/tin-tuc-tieu-chuan/noi-dung-bai-tap-ve-haccp-moi-nhat/,2024-12-03T06:31:32,2026-05-18T09:49:35,Tin Tức Tiêu Chuẩn,
Ph?m Vi?t Ph??ng,An to?n th?c ph?m/HACCP/ISO 22000,Trung b?nh,keyword,haccp,12120,Nội dung của tiêu chuẩn HACCP – Phân tích chi tiết,https://knacert.com.vn/tin-tuc-tieu-chuan/noi-dung-cua-tieu-chuan-haccp-phan-tich-chi-tiet/,2024-11-11T02:03:31,2026-05-18T09:48:35,Tin Tức Tiêu Chuẩn,
Ph?m Vi?t Ph??ng,An to?n th?c ph?m/HACCP/ISO 22000,Trung b?nh,keyword,haccp,11858,Nội dung hồ sơ thẩm tra HACCP – Vai trò và những điều cần biết,https://knacert.com.vn/tin-tuc-tieu-chuan/noi-dung-ho-so-tham-tra-haccp-vai-tro-va-nhung-dieu-can-biet/,2024-10-28T03:26:04,2026-05-18T09:48:15,Tin Tức Tiêu Chuẩn,
Ph?m Vi?t Ph??ng,An to?n th?c ph?m/HACCP/ISO 22000,Trung b?nh,keyword,haccp,13449,Nội dung kiểm soát của hệ thống HACCP – Những lưu ý đối với doanh nghiệp,https://knacert.com.vn/tin-tuc-tieu-chuan/noi-dung-kiem-soat-cua-he-thong-haccp-nhung-luu-y-doi-voi-doanh-nghiep/,2025-07-08T06:48:11,2026-05-18T09:49:58,Tin Tức Tiêu Chuẩn,
Ph?m Vi?t Ph??ng,An to?n th?c ph?m/HACCP/ISO 22000,Trung b?nh,keyword,haccp,12264,Nội dung tổng quan về bảng hỏi kiểm định HACCP,https://knacert.com.vn/tin-tuc-tieu-chuan/noi-dung-tong-quan-ve-bang-hoi-kiem-dinh-haccp/,2024-11-15T02:45:16,2026-05-18T09:48:46,Tin Tức Tiêu Chuẩn,
Ph?m Vi?t Ph??ng,An to?n th?c ph?m/HACCP/ISO 22000,Trung b?nh,keyword,iso 22000,12660,Nội dung điều khoản 5 của ISO 22000: Sự lãnh đạo trong Hệ thống quản lý an toàn thực phẩm,https://knacert.com.vn/tin-tuc-tieu-chuan/noi-dung-dieu-khoan-5-cua-iso-22000-su-lanh-dao-trong-he-thong-quan-ly-an-toan-thuc-pham/,2024-11-28T06:13:10,2026-05-18T09:49:25,Tin Tức Tiêu Chuẩn,
Ph?m Vi?t Ph??ng,An to?n th?c ph?m/HACCP/ISO 22000,Trung b?nh,keyword,iso 22000,13521,Nội dung điều khoản 7.2 của ISO 22000,https://knacert.com.vn/tin-tuc-tieu-chuan/noi-dung-dieu-khoan-72-cua-iso-22000-2/,2025-07-10T10:31:55,2026-05-18T09:50:15,Tin Tức Tiêu Chuẩn,
Ph?m Vi?t Ph??ng,An to?n th?c ph?m/HACCP/ISO 22000,Trung b?nh,keyword,iso 22000,12970,Nội dung điều khoản 7.2 của ISO 22000,https://knacert.com.vn/tin-tuc-tieu-chuan/noi-dung-dieu-khoan-72-cua-iso-22000/,2025-01-03T06:38:05,2026-05-18T09:49:46,Tin Tức Tiêu Chuẩn,
Ph?m Vi?t Ph??ng,An to?n th?c ph?m/HACCP/ISO 22000,Trung b?nh,keyword,haccp,11577,OPRP trong HACCP – Chương trình vận hành Tiên Quyết,https://knacert.com.vn/tin-tuc-tieu-chuan/oprp-trong-haccp-chuong-trinh-van-hanh-tien-quyet/,2024-10-09T03:55:39,2026-05-18T09:47:55,Tin Tức Tiêu Chuẩn,
Ph?m Vi?t Ph??ng,An to?n th?c ph?m/HACCP/ISO 22000,Trung b?nh,keyword,iso 22000,1356,Phiên bản ISO 22000:2018 chính thức ban hành thay cho phiên bản 2005,https://knacert.com.vn/tin-tuc-tieu-chuan/phien-ban-iso-220002018-chinh-thuc-ban-hanh-thay-cho-phien-ban-2005/,2018-06-20T07:22:21,2025-11-21T04:55:52,Tin Tức Tiêu Chuẩn,
Ph?m Vi?t Ph??ng,An to?n th?c ph?m/HACCP/ISO 22000,Trung b?nh,keyword,haccp,11875,Phạm vi áp dụng của HACCP là gì?,https://knacert.com.vn/tin-tuc-tieu-chuan/pham-vi-ap-dung-cua-haccp-la-gi/,2024-10-28T03:26:45,2026-05-18T09:48:16,Tin Tức Tiêu Chuẩn,
Ph?m Vi?t Ph??ng,An to?n th?c ph?m/HACCP/ISO 22000,Trung b?nh,keyword,haccp,11757,Quy trình thẩm định thẩm tra HACCP và những lưu ý,https://knacert.com.vn/cong-cu-cai-tien/quy-trinh-tham-dinh-tham-tra-haccp-va-nhung-luu-y/,2024-10-21T03:36:54,2026-05-18T09:48:07,Công cụ cải tiến,
Ph?m Vi?t Ph??ng,An to?n th?c ph?m/HACCP/ISO 22000,Trung b?nh,keyword,haccp,24546,Quy trình thực hiện thành công HACCP cho Doanh Nghiệp,https://knacert.com.vn/tin-tuc-tieu-chuan/quy-trinh-thuc-hien-thanh-cong-haccp-cho-doanh-nghiep/,2026-03-05T02:41:40,2026-04-15T17:37:40,Tin Tức Tiêu Chuẩn,
Ph?m Vi?t Ph??ng,An to?n th?c ph?m/HACCP/ISO 22000,Trung b?nh,keyword,haccp,12753,Quy trình thực hiện vệ sinh nhà xưởng HACCP,https://knacert.com.vn/cong-cu-cai-tien/quy-trinh-thuc-hien-ve-sinh-nha-xuong-haccp/,2024-12-03T06:28:08,2026-05-18T09:49:31,Công cụ cải tiến,
Ph?m Vi?t Ph??ng,An to?n th?c ph?m/HACCP/ISO 22000,Cao,keyword,haccp; brc,6307,So sánh BRC và HACCP,https://knacert.com.vn/tin-tuc-tieu-chuan/so-sanh-brc-va-haccp/,2021-07-13T07:08:51,2026-05-18T09:26:57,Tin Tức Tiêu Chuẩn,
Ph?m Vi?t Ph??ng,An to?n th?c ph?m/HACCP/ISO 22000,Cao,keyword,iso 22000; brc,13420,"So sánh hai tiêu chuẩn BRC, ISO 22000",https://knacert.com.vn/tin-tuc-tieu-chuan/so-sanh-hai-tieu-chuan-brc-iso-22000/,2025-07-08T03:51:23,2026-05-18T09:49:53,Tin Tức Tiêu Chuẩn,
Ph?m Vi?t Ph??ng,An to?n th?c ph?m/HACCP/ISO 22000,Trung b?nh,keyword,iso 22000,5549,So sánh ISO 9001 và ISO 22000,https://knacert.com.vn/tin-tuc-tieu-chuan/so-sanh-iso-9001-va-iso-22000/,2021-03-25T10:08:32,2026-05-18T13:06:13,Tin Tức Tiêu Chuẩn,
Ph?m Vi?t Ph??ng,An to?n th?c ph?m/HACCP/ISO 22000,Trung b?nh,keyword,haccp,13558,So sánh SSOP và HACCP,https://knacert.com.vn/tin-tuc-tieu-chuan/so-sanh-ssop-va-haccp/,2025-07-15T10:10:43,2026-05-18T09:50:56,Tin Tức Tiêu Chuẩn,
Ph?m Vi?t Ph??ng,An to?n th?c ph?m/HACCP/ISO 22000,Cao,keyword,haccp; gmp,6036,SSOP là gì? Tổng quan 11 quy phạm vệ sinh chuẩn,https://knacert.com.vn/cong-cu-cai-tien/tieu-chuan-ssop-la-gi-cac-quy-pham-ve-sinh-chuan/,2021-06-15T14:33:26,2026-04-25T16:51:38,Công cụ cải tiến,"GMP, HACCP, SSOP"
Ph?m Vi?t Ph??ng,An to?n th?c ph?m/HACCP/ISO 22000,Trung b?nh,keyword,haccp,12278,Sơ đồ khối của HACCP là gì? Hướng dẫn xây dựng sơ đồ theo HACCP,https://knacert.com.vn/cong-cu-cai-tien/so-do-khoi-cua-haccp-la-gi-huong-dan-xay-dung-so-do-theo-haccp/,2024-11-15T02:45:58,2026-05-18T09:48:48,Công cụ cải tiến,
Ph?m Vi?t Ph??ng,An to?n th?c ph?m/HACCP/ISO 22000,Trung b?nh,keyword,iso 22000,5799,Sổ tay an toàn thực phẩm ISO 22000:2018,https://knacert.com.vn/tin-tuc-tieu-chuan/so-tay-an-toan-thuc-pham-iso-220002018/,2021-05-07T07:09:56,2026-05-18T09:26:07,Tin Tức Tiêu Chuẩn,
Ph?m Vi?t Ph??ng,An to?n th?c ph?m/HACCP/ISO 22000,Cao,keyword,iso 22000; fssc,1819,Sự Khác Nhau Giữa Chứng Nhận ISO 22000 và FSSC 22000,https://knacert.com.vn/phat-trien-ben-vung/su-khac-nhau-giua-chung-nhan-iso-22000-va-fssc-22000/,2018-11-07T08:05:16,2026-05-18T09:21:13,Phát triển bền vững,
Ph?m Vi?t Ph??ng,An to?n th?c ph?m/HACCP/ISO 22000,Cao,keyword,haccp; iso 22000,4489,Sự khác nhau giữa ISO 22000 và HACCP là gì ? Nên chọn chứng nhận 1 hay cả 2 ?,https://knacert.com.vn/tin-tuc-tieu-chuan/khac-biet-giua-iso-22000-va-haccp-la-gi-nen-chon-chung-nhan-1-hay-ca-2/,2020-07-01T02:50:54,2026-05-18T09:24:25,Tin Tức Tiêu Chuẩn,
Ph?m Vi?t Ph??ng,An to?n th?c ph?m/HACCP/ISO 22000,Cao,keyword,haccp; iso 22000,5355,"Sự khác nhau giữa OPRP, PRP, CCP trong Hệ thống quản lý an toàn thực phẩm",https://knacert.com.vn/tin-tuc-tieu-chuan/so-sanh-su-khac-nhau-giua-oprp-prp-ccp/,2021-02-03T02:18:17,2026-04-24T11:33:13,Tin Tức Tiêu Chuẩn,"CCP, HACCP, ISO 22000, OPRP, PRP"
Ph?m Vi?t Ph??ng,An to?n th?c ph?m/HACCP/ISO 22000,Trung b?nh,keyword,iso 22000,13633,SỰ KHÔNG PHÙ HỢP THEO ISO 22000 LÀ GÌ? – HƯỚNG DẪN KHẮC PHỤC,https://knacert.com.vn/tin-tuc-tieu-chuan/su-khong-phu-hop-theo-iso-22000-la-gi/,2025-07-16T07:05:04,2026-05-18T09:51:06,Tin Tức Tiêu Chuẩn,
Ph?m Vi?t Ph??ng,An to?n th?c ph?m/HACCP/ISO 22000,Trung b?nh,keyword,iso 22000,10902,Sự ra đời và Phát triển ISO 9001,https://knacert.com.vn/tin-tuc-tieu-chuan/su-ra-doi-va-phat-trien-iso-9001/,2024-07-16T03:30:35,2026-05-18T09:47:02,Tin Tức Tiêu Chuẩn,
Ph?m Vi?t Ph??ng,An to?n th?c ph?m/HACCP/ISO 22000,Trung b?nh,keyword,brc,3602,Thương hiệu thịt MEATDeli đạt chứng nhận tiêu chuẩn BRC,https://knacert.com.vn/tin-tuc-tieu-chuan/thuong-hieu-thit-meatdeli-dat-chung-nhan-tieu-chuan-brc/,2019-12-13T02:10:09,2026-02-06T07:02:44,Tin Tức Tiêu Chuẩn,
Ph?m Vi?t Ph??ng,An to?n th?c ph?m/HACCP/ISO 22000,Trung b?nh,keyword,haccp,7322,Thẩm tra và thẩm định trong HACCP,https://knacert.com.vn/tin-tuc-tieu-chuan/tham-tra-va-tham-dinh-trong-haccp/,2022-06-15T03:58:15,2026-05-18T09:29:38,Tin Tức Tiêu Chuẩn,
Ph?m Vi?t Ph??ng,An to?n th?c ph?m/HACCP/ISO 22000,Trung b?nh,keyword,haccp,11999,Thời gian thẩm tra HACCP là bao lâu? Những khó khăn thường gặp khi thực hiện thẩm tra HACCP,https://knacert.com.vn/tin-tuc-tieu-chuan/thoi-gian-tham-tra-haccp-la-bao-lau-nhung-kho-khan-thuong-gap-khi-thuc-hien-tham-tra-haccp/,2024-11-04T01:57:24,2026-05-18T09:48:30,Tin Tức Tiêu Chuẩn,
Ph?m Vi?t Ph??ng,An to?n th?c ph?m/HACCP/ISO 22000,Trung b?nh,keyword,haccp,12295,Thời hạn của giấy chứng nhận HACCP là bao lâu? Cách để duy trì chứng chỉ HACCP,https://knacert.com.vn/tin-tuc-tieu-chuan/thoi-han-cua-giay-chung-nhan-haccp-la-bao-lau-cach-de-duy-tri-chung-chi-haccp/,2024-11-15T02:46:45,2026-05-18T09:48:49,Tin Tức Tiêu Chuẩn,
Ph?m Vi?t Ph??ng,An to?n th?c ph?m/HACCP/ISO 22000,Trung b?nh,keyword,gmp,8528,Thực hành sản xuất tốt GMP trong thực phẩm,https://knacert.com.vn/tin-tuc-tieu-chuan/thuc-hanh-san-xuat-tot-gmp-trong-thuc-pham/,2023-03-02T10:30:06,2026-05-18T09:31:56,Tin Tức Tiêu Chuẩn,
Ph?m Vi?t Ph??ng,An to?n th?c ph?m/HACCP/ISO 22000,Trung b?nh,keyword,haccp,11709,Thực trạng áp dụng HACCP tại Việt Nam hiện nay,https://knacert.com.vn/tin-tuc-tieu-chuan/thuc-trang-ap-dung-haccp-tai-viet-nam-hien-nay/,2024-10-21T03:20:05,2026-05-18T09:48:03,Tin Tức Tiêu Chuẩn,
Ph?m Vi?t Ph??ng,An to?n th?c ph?m/HACCP/ISO 22000,Trung b?nh,keyword,brc,5857,Tiêu chuẩn BRC Food Issue 8 – Cập nhật những thay đổi mới ?,https://knacert.com.vn/tin-tuc-tieu-chuan/tieu-chuan-brc-food-issue-8-cap-nhat-nhung-thay-doi-moi/,2021-05-17T09:11:15,2026-02-06T07:05:29,Tin Tức Tiêu Chuẩn,
Ph?m Vi?t Ph??ng,An to?n th?c ph?m/HACCP/ISO 22000,Trung b?nh,keyword,brc,1682,Tiêu chuẩn BRC là gì ? Hệ thống An toàn thực phẩm Quốc tế,https://knacert.com.vn/phat-trien-ben-vung/nhung-cau-hoi-tuong-gap-ve-tieu-chuan-brc-an-toan-thuc-pham/,2018-10-02T04:27:50,2026-05-18T11:07:11,Phát triển bền vững,
Ph?m Vi?t Ph??ng,An to?n th?c ph?m/HACCP/ISO 22000,Trung b?nh,keyword,brc,8660,Tiêu chuẩn BRC phiên bản 9 PDF,https://knacert.com.vn/tin-tuc-tieu-chuan/tieu-chuan-brc-phien-ban-8-pdf/,2023-03-22T08:30:27,2026-05-18T09:32:12,Tin Tức Tiêu Chuẩn,
Ph?m Vi?t Ph??ng,An to?n th?c ph?m/HACCP/ISO 22000,Trung b?nh,keyword,fssc,2632,Tiêu chuẩn FSSC 22000 phiên bản 4.1 có gì mới?,https://knacert.com.vn/tin-tuc-tieu-chuan/tieu-chuan-fssc-22000-phien-ban-41-co-gi-moi/,2019-05-21T02:27:39,2026-05-18T13:07:06,Tin Tức Tiêu Chuẩn,
Ph?m Vi?t Ph??ng,An to?n th?c ph?m/HACCP/ISO 22000,Trung b?nh,keyword,gmp,5913,Tiêu Chuẩn GMP Trong Sản Xuất Thuốc,https://knacert.com.vn/tin-tuc-tieu-chuan/tieu-chuan-gmp-trong-san-xuat-thuoc/,2021-06-04T02:38:19,2026-05-18T09:26:21,Tin Tức Tiêu Chuẩn,
Ph?m Vi?t Ph??ng,An to?n th?c ph?m/HACCP/ISO 22000,Trung b?nh,keyword,haccp,5438,Tiêu chuẩn HACCP pdf – Hệ thống quản lý chất lượng an toàn thực phẩm,https://knacert.com.vn/tin-tuc-tieu-chuan/tieu-chuan-haccp-pdf/,2021-03-09T04:46:12,2026-05-18T13:06:17,Tin Tức Tiêu Chuẩn,
Ph?m Vi?t Ph??ng,An to?n th?c ph?m/HACCP/ISO 22000,Trung b?nh,keyword,ifs,1805,Tiêu chuẩn IFS Food là gì ? Đào tạo IFS Food đạt chứng nhận Quốc tế,https://knacert.com.vn/tin-tuc-dao-tao/chuyen-gia-vach-5-giai-phap-nang-cao-nang-suat-lao-dong-cho-doanh-nghiep/,2018-11-02T02:55:56,2026-02-06T07:01:06,Tin tức đào tạo,
Ph?m Vi?t Ph??ng,An to?n th?c ph?m/HACCP/ISO 22000,Trung b?nh,keyword,ifs,8316,Tiêu chuẩn IFS phiên bản 7 PDF,https://knacert.com.vn/tin-tuc-tieu-chuan/tieu-chuan-ifs-phien-ban-7-pdf/,2023-01-10T06:58:20,2026-05-18T09:31:36,Tin Tức Tiêu Chuẩn,
Ph?m Vi?t Ph??ng,An to?n th?c ph?m/HACCP/ISO 22000,Cao,keyword,iso 16140; vi sinh,5283,Tiêu chuẩn ISO 16140 an toàn thực phẩm và vấn đề thức ăn chăn nuôi,https://knacert.com.vn/tin-tuc-tieu-chuan/tieu-chuan-iso-16140-an-toan-thuc-pham-va-van-de-thuc-an-chan-nuoi/,2021-01-20T08:40:11,2026-02-06T07:04:40,Tin Tức Tiêu Chuẩn,
Ph?m Vi?t Ph??ng,An to?n th?c ph?m/HACCP/ISO 22000,Trung b?nh,keyword,iso 22000,5583,Tiêu chuẩn ISO 22000 pdf – Tiêu chuẩn ISO về vệ sinh an toàn thực phẩm,https://knacert.com.vn/tin-tuc-tieu-chuan/tieu-chuan-iso-22000-pdf/,2021-03-29T03:00:36,2026-05-18T13:06:04,Tin Tức Tiêu Chuẩn,
Ph?m Vi?t Ph??ng,An to?n th?c ph?m/HACCP/ISO 22000,Trung b?nh,keyword,iso 22000,10460,Tiêu chuẩn ISO 22000 – nâng cao sức cạnh tranh cho doanh nghiệp,https://knacert.com.vn/tin-tuc-tieu-chuan/tieu-chuan-iso-22000-nang-cao-suc-canh-tranh-cho-doanh-nghiep/,2024-04-26T03:30:13,2026-02-06T07:12:32,Tin Tức Tiêu Chuẩn,
Ph?m Vi?t Ph??ng,An to?n th?c ph?m/HACCP/ISO 22000,Trung b?nh,keyword,iso 22000,1876,"Tiêu chuẩn ISO 22000 ‘bệ đỡ’ cho sản phẩm thực phẩm an toàn, chất lượng",https://knacert.com.vn/tin-tuc-tieu-chuan/tieu-chuan-iso-22000-be-do-cho-san-pham-thuc-pham-an-toan-chat-luong/,2018-11-23T02:24:58,2026-05-18T13:07:31,Tin Tức Tiêu Chuẩn,
Ph?m Vi?t Ph??ng,An to?n th?c ph?m/HACCP/ISO 22000,Trung b?nh,keyword,iso 22000,6292,Tiêu Chuẩn ISO 22000:2018 : Hệ Thống Quản Lý An Toàn Thực Phẩm,https://knacert.com.vn/tin-tuc-tieu-chuan/tieu-chuan-iso-220002018-he-thong-quan-ly-an-toan-thuc-pham/,2021-07-13T02:44:20,2026-05-18T09:26:55,Tin Tức Tiêu Chuẩn,
Ph?m Vi?t Ph??ng,An to?n th?c ph?m/HACCP/ISO 22000,Trung b?nh,keyword,iso 22000,4598,Tiêu Chuẩn ISO 22000:2018 : Hệ Thống Quản Lý An Toàn Thực Phẩm,https://knacert.com.vn/tin-tuc-tieu-chuan/phan-loai-thiet-bi-y-te-va-dinh-tuyen-cua-chung-de-danh-dau-ce/,2020-07-23T10:07:30,2026-02-06T07:03:53,Tin Tức Tiêu Chuẩn,
Ph?m Vi?t Ph??ng,An to?n th?c ph?m/HACCP/ISO 22000,Trung b?nh,keyword,iso 22000,5377,Tiêu chuẩn ISO 22000:2018 những điểm mới so với ISO 22000:2005,https://knacert.com.vn/tin-tuc-tieu-chuan/tieu-chuan-iso-220002018-nhung-diem-moi-so-voi-iso-220002005/,2021-02-22T10:16:38,2026-05-18T09:25:12,Tin Tức Tiêu Chuẩn,
Ph?m Vi?t Ph??ng,An to?n th?c ph?m/HACCP/ISO 22000,Trung b?nh,keyword,iso 22000,4041,Tiêu chuẩn ISO 22000:2018 những điểm mới so với ISO 22000:2005,https://knacert.com.vn/tin-tuc-tieu-chuan/tao-su-khac-biet-trong-quan-ly-chat-luong-cho-to-chuc-voi-iso-100182020/,2020-04-27T08:13:29,2026-02-06T07:03:13,Tin Tức Tiêu Chuẩn,
Ph?m Vi?t Ph??ng,An to?n th?c ph?m/HACCP/ISO 22000,Trung b?nh,keyword,iso 22000,4018,Tiết kiệm chi phí và thời gian khi áp dụng tiêu chuẩn ISO 22000,https://knacert.com.vn/tin-tuc-tieu-chuan/tiet-kiem-chi-phi-va-thoi-gian-khi-ap-dung-tieu-chuan-iso-22000/,2020-04-20T05:02:11,2026-05-18T09:23:36,Tin Tức Tiêu Chuẩn,
Ph?m Vi?t Ph??ng,An to?n th?c ph?m/HACCP/ISO 22000,Trung b?nh,keyword,gmp,5921,Tài liệu tiêu chuẩn GMP – Hướng dẫn thực hành tốt sản xuất thuốc,https://knacert.com.vn/cong-cu-cai-tien/tai-lieu-tieu-chuan-gmp-pdf/,2021-06-04T02:59:08,2026-05-18T13:05:53,Công cụ cải tiến,
Ph?m Vi?t Ph??ng,An to?n th?c ph?m/HACCP/ISO 22000,Trung b?nh,keyword,iso 22000,12971,Tìm hiểu chi tiết về ISO 22000 điều khoản 7.1 về Nguồn lực trong FSMS,https://knacert.com.vn/tin-tuc-tieu-chuan/tim-hieu-chi-tiet-ve-iso-22000-dieu-khoan-71-ve-nguon-luc-trong-fsms/,2025-01-03T06:38:58,2026-04-15T14:54:53,Tin Tức Tiêu Chuẩn,
Ph?m Vi?t Ph??ng,An to?n th?c ph?m/HACCP/ISO 22000,Trung b?nh,keyword,haccp,12638,Tìm hiểu câu hỏi trắc nghiệm về HACCP,https://knacert.com.vn/tin-tuc-tieu-chuan/tim-hieu-cau-hoi-trac-nghiem-ve-haccp/,2024-11-27T06:38:49,2026-05-18T09:49:23,Tin Tức Tiêu Chuẩn,
Ph?m Vi?t Ph??ng,An to?n th?c ph?m/HACCP/ISO 22000,Trung b?nh,keyword,haccp,11652,Tìm hiểu về Nhân viên chuyên trách HACCP,https://knacert.com.vn/tin-tuc-tieu-chuan/tim-hieu-ve-nhan-vien-chuyen-trach-haccp/,2024-10-14T08:10:04,2026-05-18T09:48:01,Tin Tức Tiêu Chuẩn,
Ph?m Vi?t Ph??ng,An to?n th?c ph?m/HACCP/ISO 22000,Trung b?nh,keyword,haccp,13907,TƯ VẤN THIẾT KẾ NHÀ XƯỞNG THEO HACCP GỒM NHỮNG TIÊU CHÍ GÌ?,https://knacert.com.vn/tin-tuc-tieu-chuan/tu-van-thiet-ke-nha-xuong-theo-haccp-gom-nhung-tieu-chi-gi/,2025-10-22T01:34:28,2026-05-18T09:51:12,Tin Tức Tiêu Chuẩn,
Ph?m Vi?t Ph??ng,An to?n th?c ph?m/HACCP/ISO 22000,Cao,keyword,iso 22000; gmp,13419,Tương quan khác biệt giữa ISO 22000 và GMP,https://knacert.com.vn/tin-tuc-tieu-chuan/tuong-quan-khac-biet-giua-iso-22000-va-gmp/,2025-07-08T03:45:55,2026-05-18T09:49:51,Tin Tức Tiêu Chuẩn,
Ph?m Vi?t Ph??ng,An to?n th?c ph?m/HACCP/ISO 22000,Trung b?nh,keyword,iso 22000,5386,Tại sao Chứng nhận ISO 22000 là một nhu cầu toàn cầu ?,https://knacert.com.vn/tin-tuc-tieu-chuan/tai-sao-chung-nhan-iso-22000-la-mot-nhu-cau-toan-cau/,2021-02-24T07:41:48,2026-02-06T07:04:47,Tin Tức Tiêu Chuẩn,
Ph?m Vi?t Ph??ng,An to?n th?c ph?m/HACCP/ISO 22000,Trung b?nh,keyword,haccp,11889,Tại sao những doanh nghiệp thực phẩm phải áp dụng HACCP?,https://knacert.com.vn/tin-tuc-tieu-chuan/tai-sao-nhung-doanh-nghiep-thuc-pham-phai-ap-dung-haccp/,2024-10-28T03:27:26,2026-05-18T09:48:18,Tin Tức Tiêu Chuẩn,
Ph?m Vi?t Ph??ng,An to?n th?c ph?m/HACCP/ISO 22000,Trung b?nh,keyword,fssc,13887,Tải FSSC 22000 PDF Tiếng Việt | Tiêu Chuẩn FSSC 22000 Phiên Bản 6,https://knacert.com.vn/tin-tuc-tieu-chuan/tai-fssc-22000-pdf-tieng-viet-tieu-chuan-fssc-22000-phien-ban-6/,2025-10-09T02:44:21,2026-04-15T17:38:12,Tin Tức Tiêu Chuẩn,
Ph?m Vi?t Ph??ng,An to?n th?c ph?m/HACCP/ISO 22000,Trung b?nh,keyword,iso 22000,13917,TẦM QUAN TRỌNG KHI ÁP DỤNG ISO 22000 ĐỐI VỚI DOANH NGHIỆP TRONG CHUỖI CUNG ỨNG THỰC PHẨM,https://knacert.com.vn/tin-tuc-tieu-chuan/tam-quan-trong-khi-ap-dung-iso-22000-doi-voi-doanh-nghiep-trong-chuoi-cung-ung-thuc-pham/,2025-10-23T03:09:42,2026-05-18T09:51:22,Tin Tức Tiêu Chuẩn,
Ph?m Vi?t Ph??ng,An to?n th?c ph?m/HACCP/ISO 22000,Trung b?nh,keyword,brc,1690,Tổ chức nào đánh giá chứng nhận BRC uy tín nhất ?,https://knacert.com.vn/phat-trien-ben-vung/to-chuc-nao-tu-van-dao-tao-brc-uy-tin-nhat/,2018-10-02T06:07:38,2026-05-18T09:21:05,Phát triển bền vững,
Ph?m Vi?t Ph??ng,An to?n th?c ph?m/HACCP/ISO 22000,Trung b?nh,keyword,iso 22000,13421,Tổng quan bài thi ISO 22000,https://knacert.com.vn/tin-tuc-tieu-chuan/tong-quan-bai-thi-iso-22000/,2025-07-08T04:11:14,2026-05-18T09:49:54,Tin Tức Tiêu Chuẩn,
Ph?m Vi?t Ph??ng,An to?n th?c ph?m/HACCP/ISO 22000,Trung b?nh,keyword,haccp,12804,Tổng quan về báo cáo đánh giá nhà máy theo HACCP,https://knacert.com.vn/tin-tuc-tieu-chuan/tong-quan-ve-bao-cao-danh-gia-nha-may-theo-haccp/,2024-12-03T06:30:34,2026-05-18T09:49:34,Tin Tức Tiêu Chuẩn,
Ph?m Vi?t Ph??ng,An to?n th?c ph?m/HACCP/ISO 22000,Trung b?nh,keyword,haccp,8135,Xây dựng Kế hoạch HACCP cho sản phẩm,https://knacert.com.vn/tin-tuc-tieu-chuan/xay-dung-ke-hoach-haccp-cho-san-pham/,2022-11-28T03:05:20,2026-05-18T09:31:25,Tin Tức Tiêu Chuẩn,
Ph?m Vi?t Ph??ng,An to?n th?c ph?m/HACCP/ISO 22000,Trung b?nh,keyword,haccp,11743,Xây dựng sổ tay chất lượng theo HACCP,https://knacert.com.vn/tin-tuc-tieu-chuan/xay-dung-so-tay-chat-luong-theo-haccp/,2024-10-21T03:25:47,2026-05-18T09:48:06,Tin Tức Tiêu Chuẩn,
Ph?m Vi?t Ph??ng,An to?n th?c ph?m/HACCP/ISO 22000,Trung b?nh,keyword,brc,2258,"YÊU CẦU, THAY ĐỔI MỚI CỦA BRC FOOD ISSUE 8  PHÁT HÀNH 01-08-2018",https://knacert.com.vn/tin-tuc-tieu-chuan/yeu-cau-thay-doi-moi-cua-brc-food-issue-8-phat-hanh-01-08-2018/,2019-03-20T08:53:21,2026-05-21T09:48:46,Tin Tức Tiêu Chuẩn,
Ph?m Vi?t Ph??ng,An to?n th?c ph?m/HACCP/ISO 22000,Trung b?nh,keyword,haccp,5315,Áp dụng HACCP trong chế biến nông sản: Tại sao nói HACCP là tiêu chuẩn quốc tế?,https://knacert.com.vn/tin-tuc-tieu-chuan/ap-dung-haccp-trong-che-bien-nong-san-tai-sao-noi-haccp-la-tieu-chuan-quoc-te/,2021-01-29T02:57:41,2026-02-06T07:04:44,Tin Tức Tiêu Chuẩn,
Ph?m Vi?t Ph??ng,An to?n th?c ph?m/HACCP/ISO 22000,Trung b?nh,keyword,haccp,5334,Áp dụng HACCP vào việc xây dựng quản lý chất lượng ngành thủy sản,https://knacert.com.vn/tin-tuc-tieu-chuan/ap-dung-haccp-vao-viec-xay-dung-quan-ly-chat-luong-nganh-thuy-san/,2021-02-03T01:38:12,2026-02-06T07:04:45,Tin Tức Tiêu Chuẩn,
Ph?m Vi?t Ph??ng,An to?n th?c ph?m/HACCP/ISO 22000,Trung b?nh,keyword,haccp,4026,Áp dụng HACCP vào việc xây dựng quản lý chất lượng ngành thủy sản,https://knacert.com.vn/tin-tuc-tieu-chuan/dao-tao-tich-hop-iso-9001-va-iso-14001-cho-cong-ty-tnhh-dm-vina/,2020-04-23T02:50:53,2026-02-06T07:03:13,Tin Tức Tiêu Chuẩn,
Ph?m Vi?t Ph??ng,An to?n th?c ph?m/HACCP/ISO 22000,Trung b?nh,keyword,haccp,12537,Ý nghĩa toàn diện của HACCP,https://knacert.com.vn/tin-tuc-tieu-chuan/y-nghia-toan-dien-cua-haccp/,2024-11-26T03:51:25,2026-05-18T09:49:13,Tin Tức Tiêu Chuẩn,
Ph?m Vi?t Ph??ng,An to?n th?c ph?m/HACCP/ISO 22000,Trung b?nh,keyword,iso 22000,12576,Điểm cải tiến trong ISO 22000:2018 – Phiên bản mới nhất của ISO 22000,https://knacert.com.vn/tin-tuc-tieu-chuan/diem-cai-tien-trong-iso-220002018-phien-ban-moi-nhat-cua-iso-22000/,2024-11-26T06:23:49,2026-05-18T09:49:17,Tin Tức Tiêu Chuẩn,
Ph?m Vi?t Ph??ng,An to?n th?c ph?m/HACCP/ISO 22000,Trung b?nh,keyword,iso 22000,13920,ĐIỂM GIỚI HẠN TỚI HẠN TRONG ISO 22000 LÀ GÌ?,https://knacert.com.vn/tin-tuc-tieu-chuan/diem-gioi-han-toi-han-trong-iso-22000-la-gi/,2025-10-23T03:51:44,2026-05-18T09:51:27,Tin Tức Tiêu Chuẩn,
Ph?m Vi?t Ph??ng,An to?n th?c ph?m/HACCP/ISO 22000,Cao,keyword,brc; brcgs,13824,Đánh giá BRCGS: Hướng dẫn thủ tục & Lợi ích,https://knacert.com.vn/tin-tuc-tieu-chuan/danh-gia-brcgs-huong-dan-thu-tuc-loi-ich/,2025-09-23T04:09:36,2026-04-15T17:38:52,Tin Tức Tiêu Chuẩn,
Ph?m Vi?t Ph??ng,An to?n th?c ph?m/HACCP/ISO 22000,Trung b?nh,keyword,brc,24671,Đánh giá thử BRC cho Công Ty TNHH Công Nghiệp Dừa Liên Vĩnh Xương,https://knacert.com.vn/tin-tuc-noi-bo-kna/dao-tao-brc-cho-cong-ty-tnhh-cong-nghiep-dua-lien-vinh-xuong/,2020-03-03T03:11:13,2026-03-03T03:12:57,Tin Tức Nội Bộ KNA,
Ph?m Vi?t Ph??ng,An to?n th?c ph?m/HACCP/ISO 22000,Trung b?nh,keyword,brc,4483,Đánh giá thử BRC cho Công ty TNHH MTV Thương Mại Xuất Nhập Khẩu Mỹ Phi,https://knacert.com.vn/khach-hang/dao-tao-brc-cho-cong-ty-tnhh-mtv-thuong-mai-xuat-nhap-khau-my-phi/,2020-06-30T04:29:14,2026-05-18T09:24:23,Khách Hàng,khách hàng BRC
Ph?m Vi?t Ph??ng,An to?n th?c ph?m/HACCP/ISO 22000,Trung b?nh,keyword,brc,3938,Đánh giá thử BRC/IOP Version 6 cho Công ty CP VS Industry Việt Nam,https://knacert.com.vn/khach-hang/dao-tao-brciop-version-6-cho-cong-ty-cp-vs-industry-viet-nam/,2020-03-25T02:42:27,2026-05-18T09:23:26,Khách Hàng,khách hàng brc iop
Ph?m Vi?t Ph??ng,An to?n th?c ph?m/HACCP/ISO 22000,Trung b?nh,keyword,haccp,11900,Ưu nhược điểm của hệ thống HACCP,https://knacert.com.vn/tin-tuc-tieu-chuan/uu-nhuoc-diem-cua-he-thong-haccp/,2024-10-28T03:28:00,2026-05-18T09:48:19,Tin Tức Tiêu Chuẩn,
