Keyword,Source,URL đang rank,URL mục tiêu,Volume,KD,Clicks,Impressions,CTR,Position,Intent,Funnel,Cluster,Main Topic,Sub Topic,Parent Topic,Topical Authority Role,URL Status,Issue Found,SEO Action,Priority,Internal Link Target,Suggested Anchor,Content Brief Status,Owner,Review Date
fda,GSC,https://knacert.com.vn/dich-vu/dang-ky-fda-la-gi-thu-tuc-xin-giay-chung-nhan-fda/,,,,9,10713,0.08%,5.74,,,,,,,,,CTR thấp,Title/Meta Update,Rất cao,,,Chưa tạo,,
tc,GSC,https://knacert.com.vn/dich-vu/giay-chung-nhan-giao-dichchung-chi-tc-la-gi/,,,,9,9453,0.10%,3.95,,,,,,,,,CTR thấp,Title/Meta Update,Rất cao,,,Chưa tạo,,
six sigma,GSC,https://knacert.com.vn/cong-cu-cai-tien/tim-hieu-mo-hinh-lean-six-sigma-mo-hinh-cai-tien-nang-suat-chat-luong/,,,,1,8892,0.01%,1.33,,,,,,,,,CTR thấp,Title/Meta Update,Rất cao,,,Chưa tạo,,
qa là gì,GSC,https://knacert.com.vn/tin-tuc-nganh-nghe/ky-su-qa-la-lam-gi-mo-ta-cong-viec-qaqc/,,,,42,7772,0.54%,3.24,,,,,,,,,CTR thấp,Title/Meta Update,Rất cao,,,Chưa tạo,,
iso là gì,GSC,https://knacert.com.vn/tin-tuc-tieu-chuan/iso-la-gi-nhung-tieu-chuan-iso-duoc-su-dung-nhieu-nhat/,,,,24,6807,0.35%,3.88,,,,,,,,,CTR thấp,Title/Meta Update,Rất cao,,,Chưa tạo,,
iso,GSC,https://knacert.com.vn/tin-tuc-tieu-chuan/iso-la-gi-nhung-tieu-chuan-iso-duoc-su-dung-nhieu-nhat/,,,,7,5690,0.12%,4.24,,,,,,,,,CTR thấp,Title/Meta Update,Rất cao,,,Chưa tạo,,
six sigma,GSC,https://knacert.com.vn/cong-cu-cai-tien/phuong-phap-six-sigma-la-gi/,,,,0,4963,0.00%,9.66,,,,,,,,,CTR thấp,Title/Meta Update,Rất cao,,,Chưa tạo,,
coa là gì,GSC,https://knacert.com.vn/tin-tuc-nganh-nghe/giay-coa-la-gi-tac-dung-cua-giay-chung-nhan-coa-certificate-of-analysis/,,,,51,4715,1.08%,2.29,,,,,,,,,CTR thấp,Title/Meta Update,Rất cao,,,Chưa tạo,,
coa,GSC,https://knacert.com.vn/tin-tuc-nganh-nghe/giay-coa-la-gi-tac-dung-cua-giay-chung-nhan-coa-certificate-of-analysis/,,,,17,3916,0.43%,4.18,,,,,,,,,CTR thấp,Title/Meta Update,Rất cao,,,Chưa tạo,,
smart,GSC,https://knacert.com.vn/tin-tuc-tieu-chuan/tong-quan-ve-mo-hinh-smart-vi-du-ve-muc-tieu-smart/,,,,3,4626,0.06%,10.02,,,,,,,,,CTR thấp,Title/Meta Update,Rất cao,,,Chưa tạo,,
qa là gì,GSC,https://knacert.com.vn/tin-tuc-tieu-chuan/ky-su-qa-la-lam-gi-mo-ta-cong-viec-qaqc/,,,,42,4156,1.01%,3.38,,,,,,,,,CTR thấp,Title/Meta Update,Rất cao,,,Chưa tạo,,
lean manufacturing,GSC,https://knacert.com.vn/cong-cu-cai-tien/mo-hinh-lean-manufacturing-quan-ly-tinh-gon-la-gi/,,,,1,3574,0.03%,9.93,,,,,,,,,CTR thấp,Title/Meta Update,Rất cao,,,Chưa tạo,,
swot là gì,GSC,https://knacert.com.vn/cong-cu-cai-tien/ma-tran-swot-la-gi-ung-dung-cua-swot-vao-phan-tich-chien-luoc-kinh-doanh/,,,,7,3452,0.20%,8.04,,,,,,,,,CTR thấp,Title/Meta Update,Rất cao,,,Chưa tạo,,
smeta,GSC,https://knacert.com.vn/tin-tuc-tieu-chuan/tieu-chuan-trach-nhiem-xa-hoi-smeta-la-gi/,,,,6,3431,0.17%,6.28,,,,,,,,,CTR thấp,Title/Meta Update,Rất cao,,,Chưa tạo,,
cfc,GSC,https://knacert.com.vn/tin-tuc-tieu-chuan/cfc-la-khi-gi-cac-nguon-phat-thai-cua-khi-cfc/,,,,3,3155,0.10%,8.18,,,,,,,,,CTR thấp,Title/Meta Update,Rất cao,,,Chưa tạo,,
qa,GSC,https://knacert.com.vn/tin-tuc-nganh-nghe/ky-su-qa-la-lam-gi-mo-ta-cong-viec-qaqc/,,,,2,3624,0.06%,1.94,,,,,,,,,CTR thấp,Title/Meta Update,Rất cao,,,Chưa tạo,,
fla,GSC,https://knacert.com.vn/dich-vu/tu-van-tieu-chuan-fla-hiep-hoi-lao-dong-cong-bang/,,,,2,2976,0.07%,4.74,,,,,,,,,CTR thấp,Title/Meta Update,Rất cao,,,Chưa tạo,,
kaizen là gì,GSC,https://knacert.com.vn/cong-cu-cai-tien/kaizen-la-gi-tim-hieu-nhung-loi-ich-tu-viec-ap-dung-kaizen/,,,,24,3417,0.70%,3.61,,,,,,,,,CTR thấp,Title/Meta Update,Rất cao,,,Chưa tạo,,
spc,GSC,https://knacert.com.vn/phat-trien-ben-vung/gioi-thieu-ve-kiem-soat-quy-trinh-thong-ke-spc-trong-he-thong-iatf-16949/,,,,0,2518,0.00%,4.13,,,,,,,,,CTR thấp,Title/Meta Update,Rất cao,,,Chưa tạo,,
coa là gì,GSC,https://knacert.com.vn/cong-cu-cai-tien/giay-coa-la-gi-tac-dung-cua-giay-chung-nhan-coa-certificate-of-analysis/,,,,23,2714,0.85%,3.68,,,,,,,,,CTR thấp,Title/Meta Update,Rất cao,,,Chưa tạo,,
coa,GSC,https://knacert.com.vn/cong-cu-cai-tien/giay-coa-la-gi-tac-dung-cua-giay-chung-nhan-coa-certificate-of-analysis/,,,,13,2265,0.57%,4.88,,,,,,,,,CTR thấp,Title/Meta Update,Rất cao,,,Chưa tạo,,
qa,GSC,https://knacert.com.vn/tin-tuc-tieu-chuan/ky-su-qa-la-lam-gi-mo-ta-cong-viec-qaqc/,,,,1,2253,0.04%,7.55,,,,,,,,,CTR thấp,Title/Meta Update,Rất cao,,,Chưa tạo,,
swot,GSC,https://knacert.com.vn/cong-cu-cai-tien/ma-tran-swot-la-gi-ung-dung-cua-swot-vao-phan-tich-chien-luoc-kinh-doanh/,,,,7,2110,0.33%,5.03,,,,,,,,,CTR thấp,Title/Meta Update,Rất cao,,,Chưa tạo,,
ul,GSC,https://knacert.com.vn/dich-vu/chung-nhan-ul-mark/,,,,1,2445,0.04%,2.96,,,,,,,,,CTR thấp,Title/Meta Update,Rất cao,,,Chưa tạo,,
iso là gì,GSC,https://knacert.com.vn/tin-tuc-tieu-chuan/iso-la-gi-nhung-tieu-chuan-iso-pho-bien-va-quy-trinh-chung-nhan-iso/,,,,3,1904,0.16%,4.77,,,,,,,,,CTR thấp,Title/Meta Update,Rất cao,,,Chưa tạo,,
koa certification,GSC,https://knacert.com.vn/,,,,0,1880,0.00%,8.18,,,,,,,,,CTR thấp,Title/Meta Update,Rất cao,,,Chưa tạo,,
kaizen,GSC,https://knacert.com.vn/cong-cu-cai-tien/kaizen-la-gi-tim-hieu-nhung-loi-ich-tu-viec-ap-dung-kaizen/,,,,2,1823,0.11%,8.60,,,,,,,,,CTR thấp,Title/Meta Update,Rất cao,,,Chưa tạo,,
ce,GSC,https://knacert.com.vn/products?id=71,,,,0,1814,0.00%,7.93,,,,,,,,,CTR thấp,Title/Meta Update,Rất cao,,,Chưa tạo,,
viên nén gỗ,GSC,https://knacert.com.vn/cong-cu-cai-tien/vien-nen-go-la-gi-wood-pellet-uu-diem-cua-vien-nen-go/,,,,19,2066,0.92%,2.37,,,,,,,,,CTR thấp,Title/Meta Update,Rất cao,,,Chưa tạo,,
cp là gì,GSC,https://knacert.com.vn/tin-tuc-tieu-chuan/cp-trong-haccp-la-gi-tai-sao-ap-dung-diem-kiem-soat-cp-trong-haccp/,,,,0,1728,0.00%,8.21,,,,,,,,,CTR thấp,Title/Meta Update,Rất cao,,,Chưa tạo,,
qa,GSC,https://knacert.com.vn/blogs/tin-tuc/ky-su-qa-la-lam-gi-mo-ta-cong-viec-qaqc,,,,0,2071,0.00%,1.00,,,,,,,,,CTR thấp,Title/Meta Update,Rất cao,,,Chưa tạo,,
rba là gì,GSC,https://knacert.com.vn/tin-tuc-tieu-chuan/rba-la-gi-quy-tac-ung-xu-rba-ve-trach-nhiem-xa-hoi-nganh-dien-tu/,,,,15,1579,0.95%,6.34,,,,,,,,,CTR thấp,Title/Meta Update,Rất cao,,,Chưa tạo,,
msa,GSC,https://knacert.com.vn/tin-tuc-tieu-chuan/gioi-thieu-ve-phan-tich-he-thong-do-luong-msa/,,,,4,1592,0.25%,7.09,,,,,,,,,CTR thấp,Title/Meta Update,Rất cao,,,Chưa tạo,,
smeta,GSC,https://knacert.com.vn/dich-vu/sedex-la-gi-tu-van-tieu-chuan-sedex-smeta/,,,,2,1581,0.13%,5.11,,,,,,,,,CTR thấp,Title/Meta Update,Rất cao,,,Chưa tạo,,
koa certification,GSC,https://knacert.com.vn/dich-vu/dao-tao-chung-nhan-kosher/,,,,0,1588,0.00%,6.44,,,,,,,,,CTR thấp,Title/Meta Update,Rất cao,,,Chưa tạo,,
wrap,GSC,https://knacert.com.vn/tin-tuc-tieu-chuan/bo-tieu-chuan-wrap-la-gi-worldwide-responsible-accredited-production/,,,,0,1581,0.00%,8.87,,,,,,,,,CTR thấp,Title/Meta Update,Rất cao,,,Chưa tạo,,
fda là gì,GSC,https://knacert.com.vn/dich-vu/dang-ky-fda-la-gi-thu-tuc-xin-giay-chung-nhan-fda/,,,,3,1497,0.20%,7.20,,,,,,,,,CTR thấp,Title/Meta Update,Rất cao,,,Chưa tạo,,
ser,GSC,https://knacert.com.vn/dich-vu/thd-ser-tieu-chuan-trach-nhiem-xa-hoi-va-moi-truong/,,,,0,1482,0.00%,5.46,,,,,,,,,CTR thấp,Title/Meta Update,Rất cao,,,Chưa tạo,,
lean,GSC,https://knacert.com.vn/cong-cu-cai-tien/mo-hinh-lean-manufacturing-quan-ly-tinh-gon-la-gi/,,,,4,1443,0.28%,9.20,,,,,,,,,CTR thấp,Title/Meta Update,Rất cao,,,Chưa tạo,,
cq,GSC,https://knacert.com.vn/cong-cu-cai-tien/certificate-of-quality-cq-la-gi/,,,,3,1433,0.21%,5.96,,,,,,,,,CTR thấp,Title/Meta Update,Rất cao,,,Chưa tạo,,
tc là gì,GSC,https://knacert.com.vn/dich-vu/giay-chung-nhan-giao-dichchung-chi-tc-la-gi/,,,,18,1612,1.12%,2.31,,,,,,,,,CTR thấp,Title/Meta Update,Rất cao,,,Chưa tạo,,
lean là gì,GSC,https://knacert.com.vn/cong-cu-cai-tien/mo-hinh-lean-manufacturing-quan-ly-tinh-gon-la-gi/,,,,1,1387,0.07%,6.32,,,,,,,,,CTR thấp,Title/Meta Update,Rất cao,,,Chưa tạo,,
higg,GSC,https://knacert.com.vn/dich-vu/chi-so-higg-index-va-hiep-hoi-may-mac-ben-vung/,,,,2,1366,0.15%,7.08,,,,,,,,,CTR thấp,Title/Meta Update,Rất cao,,,Chưa tạo,,
5s,GSC,https://knacert.com.vn/cong-cu-cai-tien/noi-dung-5s-duoc-hieu-nhu-the-nao/,,,,1,1305,0.08%,4.56,,,,,,,,,CTR thấp,Title/Meta Update,Rất cao,,,Chưa tạo,,
lean six sigma,GSC,https://knacert.com.vn/cong-cu-cai-tien/tim-hieu-mo-hinh-lean-six-sigma-mo-hinh-cai-tien-nang-suat-chat-luong/,,,,31,1413,2.19%,3.71,,,,,,,,,CTR thấp,Title/Meta Update,Rất cao,,,Chưa tạo,,
sop là gì,GSC,https://knacert.com.vn/cong-cu-cai-tien/quy-trinh-thao-tac-chuan-sop-la-gi/,,,,0,1299,0.00%,9.53,,,,,,,,,CTR thấp,Title/Meta Update,Rất cao,,,Chưa tạo,,
kaizen là gì,GSC,https://knacert.com.vn/cong-cu-cai-tien/kaizen-la-gi-triet-ly-cai-tien-lien-tuc-va-cach-ap-dung/,,,,6,1250,0.48%,4.73,,,,,,,,,CTR thấp,Title/Meta Update,Rất cao,,,Chưa tạo,,
cq là gì,GSC,https://knacert.com.vn/cong-cu-cai-tien/certificate-of-quality-cq-la-gi/,,,,1,1255,0.08%,6.91,,,,,,,,,CTR thấp,Title/Meta Update,Rất cao,,,Chưa tạo,,
ce,GSC,https://knacert.com.vn/phat-trien-ben-vung/nhung-cau-hoi-thuong-gap-ve-ce-marking/,,,,0,1492,0.00%,10.42,,,,,,,,,CTR thấp,Title/Meta Update,Rất cao,,,Chưa tạo,,
haccp là gì,GSC,https://knacert.com.vn/tin-tuc-tieu-chuan/muc-dich-cua-viec-ap-dung-haccp-la-gi/,,,,0,1204,0.00%,8.79,,,,,,,,,CTR thấp,Title/Meta Update,Rất cao,,,Chưa tạo,,
iso 14001,GSC,https://knacert.com.vn/cong-cu-cai-tien/tieu-chuan-iso-140012015/,,,,4,1172,0.34%,6.77,,,,,,,,,CTR thấp,Title/Meta Update,Rất cao,,,Chưa tạo,,
smeta,GSC,https://knacert.com.vn/tin-tuc-tieu-chuan/tieu-chuan-trach-nhiem-xa-hoi-sedex-smeta-la-gi/,,,,2,1166,0.17%,6.01,,,,,,,,,CTR thấp,Title/Meta Update,Rất cao,,,Chưa tạo,,
sc là gì,GSC,https://knacert.com.vn/cong-cu-cai-tien/giay-chung-nhan-pham-vi-hoat-dong-scope-certificate-chung-chi-sc-la-gi/,,,,12,1317,0.91%,3.35,,,,,,,,,CTR thấp,Title/Meta Update,Rất cao,,,Chưa tạo,,
cfc là gì,GSC,https://knacert.com.vn/tin-tuc-tieu-chuan/cfc-la-khi-gi-cac-nguon-phat-thai-cua-khi-cfc/,,,,0,1126,0.00%,6.73,,,,,,,,,CTR thấp,Title/Meta Update,Rất cao,,,Chưa tạo,,
cert,GSC,https://knacert.com.vn/,,,,3,1112,0.27%,7.75,,,,,,,,,CTR thấp,Title/Meta Update,Rất cao,,,Chưa tạo,,
ccp,GSC,https://knacert.com.vn/tin-tuc-tieu-chuan/ccp-la-gi-cac-cay-quyet-dinh-ccp-trong-he-thong-haccp/,,,,1,1119,0.09%,7.76,,,,,,,,,CTR thấp,Title/Meta Update,Rất cao,,,Chưa tạo,,
gp,GSC,https://knacert.com.vn/phat-trien-ben-vung/chuong-trinh-nang-suat-xanh-gp-la-gi/,,,,0,1116,0.00%,7.59,,,,,,,,,CTR thấp,Title/Meta Update,Rất cao,,,Chưa tạo,,
ocs,GSC,https://knacert.com.vn/dich-vu/tu-van-ocs-tieu-chuan-ve-thanh-phan-huu-co/,,,,2,1093,0.18%,4.74,,,,,,,,,CTR thấp,Title/Meta Update,Rất cao,,,Chưa tạo,,
ehs là gì,GSC,https://knacert.com.vn/tin-tuc-tieu-chuan/so-tay-quan-ly-ehs-he-thong-ehs-va-tieu-chuan-iso/,,,,14,1037,1.35%,4.02,,,,,,,,,CTR thấp,Title/Meta Update,Rất cao,,,Chưa tạo,,
mô hình swot,GSC,https://knacert.com.vn/cong-cu-cai-tien/ma-tran-swot-la-gi-ung-dung-cua-swot-vao-phan-tich-chien-luoc-kinh-doanh/,,,,2,1079,0.19%,4.57,,,,,,,,,CTR thấp,Title/Meta Update,Rất cao,,,Chưa tạo,,
iso 13485,GSC,https://knacert.com.vn/tin-tuc-tieu-chuan/tieu-chuan-iso-134852016/,,,,4,1069,0.37%,6.83,,,,,,,,,CTR thấp,Title/Meta Update,Rất cao,,,Chưa tạo,,
isms,GSC,https://knacert.com.vn/tin-tuc-tieu-chuan/isms-la-gi-tim-hieu-he-thong-quan-ly-an-toan-thong-tin/,,,,2,1064,0.19%,5.82,,,,,,,,,CTR thấp,Title/Meta Update,Rất cao,,,Chưa tạo,,
lông vũ,GSC,https://knacert.com.vn/tin-tuc-tieu-chuan/long-vu-va-ap-dung-tieu-chuan-rds-cho-cac-nha-san-xuat-thoi-trang/,,,,4,1041,0.38%,5.18,,,,,,,,,CTR thấp,Title/Meta Update,Rất cao,,,Chưa tạo,,
eudr,GSC,https://knacert.com.vn/tin-tuc-tieu-chuan/eudr-la-gi-tat-tan-tat-quy-dinh-chong-pha-rung-eu-moi-nhat-20231115/,,,,5,1010,0.50%,7.52,,,,,,,,,CTR thấp,Title/Meta Update,Rất cao,,,Chưa tạo,,
kna,GSC,https://knacert.com.vn/,,,,76,1016,7.48%,5.25,,,,,,,,,Position 4-20,Refresh / Optimize,Rất cao,,,Chưa tạo,,
qa qc là gì,GSC,https://knacert.com.vn/tin-tuc-nganh-nghe/ky-su-qa-la-lam-gi-mo-ta-cong-viec-qaqc/,,,,1,1186,0.08%,1.52,,,,,,,,,CTR thấp,Title/Meta Update,Rất cao,,,Chưa tạo,,
duns,GSC,https://knacert.com.vn/dich-vu/ma-so-duns-la-gi-dang-ki-ma-duns-cho-doanh-nghiep/,,,,9,920,0.98%,5.57,,,,,,,,,CTR thấp,Title/Meta Update,Rất cao,,,Chưa tạo,,
ul,GSC,https://knacert.com.vn/cong-cu-cai-tien/huong-dan-cach-kiem-tra-ma-so-chung-nhan-ul/,,,,0,956,0.00%,8.67,,,,,,,,,CTR thấp,Title/Meta Update,Rất cao,,,Chưa tạo,,
jit,GSC,https://knacert.com.vn/tin-tuc-tieu-chuan/tim-hieu-he-thong-san-xuat-tuc-thoi-just-in-time-jit-va-loi-ich-cua-chung/,,,,12,905,1.33%,4.79,,,,,,,,,CTR thấp,Title/Meta Update,Rất cao,,,Chưa tạo,,
swot,GSC,https://knacert.com.vn/cong-cu-cai-tien/cac-chien-luoc-ket-hop-swot/,,,,3,941,0.32%,6.66,,,,,,,,,CTR thấp,Title/Meta Update,Rất cao,,,Chưa tạo,,
iso 9001 là gì,GSC,https://knacert.com.vn/tin-tuc-tieu-chuan/tieu-chuan-iso-90012015-la-gi-kna-cert/,,,,10,893,1.12%,5.32,,,,,,,,,CTR thấp,Title/Meta Update,Rất cao,,,Chưa tạo,,
gmp là gì,GSC,https://knacert.com.vn/dich-vu/tieu-chuan-gmp-thuc-hanh-san-xuat-tot/,,,,1,1108,0.09%,3.78,,,,,,,,,CTR thấp,Title/Meta Update,Rất cao,,,Chưa tạo,,
kanban board,GSC,https://knacert.com.vn/cong-cu-cai-tien/bang-kanban-kanban-board-la-gi/,,,,6,885,0.68%,4.59,,,,,,,,,CTR thấp,Title/Meta Update,Rất cao,,,Chưa tạo,,
chứng nhận fda,GSC,https://knacert.com.vn/dich-vu/dang-ky-fda-la-gi-thu-tuc-xin-giay-chung-nhan-fda/,,,,1,888,0.11%,8.97,,,,,,,,,CTR thấp,Title/Meta Update,Rất cao,,,Chưa tạo,,
ctpat là gì,GSC,https://knacert.com.vn/tin-tuc-tieu-chuan/tieu-chuan-c-tpat-va-nhung-noi-dung-cap-nhat-moi/,,,,10,834,1.20%,4.62,,,,,,,,,CTR thấp,Title/Meta Update,Rất cao,,,Chưa tạo,,
pdca là gì,GSC,https://knacert.com.vn/tin-tuc-tieu-chuan/pdca-la-gi/,,,,1,866,0.12%,9.94,,,,,,,,,CTR thấp,Title/Meta Update,Rất cao,,,Chưa tạo,,
iso 9001:2015,GSC,https://knacert.com.vn/tin-tuc-tieu-chuan/tieu-chuan-iso-90012015-la-gi-kna-cert/,,,,8,834,0.96%,7.01,,,,,,,,,CTR thấp,Title/Meta Update,Rất cao,,,Chưa tạo,,
iso,GSC,https://knacert.com.vn/tin-tuc-tieu-chuan/iso-la-gi-nhung-tieu-chuan-iso-pho-bien-va-quy-trinh-chung-nhan-iso/,,,,2,856,0.23%,6.64,,,,,,,,,CTR thấp,Title/Meta Update,Rất cao,,,Chưa tạo,,
cq,GSC,https://knacert.com.vn/tin-tuc-nganh-nghe/certificate-of-quality-giay-chung-nhan-chat-luongcq-la-gi/,,,,4,834,0.48%,4.40,,,,,,,,,CTR thấp,Title/Meta Update,Rất cao,,,Chưa tạo,,
ce,GSC,https://knacert.com.vn/dich-vu/dao-tao-chung-nhan-ce-marking/,,,,0,842,0.00%,8.77,,,,,,,,,CTR thấp,Title/Meta Update,Rất cao,,,Chưa tạo,,
msa là gì,GSC,https://knacert.com.vn/tin-tuc-tieu-chuan/gioi-thieu-ve-phan-tich-he-thong-do-luong-msa/,,,,4,803,0.50%,6.28,,,,,,,,,CTR thấp,Title/Meta Update,Rất cao,,,Chưa tạo,,
sc,GSC,https://knacert.com.vn/cong-cu-cai-tien/giay-chung-nhan-pham-vi-hoat-dong-scope-certificate-chung-chi-sc-la-gi/,,,,0,981,0.00%,3.69,,,,,,,,,CTR thấp,Title/Meta Update,Rất cao,,,Chưa tạo,,
ccp là gì,GSC,https://knacert.com.vn/tin-tuc-tieu-chuan/ccp-la-gi-cac-cay-quyet-dinh-ccp-trong-he-thong-haccp/,,,,5,792,0.63%,4.11,,,,,,,,,CTR thấp,Title/Meta Update,Rất cao,,,Chưa tạo,,
spc là gì,GSC,https://knacert.com.vn/phat-trien-ben-vung/gioi-thieu-ve-kiem-soat-quy-trinh-thong-ke-spc-trong-he-thong-iatf-16949/,,,,7,931,0.75%,3.29,,,,,,,,,CTR thấp,Title/Meta Update,Rất cao,,,Chưa tạo,,
qcc,GSC,https://knacert.com.vn/tin-tuc-tieu-chuan/nhom-kieu-soat-chat-luong-qcc-la-gi-cong-dung-va-cach-xay-dung-qcc/,,,,16,737,2.17%,6.39,,,,,,,,,CTR thấp,Title/Meta Update,Rất cao,,,Chưa tạo,,
qa là công việc gì,GSC,https://knacert.com.vn/tin-tuc-nganh-nghe/ky-su-qa-la-lam-gi-mo-ta-cong-viec-qaqc/,,,,8,766,1.04%,4.79,,,,,,,,,CTR thấp,Title/Meta Update,Rất cao,,,Chưa tạo,,
ppap,GSC,https://knacert.com.vn/tin-tuc-tieu-chuan/gioi-thieu-ve-quy-trinh-phe-duyet-san-xuat-ppap-trong-he-thong-iatf-16949/,,,,2,788,0.25%,7.30,,,,,,,,,CTR thấp,Title/Meta Update,Rất cao,,,Chưa tạo,,
esd,GSC,https://knacert.com.vn/dich-vu/chung-nhan-esd-tieu-chuan-chong-tinh-dien/,,,,0,796,0.00%,9.67,,,,,,,,,CTR thấp,Title/Meta Update,Rất cao,,,Chưa tạo,,
smeta,GSC,https://knacert.com.vn/tin-tuc-tieu-chuan/tim-hieu-smeta-2-pillar-va-smeta-4-pillar/,,,,1,782,0.13%,6.36,,,,,,,,,CTR thấp,Title/Meta Update,Rất cao,,,Chưa tạo,,
ma trận swot là gì,GSC,https://knacert.com.vn/cong-cu-cai-tien/ma-tran-swot-la-gi-ung-dung-cua-swot-vao-phan-tich-chien-luoc-kinh-doanh/,,,,12,868,1.38%,3.98,,,,,,,,,CTR thấp,Title/Meta Update,Rất cao,,,Chưa tạo,,
vệ sinh nhà xưởng ahs,GSC,https://knacert.com.vn/cong-cu-cai-tien/quy-trinh-thuc-hien-ve-sinh-nha-xuong-haccp/,,,,0,926,0.00%,1.85,,,,,,,,,CTR thấp,Title/Meta Update,Rất cao,,,Chưa tạo,,
iso 9001,GSC,https://knacert.com.vn/tin-tuc-tieu-chuan/tong-quan-ve-cac-dieu-khoan-iso-90012015/,,,,2,760,0.26%,5.83,,,,,,,,,CTR thấp,Title/Meta Update,Rất cao,,,Chưa tạo,,
ce,GSC,https://knacert.com.vn/dich-vu-chung-nhan/chung-nhan-ce-marketing/,,,,0,871,0.00%,11.04,,,,,,,,,CTR thấp,Title/Meta Update,Rất cao,,,Chưa tạo,,
ehs,GSC,https://knacert.com.vn/tin-tuc-tieu-chuan/so-tay-quan-ly-ehs-he-thong-ehs-va-tieu-chuan-iso/,,,,14,782,1.79%,3.48,,,,,,,,,CTR thấp,Title/Meta Update,Rất cao,,,Chưa tạo,,
eudr là gì,GSC,https://knacert.com.vn/tin-tuc-tieu-chuan/eudr-la-gi-tat-tan-tat-quy-dinh-chong-pha-rung-eu-moi-nhat-20231115/,,,,22,738,2.98%,2.66,,,,,,,,,CTR thấp,Title/Meta Update,Rất cao,,,Chưa tạo,,
gmp,GSC,https://knacert.com.vn/dich-vu/tieu-chuan-gmp-thuc-hanh-san-xuat-tot/,,,,1,680,0.15%,5.69,,,,,,,,,CTR thấp,Title/Meta Update,Rất cao,,,Chưa tạo,,
cấp chứng nhận fda,GSC,https://knacert.com.vn/dich-vu/dang-ky-fda-la-gi-thu-tuc-xin-giay-chung-nhan-fda/,,,,0,678,0.00%,4.21,,,,,,,,,CTR thấp,Title/Meta Update,Rất cao,,,Chưa tạo,,
halal là gì,GSC,https://knacert.com.vn/tin-tuc-tieu-chuan/tieu-chuan-halal-la-gi/,,,,2,660,0.30%,7.95,,,,,,,,,CTR thấp,Title/Meta Update,Rất cao,,,Chưa tạo,,
wrap là gì,GSC,https://knacert.com.vn/tin-tuc-tieu-chuan/bo-tieu-chuan-wrap-la-gi-worldwide-responsible-accredited-production/,,,,1,642,0.16%,5.42,,,,,,,,,CTR thấp,Title/Meta Update,Rất cao,,,Chưa tạo,,
mục tiêu smart,GSC,https://knacert.com.vn/tin-tuc-tieu-chuan/tong-quan-ve-mo-hinh-smart-vi-du-ve-muc-tieu-smart/,,,,5,623,0.80%,7.15,,,,,,,,,CTR thấp,Title/Meta Update,Rất cao,,,Chưa tạo,,
kaizen nghĩa là gì,GSC,https://knacert.com.vn/cong-cu-cai-tien/kaizen-la-gi-tim-hieu-nhung-loi-ich-tu-viec-ap-dung-kaizen/,,,,5,617,0.81%,4.51,,,,,,,,,CTR thấp,Title/Meta Update,Rất cao,,,Chưa tạo,,
sedex,GSC,https://knacert.com.vn/dich-vu/sedex-la-gi-tu-van-tieu-chuan-sedex-smeta/,,,,2,624,0.32%,6.72,,,,,,,,,CTR thấp,Title/Meta Update,Rất cao,,,Chưa tạo,,
nhân viên qa là gì,GSC,https://knacert.com.vn/tin-tuc-nganh-nghe/ky-su-qa-la-lam-gi-mo-ta-cong-viec-qaqc/,,,,0,630,0.00%,6.87,,,,,,,,,CTR thấp,Title/Meta Update,Rất cao,,,Chưa tạo,,
c-tpat là gì,GSC,https://knacert.com.vn/tin-tuc-tieu-chuan/tieu-chuan-c-tpat-va-nhung-noi-dung-cap-nhat-moi/,,,,3,612,0.49%,4.86,,,,,,,,,CTR thấp,Title/Meta Update,Rất cao,,,Chưa tạo,,
qa là làm gì,GSC,https://knacert.com.vn/tin-tuc-nganh-nghe/ky-su-qa-la-lam-gi-mo-ta-cong-viec-qaqc/,,,,11,691,1.59%,3.65,,,,,,,,,CTR thấp,Title/Meta Update,Rất cao,,,Chưa tạo,,
pellet là gì,GSC,https://knacert.com.vn/cong-cu-cai-tien/vien-nen-go-la-gi-wood-pellet-uu-diem-cua-vien-nen-go/,,,,1,613,0.16%,4.20,,,,,,,,,CTR thấp,Title/Meta Update,Rất cao,,,Chưa tạo,,
iso 9000,GSC,https://knacert.com.vn/tin-tuc-tieu-chuan/iso-9000-la-gi/,,,,2,605,0.33%,7.19,,,,,,,,,CTR thấp,Title/Meta Update,Rất cao,,,Chưa tạo,,
isms là gì,GSC,https://knacert.com.vn/tin-tuc-tieu-chuan/isms-la-gi-tim-hieu-he-thong-quan-ly-an-toan-thong-tin/,,,,4,592,0.68%,4.53,,,,,,,,,CTR thấp,Title/Meta Update,Rất cao,,,Chưa tạo,,
fair trade,GSC,https://knacert.com.vn/dich-vu/tu-van-fairtrade-thuong-mai-cong-bang/,,,,4,591,0.68%,6.70,,,,,,,,,CTR thấp,Title/Meta Update,Rất cao,,,Chưa tạo,,
iso 13485 là gì,GSC,https://knacert.com.vn/tin-tuc-tieu-chuan/tieu-chuan-iso-134852016/,,,,6,573,1.05%,4.05,,,,,,,,,CTR thấp,Title/Meta Update,Rất cao,,,Chưa tạo,,
fssc 22000,GSC,https://knacert.com.vn/tin-tuc-tieu-chuan/fssc-22000-la-gi-noi-dung-va-loi-ich-khi-doanh-nghiep-ap-dung/,,,,2,562,0.36%,6.04,,,,,,,,,CTR thấp,Title/Meta Update,Rất cao,,,Chưa tạo,,
viên nén gỗ,GSC,https://knacert.com.vn/tin-tuc-nganh-nghe/vien-nen-go-la-gi-wood-pellet-uu-diem-cua-vien-nen-go/,,,,2,663,0.30%,2.02,,,,,,,,,CTR thấp,Title/Meta Update,Rất cao,,,Chưa tạo,,
kpi,GSC,https://knacert.com.vn/cong-cu-cai-tien/kpi-chi-so-do-luong-hieu-suat-doanh-nghiep/,,,,0,556,0.00%,6.26,,,,,,,,,CTR thấp,Title/Meta Update,Rất cao,,,Chưa tạo,,
iaf,GSC,https://knacert.com.vn/cong-cu-cai-tien/iaf-la-gi-vai-tro-cua-iaf-va-cac-thanh-vien-iaf/,,,,3,541,0.55%,5.69,,,,,,,,,CTR thấp,Title/Meta Update,Rất cao,,,Chưa tạo,,
sop,GSC,https://knacert.com.vn/cong-cu-cai-tien/quy-trinh-thao-tac-chuan-sop-la-gi/,,,,2,540,0.37%,5.57,,,,,,,,,CTR thấp,Title/Meta Update,Rất cao,,,Chưa tạo,,
haccp,GSC,https://knacert.com.vn/dich-vu/dao-tao-chung-nhan-haccp/,,,,0,544,0.00%,8.94,,,,,,,,,CTR thấp,Title/Meta Update,Rất cao,,,Chưa tạo,,
vietgap,GSC,https://knacert.com.vn/tin-tuc-tieu-chuan/gioi-thieu-bo-tieu-chuan-vietgap/,,,,0,534,0.00%,5.05,,,,,,,,,CTR thấp,Title/Meta Update,Rất cao,,,Chưa tạo,,
hls,GSC,https://knacert.com.vn/cong-cu-cai-tien/hls-high-level-structure-la-gi-nhung-thong-tin-chinh-can-biet/,,,,3,507,0.59%,5.19,,,,,,,,,CTR thấp,Title/Meta Update,Rất cao,,,Chưa tạo,,
nhân viên qa là gì,GSC,https://knacert.com.vn/tin-tuc-tieu-chuan/ky-su-qa-la-lam-gi-mo-ta-cong-viec-qaqc/,,,,3,506,0.59%,4.08,,,,,,,,,CTR thấp,Title/Meta Update,Rất cao,,,Chưa tạo,,
bảng kanban,GSC,https://knacert.com.vn/cong-cu-cai-tien/bang-kanban-kanban-board-la-gi/,,,,5,594,0.84%,2.44,,,,,,,,,CTR thấp,Title/Meta Update,Rất cao,,,Chưa tạo,,
"fssc 22000 là gì? khái quát, cấu trúc và lợi ích áp dụng",GSC,https://knacert.com.vn/tin-tuc-tieu-chuan/fssc-22000-la-gi-noi-dung-va-loi-ich-khi-doanh-nghiep-ap-dung/,,,,0,515,0.00%,6.55,,,,,,,,,CTR thấp,Title/Meta Update,Rất cao,,,Chưa tạo,,
qa qc là gì,GSC,https://knacert.com.vn/tin-tuc-tieu-chuan/ky-su-qa-la-lam-gi-mo-ta-cong-viec-qaqc/,,,,0,613,0.00%,3.63,,,,,,,,,CTR thấp,Title/Meta Update,Rất cao,,,Chưa tạo,,
wrap,GSC,https://knacert.com.vn/tin-tuc-tieu-chuan/12-nguyen-tac-cua-wrap/,,,,0,507,0.00%,9.21,,,,,,,,,CTR thấp,Title/Meta Update,Rất cao,,,Chưa tạo,,
iso 45001 là gì?,GSC,https://knacert.com.vn/tin-tuc-tieu-chuan/tieu-chuan-iso-45001-la-gi-kna-cert/,,,,0,504,0.00%,9.68,,,,,,,,,CTR thấp,Title/Meta Update,Rất cao,,,Chưa tạo,,
cq là gì,GSC,https://knacert.com.vn/tin-tuc-nganh-nghe/certificate-of-quality-giay-chung-nhan-chat-luongcq-la-gi/,,,,1,495,0.20%,6.63,,,,,,,,,CTR thấp,Title/Meta Update,Cao,,,Chưa tạo,,
định nghĩa esd là gì,GSC,https://knacert.com.vn/dich-vu/chung-nhan-esd-tieu-chuan-chong-tinh-dien/,,,,0,482,0.00%,6.02,,,,,,,,,CTR thấp,Title/Meta Update,Cao,,,Chưa tạo,,
mid là gì,GSC,https://knacert.com.vn/cong-cu-cai-tien/huong-dan-xac-dinh-ma-so-nha-san-xuat-mid/,,,,0,566,0.00%,1.06,,,,,,,,,CTR thấp,Title/Meta Update,Rất cao,,,Chưa tạo,,
gacc,GSC,https://knacert.com.vn/cong-cu-cai-tien/gacc-la-gi-tim-hieu-ve-tong-cuc-hai-quan-trung-quoc/,,,,0,469,0.00%,5.47,,,,,,,,,CTR thấp,Title/Meta Update,Cao,,,Chưa tạo,,
iso 17025,GSC,https://knacert.com.vn/tin-tuc-tieu-chuan/tim-hieu-iso-17025-la-gi-kna-cert/,,,,2,452,0.44%,8.51,,,,,,,,,CTR thấp,Title/Meta Update,Cao,,,Chưa tạo,,
fssc 22000 là gì,GSC,https://knacert.com.vn/tin-tuc-tieu-chuan/fssc-22000-la-gi-noi-dung-va-loi-ich-khi-doanh-nghiep-ap-dung/,,,,5,439,1.14%,4.78,,,,,,,,,CTR thấp,Title/Meta Update,Cao,,,Chưa tạo,,
mô hình smart,GSC,https://knacert.com.vn/tin-tuc-tieu-chuan/tong-quan-ve-mo-hinh-smart-vi-du-ve-muc-tieu-smart/,,,,0,540,0.00%,10.39,,,,,,,,,CTR thấp,Title/Meta Update,Rất cao,,,Chưa tạo,,
qa là vị trí gì,GSC,https://knacert.com.vn/tin-tuc-nganh-nghe/ky-su-qa-la-lam-gi-mo-ta-cong-viec-qaqc/,,,,6,505,1.19%,3.89,,,,,,,,,CTR thấp,Title/Meta Update,Rất cao,,,Chưa tạo,,
ocs,GSC,https://knacert.com.vn/cong-cu-cai-tien/tieu-chuan-thanh-phan-huu-co-ocs-la-gi-kna-cert/,,,,0,445,0.00%,5.91,,,,,,,,,CTR thấp,Title/Meta Update,Cao,,,Chưa tạo,,
chứng nhận haccp,GSC,https://knacert.com.vn/dich-vu/dao-tao-chung-nhan-haccp/,,,,2,520,0.38%,3.89,,,,,,,,,CTR thấp,Title/Meta Update,Rất cao,,,Chưa tạo,,
haccp,GSC,https://knacert.com.vn/tin-tuc-tieu-chuan/muc-dich-cua-viec-ap-dung-haccp-la-gi/,,,,0,439,0.00%,8.51,,,,,,,,,CTR thấp,Title/Meta Update,Cao,,,Chưa tạo,,
duns number là gì,GSC,https://knacert.com.vn/dich-vu/ma-so-duns-la-gi-dang-ki-ma-duns-cho-doanh-nghiep/,,,,6,491,1.22%,3.78,,,,,,,,,CTR thấp,Title/Meta Update,Cao,,,Chưa tạo,,
iso 17025,GSC,https://knacert.com.vn/dich-vu/dao-tao-chung-nhan-iso-170252017/,,,,1,430,0.23%,5.27,,,,,,,,,CTR thấp,Title/Meta Update,Cao,,,Chưa tạo,,
qa là làm gì,GSC,https://knacert.com.vn/tin-tuc-tieu-chuan/ky-su-qa-la-lam-gi-mo-ta-cong-viec-qaqc/,,,,8,479,1.67%,2.96,,,,,,,,,CTR thấp,Title/Meta Update,Cao,,,Chưa tạo,,
cfc là chất gì,GSC,https://knacert.com.vn/tin-tuc-tieu-chuan/cfc-la-khi-gi-cac-nguon-phat-thai-cua-khi-cfc/,,,,1,427,0.23%,6.45,,,,,,,,,CTR thấp,Title/Meta Update,Cao,,,Chưa tạo,,
dnb number,GSC,https://knacert.com.vn/dich-vu/ma-so-duns-la-gi-dang-ki-ma-duns-cho-doanh-nghiep/,,,,0,431,0.00%,5.42,,,,,,,,,CTR thấp,Title/Meta Update,Cao,,,Chưa tạo,,
spc là gì,GSC,https://knacert.com.vn/tin-tuc-tieu-chuan/gioi-thieu-ve-kiem-soat-quy-trinh-thong-ke-spc-trong-he-thong-iatf-16949/,,,,5,492,1.02%,3.65,,,,,,,,,CTR thấp,Title/Meta Update,Cao,,,Chưa tạo,,
gacc là gì,GSC,https://knacert.com.vn/cong-cu-cai-tien/gacc-la-gi-tim-hieu-ve-tong-cuc-hai-quan-trung-quoc/,,,,0,517,0.00%,3.71,,,,,,,,,CTR thấp,Title/Meta Update,Rất cao,,,Chưa tạo,,
jas,GSC,https://knacert.com.vn/dich-vu/chung-nhan-tieu-chuan-jas-marking/,,,,1,423,0.24%,6.54,,,,,,,,,CTR thấp,Title/Meta Update,Cao,,,Chưa tạo,,
wrap,GSC,https://knacert.com.vn/tin-tuc-tieu-chuan/wrap-certificate-giay-chung-nhan-wrap-la-gi/,,,,1,504,0.20%,10.15,,,,,,,,,CTR thấp,Title/Meta Update,Rất cao,,,Chưa tạo,,
iso 9001,GSC,https://knacert.com.vn/tin-tuc-tieu-chuan/tieu-chuan-iso-90012015-la-gi-kna-cert/,,,,1,418,0.24%,5.70,,,,,,,,,CTR thấp,Title/Meta Update,Cao,,,Chưa tạo,,
qc là công việc gì,GSC,https://knacert.com.vn/tin-tuc-tieu-chuan/ky-su-qa-la-lam-gi-mo-ta-cong-viec-qaqc/,,,,1,418,0.24%,9.12,,,,,,,,,CTR thấp,Title/Meta Update,Cao,,,Chưa tạo,,
5s là gì,GSC,https://knacert.com.vn/cong-cu-cai-tien/noi-dung-5s-duoc-hieu-nhu-the-nao/,,,,0,504,0.00%,3.88,,,,,,,,,CTR thấp,Title/Meta Update,Rất cao,,,Chưa tạo,,
wca là gì,GSC,https://knacert.com.vn/dich-vu/tu-van-danh-gia-wca-chuong-trinh-danh-gia-dieu-kien-lam-viec/,,,,2,411,0.49%,5.78,,,,,,,,,CTR thấp,Title/Meta Update,Cao,,,Chưa tạo,,
5s,GSC,https://knacert.com.vn/cong-cu-cai-tien/phuong-phap-5s-la-gi-trong-san-xuat/,,,,2,407,0.49%,5.83,,,,,,,,,CTR thấp,Title/Meta Update,Cao,,,Chưa tạo,,
lean six sigma là gì,GSC,https://knacert.com.vn/cong-cu-cai-tien/tim-hieu-mo-hinh-lean-six-sigma-mo-hinh-cai-tien-nang-suat-chat-luong/,,,,7,462,1.52%,3.54,,,,,,,,,CTR thấp,Title/Meta Update,Cao,,,Chưa tạo,,
koa certification,GSC,https://knacert.com.vn/cong-cu-cai-tien/giay-coa-la-gi-tac-dung-cua-giay-chung-nhan-coa-certificate-of-analysis/,,,,0,413,0.00%,5.90,,,,,,,,,CTR thấp,Title/Meta Update,Cao,,,Chưa tạo,,
pataya,GSC,https://knacert.com.vn/tin-tuc-nganh-nghe/dao-tao-nhan-thuc-va-danh-gia-noi-bo-bsci-tai-cong-ty-pataya/,,,,0,413,0.00%,9.43,,,,,,,,,CTR thấp,Title/Meta Update,Cao,,,Chưa tạo,,
certificate of analysis là gì,GSC,https://knacert.com.vn/tin-tuc-nganh-nghe/giay-coa-la-gi-tac-dung-cua-giay-chung-nhan-coa-certificate-of-analysis/,,,,6,464,1.29%,2.72,,,,,,,,,CTR thấp,Title/Meta Update,Cao,,,Chưa tạo,,
iso 14001 là gì,GSC,https://knacert.com.vn/cong-cu-cai-tien/tieu-chuan-iso-140012015/,,,,0,409,0.00%,6.03,,,,,,,,,CTR thấp,Title/Meta Update,Cao,,,Chưa tạo,,
smeta,GSC,https://knacert.com.vn/tin-tuc-tieu-chuan/dao-tao-tieu-chuan-sedex-smeta/,,,,0,407,0.00%,5.33,,,,,,,,,CTR thấp,Title/Meta Update,Cao,,,Chưa tạo,,
spc,GSC,https://knacert.com.vn/tin-tuc-tieu-chuan/gioi-thieu-ve-kiem-soat-quy-trinh-thong-ke-spc-trong-he-thong-iatf-16949/,,,,1,395,0.25%,9.20,,,,,,,,,CTR thấp,Title/Meta Update,Cao,,,Chưa tạo,,
qms,GSC,https://knacert.com.vn/tin-tuc-tieu-chuan/qms-la-gi-iso-9001-va-cac-he-thong-quan-ly-chat-luong/,,,,1,394,0.25%,9.92,,,,,,,,,CTR thấp,Title/Meta Update,Cao,,,Chưa tạo,,
higg index,GSC,https://knacert.com.vn/dich-vu/chi-so-higg-index-va-hiep-hoi-may-mac-ben-vung/,,,,1,393,0.25%,6.66,,,,,,,,,CTR thấp,Title/Meta Update,Cao,,,Chưa tạo,,
iso 50001,GSC,https://knacert.com.vn/tin-tuc-tieu-chuan/tieu-chuan-ve-he-thong-quan-ly-nang-luong-iso-50001/,,,,2,380,0.53%,9.04,,,,,,,,,CTR thấp,Title/Meta Update,Cao,,,Chưa tạo,,
qms là gì,GSC,https://knacert.com.vn/tin-tuc-tieu-chuan/qms-la-gi-iso-9001-va-cac-he-thong-quan-ly-chat-luong/,,,,1,383,0.26%,7.08,,,,,,,,,CTR thấp,Title/Meta Update,Cao,,,Chưa tạo,,
jit là gì,GSC,https://knacert.com.vn/tin-tuc-tieu-chuan/tim-hieu-he-thong-san-xuat-tuc-thoi-just-in-time-jit-va-loi-ich-cua-chung/,,,,0,384,0.00%,6.70,,,,,,,,,CTR thấp,Title/Meta Update,Cao,,,Chưa tạo,,
haccp là chứng nhận gì,GSC,https://knacert.com.vn/dich-vu/dao-tao-chung-nhan-haccp/,,,,1,379,0.26%,5.70,,,,,,,,,CTR thấp,Title/Meta Update,Cao,,,Chưa tạo,,
tcvn,GSC,https://knacert.com.vn/phat-trien-ben-vung/su-khac-nhau-giua-tieu-chuan-tcvn-va-quy-chuan-ky-thuat-quoc-gia-qcvn/,,,,2,372,0.54%,7.35,,,,,,,,,CTR thấp,Title/Meta Update,Cao,,,Chưa tạo,,
just in time là gì,GSC,https://knacert.com.vn/tin-tuc-tieu-chuan/tim-hieu-he-thong-san-xuat-tuc-thoi-just-in-time-jit-va-loi-ich-cua-chung/,,,,1,372,0.27%,8.69,,,,,,,,,CTR thấp,Title/Meta Update,Cao,,,Chưa tạo,,
esd là gì,GSC,https://knacert.com.vn/dich-vu/chung-nhan-esd-tieu-chuan-chong-tinh-dien/,,,,0,375,0.00%,5.31,,,,,,,,,CTR thấp,Title/Meta Update,Cao,,,Chưa tạo,,
iso 9001 là gì,GSC,https://knacert.com.vn/tin-tuc-tieu-chuan/tieu-chuan-iso-9001-la-gi/,,,,3,355,0.85%,6.37,,,,,,,,,CTR thấp,Title/Meta Update,Cao,,,Chưa tạo,,
kanban,GSC,https://knacert.com.vn/cong-cu-cai-tien/he-thong-kanban-va-loi-ich-cua-kanban-trong-quan-tri/,,,,1,363,0.28%,8.24,,,,,,,,,CTR thấp,Title/Meta Update,Cao,,,Chưa tạo,,
iatf,GSC,https://knacert.com.vn/dich-vu/dao-tao-tieu-chuan-iatf-169492016/,,,,3,354,0.85%,5.23,,,,,,,,,CTR thấp,Title/Meta Update,Cao,,,Chưa tạo,,
định nghĩa responsible business alliance ( viết tắt rba) tiếng việt là gì?,GSC,https://knacert.com.vn/tin-tuc-tieu-chuan/rba-la-gi-quy-tac-ung-xu-rba-ve-trach-nhiem-xa-hoi-nganh-dien-tu/,,,,1,361,0.28%,4.41,,,,,,,,,CTR thấp,Title/Meta Update,Cao,,,Chưa tạo,,
5s là gì,GSC,https://knacert.com.vn/cong-cu-cai-tien/phuong-phap-5s-la-gi-trong-san-xuat/,,,,0,359,0.00%,5.92,,,,,,,,,CTR thấp,Title/Meta Update,Cao,,,Chưa tạo,,
wrap là gì,GSC,https://knacert.com.vn/dich-vu/dao-tao-danh-gia-tieu-chuan-wrap/,,,,0,359,0.00%,4.77,,,,,,,,,CTR thấp,Title/Meta Update,Cao,,,Chưa tạo,,
haccp,GSC,https://knacert.com.vn/cong-cu-cai-tien/haccp-la-gi-quy-trinh-xay-dung-va-ap-dung-haccp-cho-doanh-nghiep/,,,,1,425,0.24%,11.04,,,,,,,,,CTR thấp,Title/Meta Update,Cao,,,Chưa tạo,,
pdca là gì,GSC,https://knacert.com.vn/tin-tuc-tieu-chuan/pdca-la-gi-chu-trinh-pdca-trong-iso/,,,,0,354,0.00%,8.60,,,,,,,,,CTR thấp,Title/Meta Update,Cao,,,Chưa tạo,,
chăn nuôi theo tiêu chuẩn vietgap,GSC,https://knacert.com.vn/tin-tuc-tieu-chuan/tim-hieu-tieu-chuan-vietgap-chan-nuoi-vietgap/,,,,9,376,2.39%,2.59,,,,,,,,,CTR thấp,Title/Meta Update,Cao,,,Chưa tạo,,
gmp là gì,GSC,https://knacert.com.vn/tin-tuc-tieu-chuan/giay-chung-nhan-gmp-la-gi/,,,,1,340,0.29%,9.91,,,,,,,,,CTR thấp,Title/Meta Update,Cao,,,Chưa tạo,,
fair trade là gì,GSC,https://knacert.com.vn/dich-vu/tu-van-fairtrade-thuong-mai-cong-bang/,,,,1,338,0.30%,5.38,,,,,,,,,CTR thấp,Title/Meta Update,Cao,,,Chưa tạo,,
iso 22000 là gì,GSC,https://knacert.com.vn/tin-tuc-tieu-chuan/khac-biet-giua-iso-22000-va-haccp-la-gi-nen-chon-chung-nhan-1-hay-ca-2/,,,,0,339,0.00%,7.42,,,,,,,,,CTR thấp,Title/Meta Update,Cao,,,Chưa tạo,,
qa qc,GSC,https://knacert.com.vn/tin-tuc-nganh-nghe/ky-su-qa-la-lam-gi-mo-ta-cong-viec-qaqc/,,,,2,395,0.51%,2.89,,,,,,,,,CTR thấp,Title/Meta Update,Cao,,,Chưa tạo,,
ctpat,GSC,https://knacert.com.vn/tin-tuc-tieu-chuan/tieu-chuan-c-tpat-va-nhung-noi-dung-cap-nhat-moi/,,,,2,327,0.61%,7.94,,,,,,,,,CTR thấp,Title/Meta Update,Cao,,,Chưa tạo,,
chứng nhận haccp là gì,GSC,https://knacert.com.vn/dich-vu/dao-tao-chung-nhan-haccp/,,,,2,326,0.61%,7.49,,,,,,,,,CTR thấp,Title/Meta Update,Cao,,,Chưa tạo,,
iatf 16949,GSC,https://knacert.com.vn/dich-vu/dao-tao-tieu-chuan-iatf-169492016/,,,,1,329,0.30%,6.06,,,,,,,,,CTR thấp,Title/Meta Update,Cao,,,Chưa tạo,,
iso 22000,GSC,https://knacert.com.vn/tin-tuc-tieu-chuan/cac-phien-ban-cua-iso-22000-va-su-khac-nhau-cua-iso-22000-phien-ban-2018-voi-2005/,,,,1,328,0.30%,8.89,,,,,,,,,CTR thấp,Title/Meta Update,Cao,,,Chưa tạo,,
kaizen,GSC,https://knacert.com.vn/blogs/tin-tuc/kaizen-la-gi-tim-hieu-nhung-loi-ich-tu-viec-ap-dung-kaizen,,,,1,327,0.31%,4.43,,,,,,,,,CTR thấp,Title/Meta Update,Cao,,,Chưa tạo,,
grs là gì,GSC,https://knacert.com.vn/cong-cu-cai-tien/tieu-chuan-tai-che-toan-cau-grs-la-gi-kna-cert/,,,,1,316,0.32%,5.45,,,,,,,,,CTR thấp,Title/Meta Update,Cao,,,Chưa tạo,,
iatf là gì,GSC,https://knacert.com.vn/dich-vu/dao-tao-tieu-chuan-iatf-169492016/,,,,4,301,1.33%,4.02,,,,,,,,,CTR thấp,Title/Meta Update,Cao,,,Chưa tạo,,
fairtrade,GSC,https://knacert.com.vn/dich-vu/tu-van-fairtrade-thuong-mai-cong-bang/,,,,2,304,0.66%,5.28,,,,,,,,,CTR thấp,Title/Meta Update,Cao,,,Chưa tạo,,
t c,GSC,https://knacert.com.vn/dich-vu/giay-chung-nhan-giao-dichchung-chi-tc-la-gi/,,,,0,312,0.00%,4.04,,,,,,,,,CTR thấp,Title/Meta Update,Cao,,,Chưa tạo,,
rcs,GSC,https://knacert.com.vn/dich-vu/rcs-tieu-chuan-tuyen-bo-tai-che-quoc-te/,,,,0,310,0.00%,8.29,,,,,,,,,CTR thấp,Title/Meta Update,Cao,,,Chưa tạo,,
tapa,GSC,https://knacert.com.vn/dich-vu/tu-van-tieu-chuan-tapa-hiep-hoi-bao-ve-tai-san-van-chuyen/,,,,0,308,0.00%,8.33,,,,,,,,,CTR thấp,Title/Meta Update,Cao,,,Chưa tạo,,
poka yoke là gì,GSC,https://knacert.com.vn/tin-tuc-tieu-chuan/gioi-thieu-ve-chong-sai-loi-poka-yoke/,,,,8,329,2.43%,2.95,,,,,,,,,CTR thấp,Title/Meta Update,Cao,,,Chưa tạo,,
kna cert,GSC,https://knacert.com.vn/tuyen-dung/,,,,3,293,1.02%,5.77,,,,,,,,,CTR thấp,Title/Meta Update,Cao,,,Chưa tạo,,
fssc là gì,GSC,https://knacert.com.vn/tin-tuc-tieu-chuan/fssc-22000-la-gi-noi-dung-va-loi-ich-khi-doanh-nghiep-ap-dung/,,,,2,297,0.67%,4.81,,,,,,,,,CTR thấp,Title/Meta Update,Cao,,,Chưa tạo,,
tc,GSC,https://knacert.com.vn/tin-tuc-tieu-chuan/giay-chung-nhan-giao-dichchung-chi-tc-la-gi/,,,,2,296,0.68%,5.74,,,,,,,,,CTR thấp,Title/Meta Update,Cao,,,Chưa tạo,,
gfsi,GSC,https://knacert.com.vn/dich-vu/chung-nhan-gfsi-la-gi-sang-kien-an-toan-thuc-pham-toan-cau/,,,,6,279,2.15%,9.64,,,,,,,,,CTR thấp,Title/Meta Update,Cao,,,Chưa tạo,,
pefc,GSC,https://knacert.com.vn/tin-tuc-tieu-chuan/pefc-la-gi-tieu-chuan-pefccocfm-va-chung-chi-rung/,,,,5,282,1.77%,4.89,,,,,,,,,CTR thấp,Title/Meta Update,Cao,,,Chưa tạo,,
iso 9001:2015 là gì,GSC,https://knacert.com.vn/tin-tuc-tieu-chuan/tieu-chuan-iso-90012015-la-gi-kna-cert/,,,,2,291,0.69%,4.49,,,,,,,,,CTR thấp,Title/Meta Update,Cao,,,Chưa tạo,,
vietgap,GSC,https://knacert.com.vn/tin-tuc-tieu-chuan/tieu-chuan-vietgap-va-globalgap-co-gi-giong-va-khac-nhau/,,,,1,295,0.34%,7.77,,,,,,,,,CTR thấp,Title/Meta Update,Cao,,,Chưa tạo,,
công ty tnhh valuetronics việt nam,GSC,https://knacert.com.vn/tin-tuc-nganh-nghe/dao-tao-nhan-thuc-va-danh-gia-noi-bo-iso-90012015-cho-cong-ty-tnhh-valuetronics-viet-nam/,,,,6,274,2.19%,8.43,,,,,,,,,CTR thấp,Title/Meta Update,Cao,,,Chưa tạo,,
ccs,GSC,https://knacert.com.vn/cong-cu-cai-tien/tieu-chuan-tuyen-bo-thanh-phan-ccs-la-gi-kna-cert/,,,,0,299,0.00%,8.11,,,,,,,,,CTR thấp,Title/Meta Update,Cao,,,Chưa tạo,,
just in time,GSC,https://knacert.com.vn/tin-tuc-tieu-chuan/tim-hieu-he-thong-san-xuat-tuc-thoi-just-in-time-jit-va-loi-ich-cua-chung/,,,,2,348,0.57%,10.89,,,,,,,,,CTR thấp,Title/Meta Update,Cao,,,Chưa tạo,,
qc là gì,GSC,https://knacert.com.vn/tin-tuc-nganh-nghe/ky-su-qa-la-lam-gi-mo-ta-cong-viec-qaqc/,,,,0,295,0.00%,5.71,,,,,,,,,CTR thấp,Title/Meta Update,Cao,,,Chưa tạo,,
certificate of analysis là gì,GSC,https://knacert.com.vn/cong-cu-cai-tien/giay-coa-la-gi-tac-dung-cua-giay-chung-nhan-coa-certificate-of-analysis/,,,,2,341,0.59%,2.85,,,,,,,,,CTR thấp,Title/Meta Update,Cao,,,Chưa tạo,,
cfc là hợp chất chứa các nguyên tố,GSC,https://knacert.com.vn/tin-tuc-tieu-chuan/cfc-la-khi-gi-cac-nguon-phat-thai-cua-khi-cfc/,,,,0,351,0.00%,2.47,,,,,,,,,CTR thấp,Title/Meta Update,Cao,,,Chưa tạo,,
qa a,GSC,https://knacert.com.vn/tin-tuc-tieu-chuan/ky-su-qa-la-lam-gi-mo-ta-cong-viec-qaqc/,,,,0,290,0.00%,8.00,,,,,,,,,CTR thấp,Title/Meta Update,Cao,,,Chưa tạo,,
swot,GSC,https://knacert.com.vn/cong-cu-cai-tien/vi-du-ve-mo-hinh-swot-va-cach-xay-dung-ma-tran-swot/,,,,3,332,0.90%,10.83,,,,,,,,,CTR thấp,Title/Meta Update,Cao,,,Chưa tạo,,
định nghĩa esd là gì?,GSC,https://knacert.com.vn/dich-vu/chung-nhan-esd-tieu-chuan-chong-tinh-dien/,,,,0,289,0.00%,5.90,,,,,,,,,CTR thấp,Title/Meta Update,Cao,,,Chưa tạo,,
iso 50001 là gì,GSC,https://knacert.com.vn/tin-tuc-tieu-chuan/tieu-chuan-ve-he-thong-quan-ly-nang-luong-iso-50001/,,,,2,279,0.72%,7.13,,,,,,,,,CTR thấp,Title/Meta Update,Cao,,,Chưa tạo,,
công ty formosa,GSC,https://knacert.com.vn/khach-hang/cong-ty-tnhh-hung-nghiep-formosa-dat-chung-nhan-iso-140012015/,,,,0,285,0.00%,7.80,,,,,,,,,CTR thấp,Title/Meta Update,Cao,,,Chưa tạo,,
tc là gì,GSC,https://knacert.com.vn/tin-tuc-tieu-chuan/giay-chung-nhan-giao-dichchung-chi-tc-la-gi/,,,,1,279,0.36%,5.90,,,,,,,,,CTR thấp,Title/Meta Update,Cao,,,Chưa tạo,,
kanban,GSC,https://knacert.com.vn/cong-cu-cai-tien/bang-kanban-kanban-board-la-gi/,,,,0,283,0.00%,9.86,,,,,,,,,CTR thấp,Title/Meta Update,Cao,,,Chưa tạo,,
iso 17025 là gì,GSC,https://knacert.com.vn/dich-vu/dao-tao-chung-nhan-iso-170252017/,,,,1,275,0.36%,4.92,,,,,,,,,CTR thấp,Title/Meta Update,Cao,,,Chưa tạo,,
iso 14001,GSC,https://knacert.com.vn/tin-tuc-tieu-chuan/doi-tuong-ap-dung-iso-140012015-vi-du-cu-the/,,,,0,277,0.00%,6.53,,,,,,,,,CTR thấp,Title/Meta Update,Cao,,,Chưa tạo,,
mô hình swot là gì,GSC,https://knacert.com.vn/cong-cu-cai-tien/ma-tran-swot-la-gi-ung-dung-cua-swot-vao-phan-tich-chien-luoc-kinh-doanh/,,,,0,277,0.00%,8.60,,,,,,,,,CTR thấp,Title/Meta Update,Cao,,,Chưa tạo,,
viên,GSC,https://knacert.com.vn/cong-cu-cai-tien/vien-nen-go-la-gi-wood-pellet-uu-diem-cua-vien-nen-go/,,,,0,277,0.00%,9.21,,,,,,,,,CTR thấp,Title/Meta Update,Cao,,,Chưa tạo,,
wrap là gì,GSC,https://knacert.com.vn/tin-tuc-tieu-chuan/wrap-certificate-giay-chung-nhan-wrap-la-gi/,,,,0,277,0.00%,9.42,,,,,,,,,CTR thấp,Title/Meta Update,Cao,,,Chưa tạo,,
swot là j,GSC,https://knacert.com.vn/cong-cu-cai-tien/ma-tran-swot-la-gi-ung-dung-cua-swot-vao-phan-tich-chien-luoc-kinh-doanh/,,,,0,276,0.00%,6.30,,,,,,,,,CTR thấp,Title/Meta Update,Cao,,,Chưa tạo,,
c-tpat,GSC,https://knacert.com.vn/tin-tuc-tieu-chuan/tieu-chuan-c-tpat-va-nhung-noi-dung-cap-nhat-moi/,,,,2,267,0.75%,5.92,,,,,,,,,CTR thấp,Title/Meta Update,Cao,,,Chưa tạo,,
gp là gì,GSC,https://knacert.com.vn/phat-trien-ben-vung/chuong-trinh-nang-suat-xanh-gp-la-gi/,,,,0,275,0.00%,8.28,,,,,,,,,CTR thấp,Title/Meta Update,Cao,,,Chưa tạo,,
ssop là gì,GSC,https://knacert.com.vn/cong-cu-cai-tien/tieu-chuan-ssop-la-gi-cac-quy-pham-ve-sinh-ssop/,,,,2,265,0.75%,7.63,,,,,,,,,CTR thấp,Title/Meta Update,Cao,,,Chưa tạo,,
rba,GSC,https://knacert.com.vn/tin-tuc-tieu-chuan/rba-la-gi-quy-tac-ung-xu-rba-ve-trach-nhiem-xa-hoi-nganh-dien-tu/,,,,1,268,0.37%,5.80,,,,,,,,,CTR thấp,Title/Meta Update,Cao,,,Chưa tạo,,
ecovadis,GSC,https://knacert.com.vn/dich-vu/dao-tao-chung-nhan-ecovadis-xep-hang-kinh-doanh-ben-vung/,,,,6,295,2.03%,3.64,,,,,,,,,CTR thấp,Title/Meta Update,Cao,,,Chưa tạo,,
swot,GSC,https://knacert.com.vn/tin-tuc-tieu-chuan/cac-chien-luoc-ket-hop-swot/,,,,2,309,0.65%,10.96,,,,,,,,,CTR thấp,Title/Meta Update,Cao,,,Chưa tạo,,
gsv là gì,GSC,https://knacert.com.vn/dich-vu/gsv-chuong-trinh-danh-gia-an-ninh-toan-cau/,,,,2,257,0.78%,4.59,,,,,,,,,CTR thấp,Title/Meta Update,Cao,,,Chưa tạo,,
ecovadis là gì,GSC,https://knacert.com.vn/dich-vu/dao-tao-chung-nhan-ecovadis-xep-hang-kinh-doanh-ben-vung/,,,,6,240,2.50%,4.92,,,,,,,,,CTR thấp,Title/Meta Update,Cao,,,Chưa tạo,,
chứng nhận iso 9001,GSC,https://knacert.com.vn/dich-vu/dao-tao-chung-nhan-iso-90012015/,,,,6,239,2.51%,6.56,,,,,,,,,CTR thấp,Title/Meta Update,Cao,,,Chưa tạo,,
qc là làm gì,GSC,https://knacert.com.vn/tin-tuc-tieu-chuan/ky-su-qa-la-lam-gi-mo-ta-cong-viec-qaqc/,,,,0,313,0.00%,10.00,,,,,,,,,CTR thấp,Title/Meta Update,Cao,,,Chưa tạo,,
qa là nghề gì,GSC,https://knacert.com.vn/tin-tuc-nganh-nghe/ky-su-qa-la-lam-gi-mo-ta-cong-viec-qaqc/,,,,1,256,0.39%,4.77,,,,,,,,,CTR thấp,Title/Meta Update,Cao,,,Chưa tạo,,
công ty tnhh hưng nghiệp formosa,GSC,https://knacert.com.vn/khach-hang/cong-ty-tnhh-hung-nghiep-formosa-dat-chung-nhan-iso-140012015/,,,,2,302,0.66%,10.15,,,,,,,,,CTR thấp,Title/Meta Update,Cao,,,Chưa tạo,,
declaration of conformity là gì,GSC,https://knacert.com.vn/phat-trien-ben-vung/nhung-cau-hoi-thuong-gap-ve-ce-marking/,,,,4,242,1.65%,4.79,,,,,,,,,CTR thấp,Title/Meta Update,Cao,,,Chưa tạo,,
rcs là gì,GSC,https://knacert.com.vn/cong-cu-cai-tien/tieu-chuan-tuyen-bo-tai-che-rcs-la-gi/,,,,0,310,0.00%,13.73,,,,,,,,,CTR thấp,Title/Meta Update,Cao,,,Chưa tạo,,
wood pellet,GSC,https://knacert.com.vn/cong-cu-cai-tien/vien-nen-go-la-gi-wood-pellet-uu-diem-cua-vien-nen-go/,,,,8,267,3.00%,3.25,,,,,,,,,CTR thấp,Title/Meta Update,Cao,,,Chưa tạo,,
công ty innovation,GSC,https://knacert.com.vn/khach-hang/dao-tao-tich-hop-iso-9001-va-iso-14001-cho-cong-ty-tnhh-innovation-tuong-lai-viet-nam/,,,,1,251,0.40%,6.91,,,,,,,,,CTR thấp,Title/Meta Update,Cao,,,Chưa tạo,,
iso 45001 là gì,GSC,https://knacert.com.vn/tin-tuc-tieu-chuan/tieu-chuan-iso-45001-la-gi-kna-cert/,,,,0,254,0.00%,8.20,,,,,,,,,CTR thấp,Title/Meta Update,Cao,,,Chưa tạo,,
fssc 22000,GSC,https://knacert.com.vn/dich-vu/chung-nhan-fssc-22000/,,,,0,253,0.00%,6.94,,,,,,,,,CTR thấp,Title/Meta Update,Cao,,,Chưa tạo,,
công ty tnhh innovation tương lai việt nam,GSC,https://knacert.com.vn/khach-hang/dao-tao-tich-hop-iso-9001-va-iso-14001-cho-cong-ty-tnhh-innovation-tuong-lai-viet-nam/,,,,3,240,1.25%,6.41,,,,,,,,,CTR thấp,Title/Meta Update,Cao,,,Chưa tạo,,
ocs là gì,GSC,https://knacert.com.vn/dich-vu/tu-van-ocs-tieu-chuan-ve-thanh-phan-huu-co/,,,,0,252,0.00%,5.78,,,,,,,,,CTR thấp,Title/Meta Update,Cao,,,Chưa tạo,,
công ty valuetronics,GSC,https://knacert.com.vn/tin-tuc-nganh-nghe/dao-tao-nhan-thuc-va-danh-gia-noi-bo-iso-90012015-cho-cong-ty-tnhh-valuetronics-viet-nam/,,,,3,239,1.26%,7.97,,,,,,,,,CTR thấp,Title/Meta Update,Cao,,,Chưa tạo,,
ppap là gì,GSC,https://knacert.com.vn/tin-tuc-tieu-chuan/gioi-thieu-ve-quy-trinh-phe-duyet-san-xuat-ppap-trong-he-thong-iatf-16949/,,,,0,247,0.00%,5.53,,,,,,,,,CTR thấp,Title/Meta Update,Cao,,,Chưa tạo,,
bảng swot,GSC,https://knacert.com.vn/cong-cu-cai-tien/ma-tran-swot-la-gi-ung-dung-cua-swot-vao-phan-tich-chien-luoc-kinh-doanh/,,,,1,242,0.41%,7.93,,,,,,,,,CTR thấp,Title/Meta Update,Cao,,,Chưa tạo,,
mid là gì,GSC,https://knacert.com.vn/tin-tuc-tieu-chuan/huong-dan-xac-dinh-ma-so-nha-san-xuat-mid/,,,,0,246,0.00%,9.40,,,,,,,,,CTR thấp,Title/Meta Update,Cao,,,Chưa tạo,,
hoc0dong,GSC,https://knacert.com.vn/khoa-hoc-0-dong/,,,,1,241,0.41%,6.84,,,,,,,,,CTR thấp,Title/Meta Update,Cao,,,Chưa tạo,,
mid,GSC,https://knacert.com.vn/cong-cu-cai-tien/huong-dan-xac-dinh-ma-so-nha-san-xuat-mid/,,,,0,245,0.00%,4.35,,,,,,,,,CTR thấp,Title/Meta Update,Cao,,,Chưa tạo,,
six sigma là gì,GSC,https://knacert.com.vn/cong-cu-cai-tien/tim-hieu-mo-hinh-lean-six-sigma-mo-hinh-cai-tien-nang-suat-chat-luong/,,,,0,244,0.00%,9.63,,,,,,,,,CTR thấp,Title/Meta Update,Cao,,,Chưa tạo,,
rcs là gì,GSC,https://knacert.com.vn/dich-vu/rcs-tieu-chuan-tuyen-bo-tai-che-quoc-te/,,,,1,237,0.42%,6.70,,,,,,,,,CTR thấp,Title/Meta Update,Cao,,,Chưa tạo,,
lông vũ là lông gì,GSC,https://knacert.com.vn/tin-tuc-tieu-chuan/long-vu-va-ap-dung-tieu-chuan-rds-cho-cac-nha-san-xuat-thoi-trang/,,,,0,241,0.00%,7.49,,,,,,,,,CTR thấp,Title/Meta Update,Cao,,,Chưa tạo,,
fssc 22000,GSC,https://knacert.com.vn/dich-vu/chung-nhan-fssc-22000-nhan-bao-gia-moi-nhat-nam-2025/,,,,3,228,1.32%,6.72,,,,,,,,,CTR thấp,Title/Meta Update,Cao,,,Chưa tạo,,
sa8000,GSC,https://knacert.com.vn/dich-vu/sa-8000-la-gi-tieu-chuan-sa-8000-trach-nhiem-xa-hoi-cho-doanh-nghiep/,,,,12,281,4.27%,4.48,,,,,,,,,Position 4-20,Refresh / Optimize,Cao,,,Chưa tạo,,
kaizen nghĩa là gì,GSC,https://knacert.com.vn/cong-cu-cai-tien/kaizen-la-gi-triet-ly-cai-tien-lien-tuc-va-cach-ap-dung/,,,,0,237,0.00%,5.99,,,,,,,,,CTR thấp,Title/Meta Update,Cao,,,Chưa tạo,,
7 qc tools,GSC,https://knacert.com.vn/tin-tuc-tieu-chuan/7-cong-cu-quan-ly-chat-luong-trong-san-xuat-7qc-la-gi/,,,,21,219,9.59%,7.00,,,,,,,,,Position 4-20,Refresh / Optimize,Rất cao,,,Chưa tạo,,
oeko tex,GSC,https://knacert.com.vn/dich-vu/tieu-chuan-oeko-tex-100-cho-san-pham-det-may/,,,,1,228,0.44%,4.96,,,,,,,,,CTR thấp,Title/Meta Update,Cao,,,Chưa tạo,,
chứng chỉ haccp,GSC,https://knacert.com.vn/dich-vu/dao-tao-chung-nhan-haccp/,,,,2,223,0.90%,4.03,,,,,,,,,CTR thấp,Title/Meta Update,Cao,,,Chưa tạo,,
fssc,GSC,https://knacert.com.vn/tin-tuc-tieu-chuan/fssc-22000-la-gi-noi-dung-va-loi-ich-khi-doanh-nghiep-ap-dung/,,,,1,226,0.44%,6.40,,,,,,,,,CTR thấp,Title/Meta Update,Cao,,,Chưa tạo,,
"mục đích của c-tpat là tạo sự phối hợp, trao đổi thông tin cần thiết để bảo vệ người lao động.",GSC,https://knacert.com.vn/tin-tuc-tieu-chuan/tieu-chuan-c-tpat-va-nhung-noi-dung-cap-nhat-moi/,,,,0,276,0.00%,3.08,,,,,,,,,CTR thấp,Title/Meta Update,Cao,,,Chưa tạo,,
khí cfc,GSC,https://knacert.com.vn/tin-tuc-tieu-chuan/cfc-la-khi-gi-cac-nguon-phat-thai-cua-khi-cfc/,,,,1,225,0.44%,6.96,,,,,,,,,CTR thấp,Title/Meta Update,Cao,,,Chưa tạo,,
kna cert,GSC,https://knacert.com.vn/tin-tuc-tieu-chuan/thong-bao-ve-viec-hoan-thanh-dang-ky-so-huu-tri-tue-thuong-hieu-cua-kna-cert/,,,,0,228,0.00%,6.92,,,,,,,,,CTR thấp,Title/Meta Update,Cao,,,Chưa tạo,,
qa qc,GSC,https://knacert.com.vn/tin-tuc-tieu-chuan/ky-su-qa-la-lam-gi-mo-ta-cong-viec-qaqc/,,,,4,211,1.90%,5.87,,,,,,,,,CTR thấp,Title/Meta Update,Cao,,,Chưa tạo,,
certificate of quality,GSC,https://knacert.com.vn/cong-cu-cai-tien/certificate-of-quality-cq-la-gi/,,,,2,263,0.76%,14.35,,,,,,,,,CTR thấp,Title/Meta Update,Cao,,,Chưa tạo,,
oeko-tex standard 100,GSC,https://knacert.com.vn/dich-vu/tieu-chuan-oeko-tex-100-cho-san-pham-det-may/,,,,2,216,0.93%,6.61,,,,,,,,,CTR thấp,Title/Meta Update,Cao,,,Chưa tạo,,
coa là gì trong xuất nhập khẩu,GSC,https://knacert.com.vn/tin-tuc-nganh-nghe/giay-coa-la-gi-tac-dung-cua-giay-chung-nhan-coa-certificate-of-analysis/,,,,2,259,0.77%,3.84,,,,,,,,,CTR thấp,Title/Meta Update,Cao,,,Chưa tạo,,
viet gap,GSC,https://knacert.com.vn/tin-tuc-tieu-chuan/gioi-thieu-bo-tieu-chuan-vietgap/,,,,0,224,0.00%,8.03,,,,,,,,,CTR thấp,Title/Meta Update,Cao,,,Chưa tạo,,
6 sigma,GSC,https://knacert.com.vn/tin-tuc-tieu-chuan/thuc-trang-ap-dung-6-sigma-tai-viet-nam/,,,,3,211,1.42%,8.85,,,,,,,,,CTR thấp,Title/Meta Update,Cao,,,Chưa tạo,,
quality assurance là gì,GSC,https://knacert.com.vn/tin-tuc-nganh-nghe/ky-su-qa-la-lam-gi-mo-ta-cong-viec-qaqc/,,,,1,263,0.38%,2.63,,,,,,,,,CTR thấp,Title/Meta Update,Cao,,,Chưa tạo,,
chứng nhận fda là gì,GSC,https://knacert.com.vn/dich-vu/dang-ky-fda-la-gi-thu-tuc-xin-giay-chung-nhan-fda/,,,,0,222,0.00%,8.27,,,,,,,,,CTR thấp,Title/Meta Update,Cao,,,Chưa tạo,,
c-tpat là chương trình an ninh chống khủng bố của hội mậu dịch hải quan nhằm :,GSC,https://knacert.com.vn/tin-tuc-tieu-chuan/tieu-chuan-c-tpat-va-nhung-noi-dung-cap-nhat-moi/,,,,0,265,0.00%,3.45,,,,,,,,,CTR thấp,Title/Meta Update,Cao,,,Chưa tạo,,
iso 17025 là gì,GSC,https://knacert.com.vn/tin-tuc-tieu-chuan/tim-hieu-iso-17025-la-gi-kna-cert/,,,,1,216,0.46%,5.84,,,,,,,,,CTR thấp,Title/Meta Update,Cao,,,Chưa tạo,,
gs là gì,GSC,https://knacert.com.vn/dich-vu/chung-nhan-gs-mark-cong-nhan-quoc-te/,,,,0,220,0.00%,5.68,,,,,,,,,CTR thấp,Title/Meta Update,Cao,,,Chưa tạo,,
iatf 16949 là gì,GSC,https://knacert.com.vn/dich-vu/dao-tao-tieu-chuan-iatf-169492016/,,,,1,214,0.47%,4.03,,,,,,,,,CTR thấp,Title/Meta Update,Cao,,,Chưa tạo,,
iso 9000 là gì,GSC,https://knacert.com.vn/tin-tuc-tieu-chuan/iso-9000-la-gi/,,,,2,248,0.81%,3.06,,,,,,,,,CTR thấp,Title/Meta Update,Cao,,,Chưa tạo,,
vệ sinh nhà xưởng,GSC,https://knacert.com.vn/cong-cu-cai-tien/quy-trinh-thuc-hien-ve-sinh-nha-xuong-haccp/,,,,1,253,0.40%,15.98,,,,,,,,,CTR thấp,Title/Meta Update,Cao,,,Chưa tạo,,
ohs,GSC,https://knacert.com.vn/tin-tuc-tieu-chuan/iso-450012018-rui-ro-ohs-la-gi-kna-cert/,,,,0,214,0.00%,8.17,,,,,,,,,CTR thấp,Title/Meta Update,Cao,,,Chưa tạo,,
26000.0,GSC,https://knacert.com.vn/tin-tuc-tieu-chuan/iso-26000-la-gi-tieu-chuan-quoc-te-ve-trach-nhiem-xa-hoi/,,,,0,211,0.00%,7.13,,,,,,,,,CTR thấp,Title/Meta Update,Cao,,,Chưa tạo,,
viên nén,GSC,https://knacert.com.vn/cong-cu-cai-tien/vien-nen-go-la-gi-wood-pellet-uu-diem-cua-vien-nen-go/,,,,0,211,0.00%,4.06,,,,,,,,,CTR thấp,Title/Meta Update,Cao,,,Chưa tạo,,
ppap,GSC,https://knacert.com.vn/tin-tuc-tieu-chuan/gioi-thieu-ve-quy-trinh-phe-duyet-san-xuat-ppap/,,,,3,198,1.52%,6.22,,,,,,,,,CTR thấp,Title/Meta Update,Cao,,,Chưa tạo,,
bảng kanban là gì,GSC,https://knacert.com.vn/cong-cu-cai-tien/bang-kanban-kanban-board-la-gi/,,,,3,197,1.52%,4.81,,,,,,,,,CTR thấp,Title/Meta Update,Cao,,,Chưa tạo,,
an toàn thực phẩm là gì,GSC,https://knacert.com.vn/cong-cu-cai-tien/an-toan-ve-sinh-thuc-pham-la-gi-kna-cert/,,,,0,251,0.00%,2.31,,,,,,,,,CTR thấp,Title/Meta Update,Cao,,,Chưa tạo,,
khí cfc là gì,GSC,https://knacert.com.vn/tin-tuc-tieu-chuan/cfc-la-khi-gi-cac-nguon-phat-thai-cua-khi-cfc/,,,,0,208,0.00%,6.03,,,,,,,,,CTR thấp,Title/Meta Update,Cao,,,Chưa tạo,,
qc qa là gì,GSC,https://knacert.com.vn/tin-tuc-nganh-nghe/ky-su-qa-la-lam-gi-mo-ta-cong-viec-qaqc/,,,,0,249,0.00%,3.26,,,,,,,,,CTR thấp,Title/Meta Update,Cao,,,Chưa tạo,,
oeko tex là gì,GSC,https://knacert.com.vn/cong-cu-cai-tien/chung-chi-oeko-tex-la-gi/,,,,4,190,2.11%,4.62,,,,,,,,,CTR thấp,Title/Meta Update,Cao,,,Chưa tạo,,
iaf là gì,GSC,https://knacert.com.vn/cong-cu-cai-tien/iaf-la-gi-vai-tro-cua-iaf-va-cac-thanh-vien-iaf/,,,,1,202,0.50%,5.67,,,,,,,,,CTR thấp,Title/Meta Update,Cao,,,Chưa tạo,,
gmp,GSC,https://knacert.com.vn/tin-tuc-tieu-chuan/giay-chung-nhan-gmp-la-gi/,,,,0,246,0.00%,11.96,,,,,,,,,CTR thấp,Title/Meta Update,Cao,,,Chưa tạo,,
fcca,GSC,https://knacert.com.vn/dich-vu/danh-gia-nang-luc-cua-nha-may-fcca-theo-wal-mart/,,,,1,200,0.50%,4.92,,,,,,,,,CTR thấp,Title/Meta Update,Cao,,,Chưa tạo,,
chứng nhận iso,GSC,https://knacert.com.vn/tin-tuc-tieu-chuan/iso-la-gi-nhung-tieu-chuan-iso-duoc-su-dung-nhieu-nhat/,,,,0,204,0.00%,4.87,,,,,,,,,CTR thấp,Title/Meta Update,Cao,,,Chưa tạo,,
qa là vị trí gì,GSC,https://knacert.com.vn/tin-tuc-tieu-chuan/ky-su-qa-la-lam-gi-mo-ta-cong-viec-qaqc/,,,,1,197,0.51%,4.80,,,,,,,,,CTR thấp,Title/Meta Update,Cao,,,Chưa tạo,,
rws wool,GSC,https://knacert.com.vn/service/rws-pre-audit-the-responsible-wool-standard/?lang=en,,,,0,200,0.00%,4.22,,,,,,,,,CTR thấp,Title/Meta Update,Cao,,,Chưa tạo,,
sa8000 là gì,GSC,https://knacert.com.vn/tin-tuc-tieu-chuan/chinh-sach-sa8000-la-gi-huong-dan-soan-thao-tham-khao-mau/,,,,1,195,0.51%,6.35,,,,,,,,,CTR thấp,Title/Meta Update,Cao,,,Chưa tạo,,
hls là gì,GSC,https://knacert.com.vn/cong-cu-cai-tien/hls-high-level-structure-la-gi-nhung-thong-tin-chinh-can-biet/,,,,1,194,0.52%,7.54,,,,,,,,,CTR thấp,Title/Meta Update,Cao,,,Chưa tạo,,
iscc,GSC,https://knacert.com.vn/dich-vu/chung-nhan-iscc-ve-nang-luong-sinh-hoc-va-sinh-khoi/,,,,2,189,1.06%,7.37,,,,,,,,,CTR thấp,Title/Meta Update,Cao,,,Chưa tạo,,
kosher là gì,GSC,https://knacert.com.vn/tin-tuc-tieu-chuan/phan-biet-tieu-chuan-halal-va-kosher/,,,,0,197,0.00%,4.60,,,,,,,,,CTR thấp,Title/Meta Update,Cao,,,Chưa tạo,,
làm qa là gì,GSC,https://knacert.com.vn/tin-tuc-nganh-nghe/ky-su-qa-la-lam-gi-mo-ta-cong-viec-qaqc/,,,,0,235,0.00%,3.44,,,,,,,,,CTR thấp,Title/Meta Update,Cao,,,Chưa tạo,,
ecovadis,GSC,https://knacert.com.vn/cong-cu-cai-tien/tieu-chuan-ecovadis-ve-xep-hang-kinh-doanh-ben-vung-la-gi/,,,,1,191,0.52%,5.71,,,,,,,,,CTR thấp,Title/Meta Update,Cao,,,Chưa tạo,,
ce,GSC,https://knacert.com.vn/tin-tuc-tieu-chuan/chung-chi-ce-la-gi-quy-trinh-xin-giay-chung-nhan-ce/,,,,0,195,0.00%,9.81,,,,,,,,,CTR thấp,Title/Meta Update,Cao,,,Chưa tạo,,
46030.0,GSC,https://knacert.com.vn/tin-tuc-tieu-chuan/dieu-khoan-81-cua-iso-9001-ke-hoach-va-kiem-soat-thuc-hien/,,,,0,194,0.00%,6.89,,,,,,,,,CTR thấp,Title/Meta Update,Cao,,,Chưa tạo,,
smeta là gì,GSC,https://knacert.com.vn/tin-tuc-tieu-chuan/tieu-chuan-trach-nhiem-xa-hoi-smeta-la-gi/,,,,3,217,1.38%,2.92,,,,,,,,,CTR thấp,Title/Meta Update,Cao,,,Chưa tạo,,
qa qa,GSC,https://knacert.com.vn/tin-tuc-tieu-chuan/ky-su-qa-la-lam-gi-mo-ta-cong-viec-qaqc/,,,,0,192,0.00%,7.23,,,,,,,,,CTR thấp,Title/Meta Update,Cao,,,Chưa tạo,,
duns là gì,GSC,https://knacert.com.vn/dich-vu/ma-so-duns-la-gi-dang-ki-ma-duns-cho-doanh-nghiep/,,,,3,215,1.40%,3.24,,,,,,,,,CTR thấp,Title/Meta Update,Cao,,,Chưa tạo,,
nhiễm chéo là gì,GSC,https://knacert.com.vn/tin-tuc-tieu-chuan/nhiem-cheo-la-gi-trong-thuc-hanh-san-xuat-tot-gmp/,,,,3,179,1.68%,5.18,,,,,,,,,CTR thấp,Title/Meta Update,Cao,,,Chưa tạo,,
tiêu chuẩn vietgap là gì,GSC,https://knacert.com.vn/tin-tuc-tieu-chuan/gioi-thieu-bo-tieu-chuan-vietgap/,,,,0,229,0.00%,14.45,,,,,,,,,CTR thấp,Title/Meta Update,Cao,,,Chưa tạo,,
iso 9001,GSC,https://knacert.com.vn/tin-tuc-tieu-chuan/7-nguyen-tac-iso-9001-nen-tang-cho-he-thong-quan-ly-chat-luong/,,,,0,228,0.00%,3.91,,,,,,,,,CTR thấp,Title/Meta Update,Cao,,,Chưa tạo,,
qaqc,GSC,https://knacert.com.vn/tin-tuc-tieu-chuan/ky-su-qa-la-lam-gi-mo-ta-cong-viec-qaqc/,,,,0,189,0.00%,6.45,,,,,,,,,CTR thấp,Title/Meta Update,Cao,,,Chưa tạo,,
tiêu chuẩn iso là gì,GSC,https://knacert.com.vn/tin-tuc-tieu-chuan/iso-la-gi-nhung-tieu-chuan-iso-duoc-su-dung-nhieu-nhat/,,,,0,189,0.00%,5.22,,,,,,,,,CTR thấp,Title/Meta Update,Cao,,,Chưa tạo,,
tiêu chuẩn rba là gì,GSC,https://knacert.com.vn/tin-tuc-tieu-chuan/rba-la-gi-quy-tac-ung-xu-rba-ve-trach-nhiem-xa-hoi-nganh-dien-tu/,,,,3,176,1.70%,4.23,,,,,,,,,CTR thấp,Title/Meta Update,Cao,,,Chưa tạo,,
c tpat là gì,GSC,https://knacert.com.vn/tin-tuc-tieu-chuan/tieu-chuan-c-tpat-va-nhung-noi-dung-cap-nhat-moi/,,,,1,184,0.54%,4.84,,,,,,,,,CTR thấp,Title/Meta Update,Cao,,,Chưa tạo,,
qaqc là gì,GSC,https://knacert.com.vn/tin-tuc-nganh-nghe/ky-su-qa-la-lam-gi-mo-ta-cong-viec-qaqc/,,,,0,188,0.00%,4.02,,,,,,,,,CTR thấp,Title/Meta Update,Cao,,,Chưa tạo,,
cty formosa,GSC,https://knacert.com.vn/khach-hang/cong-ty-tnhh-hung-nghiep-formosa-dat-chung-nhan-iso-140012015/,,,,1,183,0.55%,9.28,,,,,,,,,CTR thấp,Title/Meta Update,Cao,,,Chưa tạo,,
đăng ký fda,GSC,https://knacert.com.vn/dich-vu/dang-ky-fda-la-gi-thu-tuc-xin-giay-chung-nhan-fda/,,,,1,183,0.55%,4.27,,,,,,,,,CTR thấp,Title/Meta Update,Cao,,,Chưa tạo,,
chứng nhận fda thực phẩm,GSC,https://knacert.com.vn/dich-vu/dang-ky-fda-la-gi-thu-tuc-xin-giay-chung-nhan-fda/,,,,0,186,0.00%,7.27,,,,,,,,,CTR thấp,Title/Meta Update,Cao,,,Chưa tạo,,
mã duns là gì,GSC,https://knacert.com.vn/dich-vu/ma-so-duns-la-gi-dang-ki-ma-duns-cho-doanh-nghiep/,,,,2,175,1.14%,5.87,,,,,,,,,CTR thấp,Title/Meta Update,Cao,,,Chưa tạo,,
haccp là gì,GSC,https://knacert.com.vn/cong-cu-cai-tien/haccp-la-gi-quy-trinh-xay-dung-va-ap-dung-haccp-cho-doanh-nghiep/,,,,0,220,0.00%,15.95,,,,,,,,,CTR thấp,Title/Meta Update,Cao,,,Chưa tạo,,
haccp là gì,GSC,https://knacert.com.vn/dich-vu/dao-tao-chung-nhan-haccp/,,,,0,183,0.00%,6.32,,,,,,,,,CTR thấp,Title/Meta Update,Cao,,,Chưa tạo,,
halal food là gì,GSC,https://knacert.com.vn/tin-tuc-tieu-chuan/tieu-chuan-halal-la-gi/,,,,0,219,0.00%,13.01,,,,,,,,,CTR thấp,Title/Meta Update,Cao,,,Chưa tạo,,
mã duns,GSC,https://knacert.com.vn/dich-vu/ma-so-duns-la-gi-dang-ki-ma-duns-cho-doanh-nghiep/,,,,2,174,1.15%,5.03,,,,,,,,,CTR thấp,Title/Meta Update,Cao,,,Chưa tạo,,
cbam,GSC,https://knacert.com.vn/tin-tuc-tieu-chuan/cbam-la-gi-toan-canh-co-che-dieu-chinh-bien-gioi-carbon-cua-eu/,,,,1,177,0.56%,5.56,,,,,,,,,CTR thấp,Title/Meta Update,Cao,,,Chưa tạo,,
viên nén gỗ dùng để làm gì,GSC,https://knacert.com.vn/cong-cu-cai-tien/vien-nen-go-la-gi-wood-pellet-uu-diem-cua-vien-nen-go/,,,,5,192,2.60%,3.03,,,,,,,,,CTR thấp,Title/Meta Update,Cao,,,Chưa tạo,,
5s,GSC,https://knacert.com.vn/cong-cu-cai-tien/thuc-hien-5s-trong-truong-hoc/,,,,0,180,0.00%,6.66,,,,,,,,,CTR thấp,Title/Meta Update,Cao,,,Chưa tạo,,
định nghĩa responsible business alliance ( viết tắt rba) tiếng việt là gì,GSC,https://knacert.com.vn/tin-tuc-tieu-chuan/rba-la-gi-quy-tac-ung-xu-rba-ve-trach-nhiem-xa-hoi-nganh-dien-tu/,,,,0,179,0.00%,4.77,,,,,,,,,CTR thấp,Title/Meta Update,Cao,,,Chưa tạo,,
fairtrade là gì,GSC,https://knacert.com.vn/dich-vu/tu-van-fairtrade-thuong-mai-cong-bang/,,,,1,174,0.57%,5.17,,,,,,,,,CTR thấp,Title/Meta Update,Cao,,,Chưa tạo,,
cfc là khí gì,GSC,https://knacert.com.vn/tin-tuc-tieu-chuan/cfc-la-khi-gi-cac-nguon-phat-thai-cua-khi-cfc/,,,,0,178,0.00%,6.28,,,,,,,,,CTR thấp,Title/Meta Update,Cao,,,Chưa tạo,,
qaqc là gì,GSC,https://knacert.com.vn/tin-tuc-tieu-chuan/ky-su-qa-la-lam-gi-mo-ta-cong-viec-qaqc/,,,,0,178,0.00%,6.11,,,,,,,,,CTR thấp,Title/Meta Update,Cao,,,Chưa tạo,,
c-tpat là chương trình an ninh chống khủng bố của hội mậu dịch hải quan nhằm,GSC,https://knacert.com.vn/tin-tuc-tieu-chuan/tieu-chuan-c-tpat-va-nhung-noi-dung-cap-nhat-moi/,,,,1,208,0.48%,3.96,,,,,,,,,CTR thấp,Title/Meta Update,Cao,,,Chưa tạo,,
msc là gì,GSC,https://knacert.com.vn/dich-vu/tieu-chuan-msc-chuong-trinh-quan-ly-chuoi-hanh-trinh-thuy-san/,,,,0,213,0.00%,2.86,,,,,,,,,CTR thấp,Title/Meta Update,Cao,,,Chưa tạo,,
coa là giấy gì,GSC,https://knacert.com.vn/tin-tuc-nganh-nghe/giay-coa-la-gi-tac-dung-cua-giay-chung-nhan-coa-certificate-of-analysis/,,,,5,187,2.67%,2.41,,,,,,,,,CTR thấp,Title/Meta Update,Cao,,,Chưa tạo,,
kna cert,GSC,https://knacert.com.vn/gioi-thieu/,,,,2,167,1.20%,6.73,,,,,,,,,CTR thấp,Title/Meta Update,Cao,,,Chưa tạo,,
oprp là gì,GSC,https://knacert.com.vn/tin-tuc-tieu-chuan/so-sanh-su-khac-nhau-giua-oprp-prp-ccp-trong-haccpiso-22000/,,,,4,190,2.11%,2.10,,,,,,,,,CTR thấp,Title/Meta Update,Cao,,,Chưa tạo,,
ohs là gì,GSC,https://knacert.com.vn/tin-tuc-tieu-chuan/iso-450012018-rui-ro-ohs-la-gi-kna-cert/,,,,0,174,0.00%,7.89,,,,,,,,,CTR thấp,Title/Meta Update,Cao,,,Chưa tạo,,
qa/qc,GSC,https://knacert.com.vn/tin-tuc-nganh-nghe/ky-su-qa-la-lam-gi-mo-ta-cong-viec-qaqc/,,,,1,203,0.49%,2.11,,,,,,,,,CTR thấp,Title/Meta Update,Cao,,,Chưa tạo,,
fda là tổ chức gì,GSC,https://knacert.com.vn/dich-vu/dang-ky-fda-la-gi-thu-tuc-xin-giay-chung-nhan-fda/,,,,0,173,0.00%,7.15,,,,,,,,,CTR thấp,Title/Meta Update,Cao,,,Chưa tạo,,
coa là chứng từ gì,GSC,https://knacert.com.vn/tin-tuc-nganh-nghe/giay-coa-la-gi-tac-dung-cua-giay-chung-nhan-coa-certificate-of-analysis/,,,,4,187,2.14%,2.56,,,,,,,,,CTR thấp,Title/Meta Update,Cao,,,Chưa tạo,,
iso là viết tắt của từ gì,GSC,https://knacert.com.vn/tin-tuc-tieu-chuan/iso-la-gi-nhung-tieu-chuan-iso-duoc-su-dung-nhieu-nhat/,,,,0,172,0.00%,5.21,,,,,,,,,CTR thấp,Title/Meta Update,Cao,,,Chưa tạo,,
làm qc là gì,GSC,https://knacert.com.vn/tin-tuc-tieu-chuan/ky-su-qa-la-lam-gi-mo-ta-cong-viec-qaqc/,,,,0,172,0.00%,9.44,,,,,,,,,CTR thấp,Title/Meta Update,Cao,,,Chưa tạo,,
tổng cục hải quan trung quốc,GSC,https://knacert.com.vn/cong-cu-cai-tien/gacc-la-gi-tim-hieu-ve-tong-cuc-hai-quan-trung-quoc/,,,,0,172,0.00%,6.38,,,,,,,,,CTR thấp,Title/Meta Update,Cao,,,Chưa tạo,,
iso 3834,GSC,https://knacert.com.vn/tin-tuc-tieu-chuan/tieu-chuan-iso-3834-he-thong-quan-ly-chat-luong-han/,,,,13,176,7.39%,4.62,,,,,,,,,Position 4-20,Refresh / Optimize,Cao,,,Chưa tạo,,
qa/qc là gì,GSC,https://knacert.com.vn/tin-tuc-nganh-nghe/ky-su-qa-la-lam-gi-mo-ta-cong-viec-qaqc/,,,,1,200,0.50%,1.66,,,,,,,,,CTR thấp,Title/Meta Update,Cao,,,Chưa tạo,,
quy trình chăn nuôi theo tiêu chuẩn vietgap,GSC,https://knacert.com.vn/tin-tuc-tieu-chuan/tim-hieu-tieu-chuan-vietgap-chan-nuoi-vietgap/,,,,3,189,1.59%,2.98,,,,,,,,,CTR thấp,Title/Meta Update,Cao,,,Chưa tạo,,
dun & bradstreet,GSC,https://knacert.com.vn/tin-tuc-tieu-chuan/dun-bradstreet-la-gi/,,,,0,169,0.00%,6.72,,,,,,,,,CTR thấp,Title/Meta Update,Cao,,,Chưa tạo,,
qaqc,GSC,https://knacert.com.vn/tin-tuc-nganh-nghe/ky-su-qa-la-lam-gi-mo-ta-cong-viec-qaqc/,,,,1,195,0.51%,2.97,,,,,,,,,CTR thấp,Title/Meta Update,Cao,,,Chưa tạo,,
chứng nhận ce marking,GSC,https://knacert.com.vn/dich-vu/dao-tao-chung-nhan-ce-marking/,,,,0,200,0.00%,10.70,,,,,,,,,CTR thấp,Title/Meta Update,Cao,,,Chưa tạo,,
công ty tnhh number one hà nam,GSC,https://knacert.com.vn/tin-tuc-tieu-chuan/nha-may-nuoc-giai-khat-number-one-ha-nam-dat-chung-nhan-iso-22000/,,,,1,162,0.62%,9.45,,,,,,,,,CTR thấp,Title/Meta Update,Cao,,,Chưa tạo,,
tín chỉ carbon,GSC,https://knacert.com.vn/cong-cu-cai-tien/tin-chi-carbon-rung-la-gi-va-nhung-quy-dinh-cu-the-trong-luat/,,,,1,162,0.62%,8.46,,,,,,,,,CTR thấp,Title/Meta Update,Cao,,,Chưa tạo,,
coa là gì trong xuất nhập khẩu,GSC,https://knacert.com.vn/cong-cu-cai-tien/giay-coa-la-gi-tac-dung-cua-giay-chung-nhan-coa-certificate-of-analysis/,,,,1,161,0.62%,5.42,,,,,,,,,CTR thấp,Title/Meta Update,Cao,,,Chưa tạo,,
thực trạng thực phẩm bẩn,GSC,https://knacert.com.vn/tin-tuc-nganh-nghe/thuc-trang-ve-sinh-an-toan-thuc-pham-o-viet-nam-hien-nay/,,,,5,173,2.89%,3.94,,,,,,,,,CTR thấp,Title/Meta Update,Cao,,,Chưa tạo,,
egd,GSC,https://knacert.com.vn/thong-tin-tieu-chuan/thoa-thuan-xanh-cua-lien-minh-chau-au-egd-la-gi/,,,,0,165,0.00%,4.90,,,,,,,,,CTR thấp,Title/Meta Update,Cao,,,Chưa tạo,,
iso 45001 là gì? giaiphaptriviet.com,GSC,https://knacert.com.vn/tin-tuc-tieu-chuan/tieu-chuan-iso-45001-la-gi-kna-cert/,,,,0,165,0.00%,6.35,,,,,,,,,CTR thấp,Title/Meta Update,Cao,,,Chưa tạo,,
vệ sinh an toàn thực phẩm là gì,GSC,https://knacert.com.vn/cong-cu-cai-tien/an-toan-ve-sinh-thuc-pham-la-gi-kna-cert/,,,,0,165,0.00%,5.05,,,,,,,,,CTR thấp,Title/Meta Update,Cao,,,Chưa tạo,,
đào tạo 5s,GSC,https://knacert.com.vn/dich-vu/dao-tao-thuc-hanh-5s/,,,,3,152,1.97%,4.18,,,,,,,,,CTR thấp,Title/Meta Update,Cao,,,Chưa tạo,,
cq là gì trong xuất nhập khẩu,GSC,https://knacert.com.vn/cong-cu-cai-tien/certificate-of-quality-cq-la-gi/,,,,2,156,1.28%,7.05,,,,,,,,,CTR thấp,Title/Meta Update,Cao,,,Chưa tạo,,
cty innovation,GSC,https://knacert.com.vn/khach-hang/dao-tao-tich-hop-iso-9001-va-iso-14001-cho-cong-ty-tnhh-innovation-tuong-lai-viet-nam/,,,,2,154,1.30%,8.39,,,,,,,,,CTR thấp,Title/Meta Update,Cao,,,Chưa tạo,,
iso 13485:2016,GSC,https://knacert.com.vn/tin-tuc-tieu-chuan/tieu-chuan-iso-134852016/,,,,2,154,1.30%,6.94,,,,,,,,,CTR thấp,Title/Meta Update,Cao,,,Chưa tạo,,
mã gacc là gì,GSC,https://knacert.com.vn/cong-cu-cai-tien/gacc-la-gi-tim-hieu-ve-tong-cuc-hai-quan-trung-quoc/,,,,0,161,0.00%,8.37,,,,,,,,,CTR thấp,Title/Meta Update,Cao,,,Chưa tạo,,
sa 8000,GSC,https://knacert.com.vn/dich-vu/sa-8000-la-gi-tieu-chuan-sa-8000-trach-nhiem-xa-hoi-cho-doanh-nghiep/,,,,9,185,4.86%,5.69,,,,,,,,,Position 4-20,Refresh / Optimize,Cao,,,Chưa tạo,,
coa trong xuất nhập khẩu là gì,GSC,https://knacert.com.vn/tin-tuc-nganh-nghe/giay-coa-la-gi-tac-dung-cua-giay-chung-nhan-coa-certificate-of-analysis/,,,,1,188,0.53%,3.62,,,,,,,,,CTR thấp,Title/Meta Update,Cao,,,Chưa tạo,,
iso 9001,GSC,https://knacert.com.vn/tin-tuc-tieu-chuan/tieu-chuan-iso-9001-la-gi/,,,,0,193,0.00%,3.97,,,,,,,,,CTR thấp,Title/Meta Update,Cao,,,Chưa tạo,,
un là gì,GSC,https://knacert.com.vn/dich-vu/chung-nhan-un-mark-cho-cac-hang-hoa-nguy-hiem/,,,,0,192,0.00%,1.51,,,,,,,,,CTR thấp,Title/Meta Update,Cao,,,Chưa tạo,,
iso 31000:2018,GSC,https://knacert.com.vn/tin-tuc-tieu-chuan/tai-lieu-iso-310002018-pdf/,,,,4,143,2.80%,7.05,,,,,,,,,CTR thấp,Title/Meta Update,Cao,,,Chưa tạo,,
chứng nhận gmp,GSC,https://knacert.com.vn/tin-tuc-tieu-chuan/giay-chung-nhan-gmp-la-gi/,,,,1,155,0.65%,6.34,,,,,,,,,CTR thấp,Title/Meta Update,Cao,,,Chưa tạo,,
amfori,GSC,https://knacert.com.vn/tin-tuc-tieu-chuan/gioi-thieu-ve-amfori-va-amfori-bsci/,,,,0,191,0.00%,3.77,,,,,,,,,CTR thấp,Title/Meta Update,Cao,,,Chưa tạo,,
fla là gì,GSC,https://knacert.com.vn/dich-vu/tu-van-tieu-chuan-fla-hiep-hoi-lao-dong-cong-bang/,,,,1,154,0.65%,7.03,,,,,,,,,CTR thấp,Title/Meta Update,Cao,,,Chưa tạo,,
gmp là chứng nhận gì,GSC,https://knacert.com.vn/tin-tuc-tieu-chuan/giay-chung-nhan-gmp-la-gi/,,,,1,153,0.65%,8.01,,,,,,,,,CTR thấp,Title/Meta Update,Cao,,,Chưa tạo,,
sedex là gì,GSC,https://knacert.com.vn/dich-vu/sedex-la-gi-tu-van-tieu-chuan-sedex-smeta/,,,,2,148,1.35%,5.58,,,,,,,,,CTR thấp,Title/Meta Update,Cao,,,Chưa tạo,,
chứng nhận gmp là gì,GSC,https://knacert.com.vn/tin-tuc-tieu-chuan/giay-chung-nhan-gmp-la-gi/,,,,1,152,0.66%,7.03,,,,,,,,,CTR thấp,Title/Meta Update,Cao,,,Chưa tạo,,
iso là viết tắt của từ gì,GSC,https://knacert.com.vn/tin-tuc-tieu-chuan/iso-la-gi-nhung-tieu-chuan-iso-pho-bien-va-quy-trinh-chung-nhan-iso/,,,,0,156,0.00%,6.89,,,,,,,,,CTR thấp,Title/Meta Update,Cao,,,Chưa tạo,,
swot dùng để làm gì,GSC,https://knacert.com.vn/cong-cu-cai-tien/ma-tran-swot-la-gi-ung-dung-cua-swot-vao-phan-tich-chien-luoc-kinh-doanh/,,,,1,182,0.55%,3.64,,,,,,,,,CTR thấp,Title/Meta Update,Cao,,,Chưa tạo,,
rds là gì,GSC,https://knacert.com.vn/tin-tuc-tieu-chuan/rds-tieu-chuan-long-vu-co-trach-nhiem/,,,,0,155,0.00%,7.94,,,,,,,,,CTR thấp,Title/Meta Update,Cao,,,Chưa tạo,,
mrsl là gì,GSC,https://knacert.com.vn/cong-cu-cai-tien/danh-sach-cac-chat-han-che-san-xuat-mrsl-la-gi/,,,,1,150,0.67%,6.07,,,,,,,,,CTR thấp,Title/Meta Update,Cao,,,Chưa tạo,,
các điều khoản của sa8000 bao gồm,GSC,https://knacert.com.vn/tin-tuc-tieu-chuan/nhung-cau-hoi-thuong-gap-ve-tieu-chuan-sa8000/,,,,0,185,0.00%,1.39,,,,,,,,,CTR thấp,Title/Meta Update,Cao,,,Chưa tạo,,
kna,GSC,https://knacert.com.vn/tuyen-dung/,,,,0,185,0.00%,2.01,,,,,,,,,CTR thấp,Title/Meta Update,Cao,,,Chưa tạo,,
gots là gì,GSC,https://knacert.com.vn/dich-vu/tu-van-gots-tieu-chuan-det-may-huu-co-toan-cau/,,,,0,154,0.00%,5.32,,,,,,,,,CTR thấp,Title/Meta Update,Cao,,,Chưa tạo,,
tiêu chuẩn fssc 22000,GSC,https://knacert.com.vn/tin-tuc-tieu-chuan/fssc-22000-la-gi-noi-dung-va-loi-ich-khi-doanh-nghiep-ap-dung/,,,,2,145,1.38%,9.81,,,,,,,,,CTR thấp,Title/Meta Update,Cao,,,Chưa tạo,,
ul là gì,GSC,https://knacert.com.vn/dich-vu/chung-nhan-ul-mark/,,,,1,179,0.56%,3.79,,,,,,,,,CTR thấp,Title/Meta Update,Cao,,,Chưa tạo,,
iso viết tắt là gì,GSC,https://knacert.com.vn/tin-tuc-tieu-chuan/iso-la-gi-nhung-tieu-chuan-iso-duoc-su-dung-nhieu-nhat/,,,,0,153,0.00%,5.89,,,,,,,,,CTR thấp,Title/Meta Update,Cao,,,Chưa tạo,,
iso 26000,GSC,https://knacert.com.vn/tin-tuc-tieu-chuan/iso-26000-la-gi-tieu-chuan-quoc-te-ve-trach-nhiem-xa-hoi/,,,,4,136,2.94%,6.71,,,,,,,,,CTR thấp,Title/Meta Update,Cao,,,Chưa tạo,,
iso/iec 27001:2022,GSC,https://knacert.com.vn/tin-tuc-tieu-chuan/nhung-dieu-can-biet-ve-ban-cap-nhat-isoiec-270012022/,,,,4,136,2.94%,6.09,,,,,,,,,CTR thấp,Title/Meta Update,Cao,,,Chưa tạo,,
iatf là chứng chỉ gì,GSC,https://knacert.com.vn/dich-vu/dao-tao-tieu-chuan-iatf-169492016/,,,,3,168,1.79%,2.85,,,,,,,,,CTR thấp,Title/Meta Update,Cao,,,Chưa tạo,,
công ty trách nhiệm hữu hạn hưng nghiệp formosa,GSC,https://knacert.com.vn/khach-hang/cong-ty-tnhh-hung-nghiep-formosa-dat-chung-nhan-iso-140012015/,,,,1,148,0.68%,7.27,,,,,,,,,CTR thấp,Title/Meta Update,Cao,,,Chưa tạo,,
chứng nhận iso 22000,GSC,https://knacert.com.vn/dich-vu/dao-tao-chung-nhan-iso-220002018-an-toan-thuc-pham/,,,,0,152,0.00%,7.88,,,,,,,,,CTR thấp,Title/Meta Update,Cao,,,Chưa tạo,,
iso14001,GSC,https://knacert.com.vn/cong-cu-cai-tien/tieu-chuan-iso-140012015/,,,,0,151,0.00%,6.51,,,,,,,,,CTR thấp,Title/Meta Update,Cao,,,Chưa tạo,,
q qa qa,GSC,https://knacert.com.vn/tin-tuc-tieu-chuan/ky-su-qa-la-lam-gi-mo-ta-cong-viec-qaqc/,,,,0,151,0.00%,7.19,,,,,,,,,CTR thấp,Title/Meta Update,Cao,,,Chưa tạo,,
5s,GSC,https://knacert.com.vn/dich-vu/dao-tao-thuc-hanh-5s/,,,,1,176,0.57%,10.18,,,,,,,,,CTR thấp,Title/Meta Update,Cao,,,Chưa tạo,,
certificate of analysis,GSC,https://knacert.com.vn/cong-cu-cai-tien/giay-coa-la-gi-tac-dung-cua-giay-chung-nhan-coa-certificate-of-analysis/,,,,8,175,4.57%,6.19,,,,,,,,,Position 4-20,Refresh / Optimize,Cao,,,Chưa tạo,,
halal,GSC,https://knacert.com.vn/tin-tuc-tieu-chuan/tieu-chuan-halal-la-gi/,,,,1,175,0.57%,13.67,,,,,,,,,CTR thấp,Title/Meta Update,Cao,,,Chưa tạo,,
cp là j,GSC,https://knacert.com.vn/tin-tuc-tieu-chuan/cp-trong-haccp-la-gi-tai-sao-ap-dung-diem-kiem-soat-cp-trong-haccp/,,,,0,150,0.00%,8.14,,,,,,,,,CTR thấp,Title/Meta Update,Cao,,,Chưa tạo,,
sbp,GSC,https://knacert.com.vn/tin-tuc-nganh-nghe/chuong-trinh-sinh-khoi-ben-vung-sbp/,,,,0,150,0.00%,5.57,,,,,,,,,CTR thấp,Title/Meta Update,Cao,,,Chưa tạo,,
giấy chứng nhận lưu hành,GSC,https://knacert.com.vn/dich-vu/giay-chung-nhan-luu-hanh-tu-do-cfs/,,,,3,164,1.83%,2.52,,,,,,,,,CTR thấp,Title/Meta Update,Cao,,,Chưa tạo,,
qa la gi,GSC,https://knacert.com.vn/tin-tuc-nganh-nghe/ky-su-qa-la-lam-gi-mo-ta-cong-viec-qaqc/,,,,2,168,1.19%,2.70,,,,,,,,,CTR thấp,Title/Meta Update,Cao,,,Chưa tạo,,
vai trò của thực phẩm sạch trong cuộc sống hàng ngày,GSC,https://knacert.com.vn/cong-cu-cai-tien/an-toan-ve-sinh-thuc-pham-la-gi-kna-cert/,,,,0,178,0.00%,2.44,,,,,,,,,CTR thấp,Title/Meta Update,Cao,,,Chưa tạo,,
vietgap là gì,GSC,https://knacert.com.vn/tin-tuc-tieu-chuan/gioi-thieu-bo-tieu-chuan-vietgap/,,,,0,178,0.00%,3.03,,,,,,,,,CTR thấp,Title/Meta Update,Cao,,,Chưa tạo,,
smeta,GSC,https://knacert.com.vn/blogs/tin-tuc/tieu-chuan-trach-nhiem-xa-hoi-smeta-la-gi,,,,0,148,0.00%,5.41,,,,,,,,,CTR thấp,Title/Meta Update,Cao,,,Chưa tạo,,
d-u-n-s,GSC,https://knacert.com.vn/dich-vu/ma-so-duns-la-gi-dang-ki-ma-duns-cho-doanh-nghiep/,,,,0,147,0.00%,5.74,,,,,,,,,CTR thấp,Title/Meta Update,Cao,,,Chưa tạo,,
kna cert,GSC,https://knacert.com.vn/about-us/?lang=en,,,,0,147,0.00%,7.45,,,,,,,,,CTR thấp,Title/Meta Update,Cao,,,Chưa tạo,,
bsci là chứng chỉ gì,GSC,https://knacert.com.vn/tin-tuc-tieu-chuan/bo-tieu-chuan-bsci-business-social-compliance-initiative/,,,,2,166,1.20%,2.91,,,,,,,,,CTR thấp,Title/Meta Update,Cao,,,Chưa tạo,,
kaizen là gì,GSC,https://knacert.com.vn/blogs/tin-tuc/kaizen-la-gi-tim-hieu-nhung-loi-ich-tu-viec-ap-dung-kaizen,,,,0,145,0.00%,6.67,,,,,,,,,CTR thấp,Title/Meta Update,Cao,,,Chưa tạo,,
pdca,GSC,https://knacert.com.vn/tin-tuc-tieu-chuan/pdca-la-gi/,,,,1,168,0.60%,13.20,,,,,,,,,CTR thấp,Title/Meta Update,Cao,,,Chưa tạo,,
poka yoke,GSC,https://knacert.com.vn/tin-tuc-tieu-chuan/gioi-thieu-ve-chong-sai-loi-poka-yoke/,,,,1,140,0.71%,4.97,,,,,,,,,CTR thấp,Title/Meta Update,Cao,,,Chưa tạo,,
chứng chỉ fda,GSC,https://knacert.com.vn/dich-vu/dang-ky-fda-la-gi-thu-tuc-xin-giay-chung-nhan-fda/,,,,0,144,0.00%,6.61,,,,,,,,,CTR thấp,Title/Meta Update,Cao,,,Chưa tạo,,
iso 9001 2015,GSC,https://knacert.com.vn/tin-tuc-tieu-chuan/tieu-chuan-iso-90012015-la-gi-kna-cert/,,,,0,172,0.00%,11.69,,,,,,,,,CTR thấp,Title/Meta Update,Cao,,,Chưa tạo,,
lông vũ là gì,GSC,https://knacert.com.vn/tin-tuc-tieu-chuan/long-vu-va-ap-dung-tieu-chuan-rds-cho-cac-nha-san-xuat-thoi-trang/,,,,0,172,0.00%,10.86,,,,,,,,,CTR thấp,Title/Meta Update,Cao,,,Chưa tạo,,
icti,GSC,https://knacert.com.vn/dich-vu/tu-van-icti-hiep-hoi-quoc-te-ve-nganh-cong-nghiep-do-choi-da-xac-minh/,,,,1,139,0.72%,8.31,,,,,,,,,CTR thấp,Title/Meta Update,Cao,,,Chưa tạo,,
iso 22000 là gì,GSC,https://knacert.com.vn/tin-tuc-tieu-chuan/iso-22000-la-gi-nen-tang-an-toan-thuc-pham-trong-thoi-dai-moi/,,,,1,138,0.72%,9.69,,,,,,,,,CTR thấp,Title/Meta Update,Cao,,,Chưa tạo,,
q a,GSC,https://knacert.com.vn/tin-tuc-tieu-chuan/ky-su-qa-la-lam-gi-mo-ta-cong-viec-qaqc/,,,,0,142,0.00%,6.85,,,,,,,,,CTR thấp,Title/Meta Update,Cao,,,Chưa tạo,,
walmart là gì,GSC,https://knacert.com.vn/dich-vu/dao-tao-danh-gia-walmart/,,,,0,142,0.00%,6.21,,,,,,,,,CTR thấp,Title/Meta Update,Cao,,,Chưa tạo,,
quality assurance là gì,GSC,https://knacert.com.vn/tin-tuc-tieu-chuan/ky-su-qa-la-lam-gi-mo-ta-cong-viec-qaqc/,,,,2,133,1.50%,5.25,,,,,,,,,CTR thấp,Title/Meta Update,Cao,,,Chưa tạo,,
scs là gì,GSC,https://knacert.com.vn/dich-vu/chung-nhan-scs-recycled-chung-nhan-duoc-cong-nhan-toan-cau/,,,,1,137,0.73%,4.31,,,,,,,,,CTR thấp,Title/Meta Update,Cao,,,Chưa tạo,,
qa và qc là gì,GSC,https://knacert.com.vn/tin-tuc-nganh-nghe/ky-su-qa-la-lam-gi-mo-ta-cong-viec-qaqc/,,,,1,164,0.61%,2.28,,,,,,,,,CTR thấp,Title/Meta Update,Cao,,,Chưa tạo,,
rba là j,GSC,https://knacert.com.vn/tin-tuc-tieu-chuan/rba-la-gi-quy-tac-ung-xu-rba-ve-trach-nhiem-xa-hoi-nganh-dien-tu/,,,,2,132,1.52%,4.84,,,,,,,,,CTR thấp,Title/Meta Update,Cao,,,Chưa tạo,,
kỹ sư qa,GSC,https://knacert.com.vn/tin-tuc-nganh-nghe/ky-su-qa-la-lam-gi-mo-ta-cong-viec-qaqc/,,,,4,147,2.72%,1.96,,,,,,,,,CTR thấp,Title/Meta Update,Cao,,,Chưa tạo,,
mã số duns là gì,GSC,https://knacert.com.vn/dich-vu/ma-so-duns-la-gi-dang-ki-ma-duns-cho-doanh-nghiep/,,,,1,135,0.74%,6.70,,,,,,,,,CTR thấp,Title/Meta Update,Cao,,,Chưa tạo,,
chứng chỉ iso 9001,GSC,https://knacert.com.vn/dich-vu/dao-tao-chung-nhan-iso-90012015/,,,,1,134,0.75%,6.14,,,,,,,,,CTR thấp,Title/Meta Update,Cao,,,Chưa tạo,,
iso 9000:2015,GSC,https://knacert.com.vn/tin-tuc-tieu-chuan/iso-9000-la-gi/,,,,0,138,0.00%,5.05,,,,,,,,,CTR thấp,Title/Meta Update,Cao,,,Chưa tạo,,
vietgap là gì,GSC,https://knacert.com.vn/tin-tuc-tieu-chuan/tieu-chuan-vietgap-va-globalgap-co-gi-giong-va-khac-nhau/,,,,0,165,0.00%,2.70,,,,,,,,,CTR thấp,Title/Meta Update,Cao,,,Chưa tạo,,
gots,GSC,https://knacert.com.vn/dich-vu/tu-van-gots-tieu-chuan-det-may-huu-co-toan-cau/,,,,0,137,0.00%,4.90,,,,,,,,,CTR thấp,Title/Meta Update,Cao,,,Chưa tạo,,
làm qa là gì,GSC,https://knacert.com.vn/tin-tuc-tieu-chuan/ky-su-qa-la-lam-gi-mo-ta-cong-viec-qaqc/,,,,1,159,0.63%,2.90,,,,,,,,,CTR thấp,Title/Meta Update,Cao,,,Chưa tạo,,
global gap,GSC,https://knacert.com.vn/dich-vu/dao-tao-chung-nhan-global-gap/,,,,0,136,0.00%,6.32,,,,,,,,,CTR thấp,Title/Meta Update,Cao,,,Chưa tạo,,
iso 28000,GSC,https://knacert.com.vn/dich-vu/iso-28000-la-gi-thoi-co-va-nhung-thach-thuc-trong-quan-ly-an-ninh/,,,,3,123,2.44%,6.57,,,,,,,,,CTR thấp,Title/Meta Update,Cao,,,Chưa tạo,,
46061.0,GSC,https://knacert.com.vn/tin-tuc-tieu-chuan/dieu-khoan-82-iso-90012015-yeu-cau-doi-voi-san-pham-va-dich-vu/,,,,0,135,0.00%,6.76,,,,,,,,,CTR thấp,Title/Meta Update,Cao,,,Chưa tạo,,
globalg.a.p,GSC,https://knacert.com.vn/dich-vu/dao-tao-chung-nhan-global-gap/,,,,0,135,0.00%,9.35,,,,,,,,,CTR thấp,Title/Meta Update,Cao,,,Chưa tạo,,
mô hình swot,GSC,https://knacert.com.vn/cong-cu-cai-tien/vi-du-ve-mo-hinh-swot-va-cach-xay-dung-ma-tran-swot/,,,,1,156,0.64%,14.03,,,,,,,,,CTR thấp,Title/Meta Update,Cao,,,Chưa tạo,,
chứng nhận ul là gì,GSC,https://knacert.com.vn/dich-vu/chung-nhan-ul-mark/,,,,1,130,0.77%,4.93,,,,,,,,,CTR thấp,Title/Meta Update,Cao,,,Chưa tạo,,
nhân viên qa là làm gì,GSC,https://knacert.com.vn/tin-tuc-nganh-nghe/ky-su-qa-la-lam-gi-mo-ta-cong-viec-qaqc/,,,,1,130,0.77%,4.42,,,,,,,,,CTR thấp,Title/Meta Update,Cao,,,Chưa tạo,,
6 sigma,GSC,https://knacert.com.vn/cong-cu-cai-tien/tim-hieu-mo-hinh-lean-six-sigma-mo-hinh-cai-tien-nang-suat-chat-luong/,,,,1,129,0.78%,4.80,,,,,,,,,CTR thấp,Title/Meta Update,Cao,,,Chưa tạo,,
công ty tnhh mtv jordan manufacturing việt nam,GSC,https://knacert.com.vn/tin-tuc-nganh-nghe/cong-ty-tnhh-mtv-jordan-manufacturing-viet-nam-danh-gia-smeta-dat-hang-cao/,,,,1,129,0.78%,6.47,,,,,,,,,CTR thấp,Title/Meta Update,Cao,,,Chưa tạo,,
fcca là gì,GSC,https://knacert.com.vn/dich-vu/danh-gia-nang-luc-cua-nha-may-fcca-theo-wal-mart/,,,,1,129,0.78%,5.16,,,,,,,,,CTR thấp,Title/Meta Update,Cao,,,Chưa tạo,,
oeko-tex,GSC,https://knacert.com.vn/dich-vu/tieu-chuan-oeko-tex-100-cho-san-pham-det-may/,,,,1,129,0.78%,5.54,,,,,,,,,CTR thấp,Title/Meta Update,Cao,,,Chưa tạo,,
iatf 16949 pdf,GSC,https://knacert.com.vn/tin-tuc-tieu-chuan/iatf-16949-pdf-phien-ban-moi-nhat-mien-phi/,,,,18,87,20.69%,4.46,,,,,,,,,Position 4-20,Refresh / Optimize,Trung bình,,,Chưa tạo,,
brc,GSC,https://knacert.com.vn/phat-trien-ben-vung/nhung-cau-hoi-tuong-gap-ve-tieu-chuan-brc-an-toan-thuc-pham/,,,,1,154,0.65%,10.68,,,,,,,,,CTR thấp,Title/Meta Update,Cao,,,Chưa tạo,,
qa qc là làm gì,GSC,https://knacert.com.vn/tin-tuc-tieu-chuan/ky-su-qa-la-lam-gi-mo-ta-cong-viec-qaqc/,,,,1,154,0.65%,2.68,,,,,,,,,CTR thấp,Title/Meta Update,Cao,,,Chưa tạo,,
tiêu chuẩn vietgap,GSC,https://knacert.com.vn/tin-tuc-tieu-chuan/gioi-thieu-bo-tieu-chuan-vietgap/,,,,0,132,0.00%,5.14,,,,,,,,,CTR thấp,Title/Meta Update,Cao,,,Chưa tạo,,
tc viết tắt là gì,GSC,https://knacert.com.vn/dich-vu/giay-chung-nhan-giao-dichchung-chi-tc-la-gi/,,,,3,143,2.10%,3.18,,,,,,,,,CTR thấp,Title/Meta Update,Cao,,,Chưa tạo,,
tiêu chuẩn gmp,GSC,https://knacert.com.vn/dich-vu/tieu-chuan-gmp-thuc-hanh-san-xuat-tot/,,,,1,127,0.79%,6.36,,,,,,,,,CTR thấp,Title/Meta Update,Cao,,,Chưa tạo,,
qa qc là làm gì,GSC,https://knacert.com.vn/tin-tuc-nganh-nghe/ky-su-qa-la-lam-gi-mo-ta-cong-viec-qaqc/,,,,0,131,0.00%,4.35,,,,,,,,,CTR thấp,Title/Meta Update,Cao,,,Chưa tạo,,
công ty tnhh korea nano system vina,GSC,https://knacert.com.vn/khach-hang/dao-tao-an-toan-lao-dong-cho-can-bo-cong-ty-tnhh-korea-nano-system-vina/,,,,1,126,0.79%,7.44,,,,,,,,,CTR thấp,Title/Meta Update,Cao,,,Chưa tạo,,
q a,GSC,https://knacert.com.vn/tin-tuc-nganh-nghe/ky-su-qa-la-lam-gi-mo-ta-cong-viec-qaqc/,,,,1,151,0.66%,1.58,,,,,,,,,CTR thấp,Title/Meta Update,Cao,,,Chưa tạo,,
tc,GSC,https://knacert.com.vn/giay-chung-nhan-giao-dichchung-chi-tc-la-gi,,,,0,156,0.00%,1.01,,,,,,,,,CTR thấp,Title/Meta Update,Cao,,,Chưa tạo,,
sa 8000 là gì,GSC,https://knacert.com.vn/dich-vu/sa-8000-la-gi-tieu-chuan-sa-8000-trach-nhiem-xa-hoi-cho-doanh-nghiep/,,,,3,117,2.56%,4.03,,,,,,,,,CTR thấp,Title/Meta Update,Cao,,,Chưa tạo,,
khóa học iso 22000,GSC,https://knacert.com.vn/course/khoa-dao-tao-iso-220002018/,,,,1,125,0.80%,7.77,,,,,,,,,CTR thấp,Title/Meta Update,Cao,,,Chưa tạo,,
ccp là gì,GSC,https://knacert.com.vn/tin-tuc-tieu-chuan/so-sanh-su-khac-nhau-giua-oprp-prp-ccp-trong-haccpiso-22000/,,,,0,155,0.00%,1.90,,,,,,,,,CTR thấp,Title/Meta Update,Cao,,,Chưa tạo,,
cgmp là gì,GSC,https://knacert.com.vn/tin-tuc-tieu-chuan/tieu-chuan-cgmp-asean-la-gi/,,,,0,155,0.00%,3.97,,,,,,,,,CTR thấp,Title/Meta Update,Cao,,,Chưa tạo,,
ctpat là viết tắt của từ gì,GSC,https://knacert.com.vn/tin-tuc-tieu-chuan/tieu-chuan-c-tpat-va-nhung-noi-dung-cap-nhat-moi/,,,,0,129,0.00%,5.24,,,,,,,,,CTR thấp,Title/Meta Update,Cao,,,Chưa tạo,,
iso 9001:2015,GSC,https://knacert.com.vn/tin-tuc-tieu-chuan/tong-quan-ve-cac-dieu-khoan-iso-90012015/,,,,0,154,0.00%,3.77,,,,,,,,,CTR thấp,Title/Meta Update,Cao,,,Chưa tạo,,
tiêu chuẩn iso,GSC,https://knacert.com.vn/tin-tuc-tieu-chuan/iso-la-gi-nhung-tieu-chuan-iso-duoc-su-dung-nhieu-nhat/,,,,0,154,0.00%,10.57,,,,,,,,,CTR thấp,Title/Meta Update,Cao,,,Chưa tạo,,
chứng nhận fda hoa kỳ,GSC,https://knacert.com.vn/dich-vu/dang-ky-fda-la-gi-thu-tuc-xin-giay-chung-nhan-fda/,,,,1,124,0.81%,6.45,,,,,,,,,CTR thấp,Title/Meta Update,Cao,,,Chưa tạo,,
iso 9001 2015 là gì,GSC,https://knacert.com.vn/tin-tuc-tieu-chuan/tieu-chuan-iso-90012015-la-gi-kna-cert/,,,,1,124,0.81%,5.41,,,,,,,,,CTR thấp,Title/Meta Update,Cao,,,Chưa tạo,,
quy chuẩn kỹ thuật quốc gia,GSC,https://knacert.com.vn/phat-trien-ben-vung/su-khac-nhau-giua-tieu-chuan-tcvn-va-quy-chuan-ky-thuat-quoc-gia-qcvn/,,,,0,128,0.00%,7.86,,,,,,,,,CTR thấp,Title/Meta Update,Cao,,,Chưa tạo,,
coa là chứng từ gì,GSC,https://knacert.com.vn/cong-cu-cai-tien/giay-coa-la-gi-tac-dung-cua-giay-chung-nhan-coa-certificate-of-analysis/,,,,1,148,0.68%,3.16,,,,,,,,,CTR thấp,Title/Meta Update,Cao,,,Chưa tạo,,
ví dụ về mục tiêu smart,GSC,https://knacert.com.vn/tin-tuc-tieu-chuan/tong-quan-ve-mo-hinh-smart-vi-du-ve-muc-tieu-smart/,,,,8,188,4.26%,10.03,,,,,,,,,Position 4-20,Refresh / Optimize,Cao,,,Chưa tạo,,
ce,GSC,https://knacert.com.vn/blogs/hoi-dap/nhung-cau-hoi-thuong-gap-ve-ce-marking,,,,0,127,0.00%,9.42,,,,,,,,,CTR thấp,Title/Meta Update,Cao,,,Chưa tạo,,
kỹ sư qa qc là gì,GSC,https://knacert.com.vn/tin-tuc-nganh-nghe/ky-su-qa-la-lam-gi-mo-ta-cong-viec-qaqc/,,,,0,127,0.00%,4.02,,,,,,,,,CTR thấp,Title/Meta Update,Cao,,,Chưa tạo,,
5s trong sản xuất,GSC,https://knacert.com.vn/cong-cu-cai-tien/cach-thuc-hien-5s-trong-san-xuat/,,,,0,152,0.00%,10.36,,,,,,,,,CTR thấp,Title/Meta Update,Cao,,,Chưa tạo,,
chứng nhận iso 14001,GSC,https://knacert.com.vn/cong-cu-cai-tien/tieu-chuan-iso-140012015/,,,,0,152,0.00%,2.54,,,,,,,,,CTR thấp,Title/Meta Update,Cao,,,Chưa tạo,,
giấy wrap,GSC,https://knacert.com.vn/tin-tuc-tieu-chuan/wrap-certificate-giay-chung-nhan-wrap-la-gi/,,,,0,126,0.00%,4.93,,,,,,,,,CTR thấp,Title/Meta Update,Cao,,,Chưa tạo,,
ccs là gì,GSC,https://knacert.com.vn/cong-cu-cai-tien/tieu-chuan-tuyen-bo-thanh-phan-ccs-la-gi-kna-cert/,,,,0,151,0.00%,12.07,,,,,,,,,CTR thấp,Title/Meta Update,Cao,,,Chưa tạo,,
cfc công thức,GSC,https://knacert.com.vn/tin-tuc-tieu-chuan/cfc-la-khi-gi-cac-nguon-phat-thai-cua-khi-cfc/,,,,0,151,0.00%,1.07,,,,,,,,,CTR thấp,Title/Meta Update,Cao,,,Chưa tạo,,
vệ sinh an toàn thực phẩm,GSC,https://knacert.com.vn/tin-tuc-nganh-nghe/thuc-trang-ve-sinh-an-toan-thuc-pham-o-viet-nam-hien-nay/,,,,3,135,2.22%,10.12,,,,,,,,,CTR thấp,Title/Meta Update,Cao,,,Chưa tạo,,
qa là gì trong sản xuất,GSC,https://knacert.com.vn/tin-tuc-nganh-nghe/ky-su-qa-la-lam-gi-mo-ta-cong-viec-qaqc/,,,,0,150,0.00%,3.41,,,,,,,,,CTR thấp,Title/Meta Update,Cao,,,Chưa tạo,,
giấy chứng nhận fda,GSC,https://knacert.com.vn/dich-vu/dang-ky-fda-la-gi-thu-tuc-xin-giay-chung-nhan-fda/,,,,0,125,0.00%,6.68,,,,,,,,,CTR thấp,Title/Meta Update,Cao,,,Chưa tạo,,
5s,GSC,https://knacert.com.vn/tin-tuc-tieu-chuan/he-thong-5s-trong-quan-ly-nha-xuong/,,,,1,144,0.69%,11.81,,,,,,,,,CTR thấp,Title/Meta Update,Cao,,,Chưa tạo,,
công ty tnhh ykk việt nam,GSC,https://knacert.com.vn/khach-hang/dao-tao-tieu-chuan-grs-cho-cong-ty-tnhh-ykk-viet-nam/,,,,0,124,0.00%,8.24,,,,,,,,,CTR thấp,Title/Meta Update,Cao,,,Chưa tạo,,
qc qa là gì,GSC,https://knacert.com.vn/tin-tuc-tieu-chuan/ky-su-qa-la-lam-gi-mo-ta-cong-viec-qaqc/,,,,0,124,0.00%,4.58,,,,,,,,,CTR thấp,Title/Meta Update,Cao,,,Chưa tạo,,
tiêu chuẩn vietgap,GSC,https://knacert.com.vn/tin-tuc-tieu-chuan/tieu-chuan-vietgap-va-globalgap-co-gi-giong-va-khac-nhau/,,,,0,124,0.00%,7.40,,,,,,,,,CTR thấp,Title/Meta Update,Cao,,,Chưa tạo,,
what is sedex,GSC,https://knacert.com.vn/what-is-sedex-sedex-pre-audit-smeta,,,,0,124,0.00%,8.11,,,,,,,,,CTR thấp,Title/Meta Update,Cao,,,Chưa tạo,,
an toàn và sức khỏe nghề nghiệp,GSC,https://knacert.com.vn/tin-tuc-tieu-chuan/chinh-sach-iso-45001-ve-an-toan-va-suc-khoe-nghe-nghiep/,,,,0,148,0.00%,2.13,,,,,,,,,CTR thấp,Title/Meta Update,Cao,,,Chưa tạo,,
iso13485,GSC,https://knacert.com.vn/tin-tuc-tieu-chuan/tieu-chuan-iso-134852016/,,,,1,119,0.84%,4.90,,,,,,,,,CTR thấp,Title/Meta Update,Cao,,,Chưa tạo,,
cty kingmaker,GSC,https://knacert.com.vn/khach-hang/cap-giay-chung-nhan-iso-90012015-cho-cong-ty-tnhh-kingmaker-viet-nam-foot-wear/,,,,0,123,0.00%,7.34,,,,,,,,,CTR thấp,Title/Meta Update,Cao,,,Chưa tạo,,
globalgap là gì,GSC,https://knacert.com.vn/tin-tuc-tieu-chuan/tieu-chuan-vietgap-va-globalgap-co-gi-giong-va-khac-nhau/,,,,0,123,0.00%,7.84,,,,,,,,,CTR thấp,Title/Meta Update,Cao,,,Chưa tạo,,
iso la gi,GSC,https://knacert.com.vn/tin-tuc-tieu-chuan/iso-la-gi-nhung-tieu-chuan-iso-duoc-su-dung-nhieu-nhat/,,,,1,142,0.70%,3.85,,,,,,,,,CTR thấp,Title/Meta Update,Cao,,,Chưa tạo,,
iso 9001 là gì,GSC,https://knacert.com.vn/tin-tuc-tieu-chuan/hoi-dap-giay-chung-nhan-iso-9001-do-co-quan-nao-cap/,,,,0,147,0.00%,1.05,,,,,,,,,CTR thấp,Title/Meta Update,Cao,,,Chưa tạo,,
giấy chứng nhận haccp,GSC,https://knacert.com.vn/dich-vu/dao-tao-chung-nhan-haccp/,,,,1,118,0.85%,5.56,,,,,,,,,CTR thấp,Title/Meta Update,Cao,,,Chưa tạo,,
phương pháp swot,GSC,https://knacert.com.vn/cong-cu-cai-tien/ma-tran-swot-la-gi-ung-dung-cua-swot-vao-phan-tich-chien-luoc-kinh-doanh/,,,,1,118,0.85%,8.61,,,,,,,,,CTR thấp,Title/Meta Update,Cao,,,Chưa tạo,,
qa là bộ phận gì,GSC,https://knacert.com.vn/tin-tuc-nganh-nghe/ky-su-qa-la-lam-gi-mo-ta-cong-viec-qaqc/,,,,0,122,0.00%,4.16,,,,,,,,,CTR thấp,Title/Meta Update,Cao,,,Chưa tạo,,
7 loại lãng phí,GSC,https://knacert.com.vn/cong-cu-cai-tien/7-loai-lang-phi-trong-san-xuat-la-gi-cach-nhan-dien-va-loai-bo/,,,,1,141,0.71%,3.87,,,,,,,,,CTR thấp,Title/Meta Update,Cao,,,Chưa tạo,,
qa là,GSC,https://knacert.com.vn/tin-tuc-nganh-nghe/ky-su-qa-la-lam-gi-mo-ta-cong-viec-qaqc/,,,,1,141,0.71%,3.25,,,,,,,,,CTR thấp,Title/Meta Update,Cao,,,Chưa tạo,,
pefc là gì,GSC,https://knacert.com.vn/tin-tuc-tieu-chuan/pefc-la-gi-tieu-chuan-pefccocfm-va-chung-chi-rung/,,,,2,113,1.77%,4.99,,,,,,,,,CTR thấp,Title/Meta Update,Cao,,,Chưa tạo,,
cgmp,GSC,https://knacert.com.vn/tin-tuc-tieu-chuan/tieu-chuan-cgmp-asean-la-gi/,,,,0,121,0.00%,4.68,,,,,,,,,CTR thấp,Title/Meta Update,Cao,,,Chưa tạo,,
chứng chỉ haccp là gì,GSC,https://knacert.com.vn/dich-vu/dao-tao-chung-nhan-haccp/,,,,0,121,0.00%,5.46,,,,,,,,,CTR thấp,Title/Meta Update,Cao,,,Chưa tạo,,
qc là công việc gì,GSC,https://knacert.com.vn/tin-tuc-nganh-nghe/ky-su-qa-la-lam-gi-mo-ta-cong-viec-qaqc/,,,,0,121,0.00%,5.03,,,,,,,,,CTR thấp,Title/Meta Update,Cao,,,Chưa tạo,,
sa8000,GSC,https://knacert.com.vn/tin-tuc-tieu-chuan/nhung-cau-hoi-thuong-gap-ve-tieu-chuan-sa8000/,,,,0,121,0.00%,9.88,,,,,,,,,CTR thấp,Title/Meta Update,Cao,,,Chưa tạo,,
ul product iq,GSC,https://knacert.com.vn/cong-cu-cai-tien/huong-dan-cach-kiem-tra-ma-so-chung-nhan-ul/,,,,3,108,2.78%,4.77,,,,,,,,,CTR thấp,Title/Meta Update,Cao,,,Chưa tạo,,
an toàn vệ sinh thực phẩm là gì,GSC,https://knacert.com.vn/cong-cu-cai-tien/an-toan-ve-sinh-thuc-pham-la-gi-kna-cert/,,,,1,116,0.86%,7.55,,,,,,,,,CTR thấp,Title/Meta Update,Cao,,,Chưa tạo,,
gmp trong sản xuất thực phẩm,GSC,https://knacert.com.vn/dich-vu/tieu-chuan-gmp-thuc-hanh-san-xuat-tot/,,,,1,116,0.86%,4.89,,,,,,,,,CTR thấp,Title/Meta Update,Cao,,,Chưa tạo,,
hàng sc là gì,GSC,https://knacert.com.vn/cong-cu-cai-tien/giay-chung-nhan-pham-vi-hoat-dong-scope-certificate-chung-chi-sc-la-gi/,,,,0,120,0.00%,6.49,,,,,,,,,CTR thấp,Title/Meta Update,Cao,,,Chưa tạo,,
duns number,GSC,https://knacert.com.vn/dich-vu/ma-so-duns-la-gi-dang-ki-ma-duns-cho-doanh-nghiep/,,,,3,107,2.80%,5.11,,,,,,,,,CTR thấp,Title/Meta Update,Cao,,,Chưa tạo,,
iso 22000,GSC,https://knacert.com.vn/tin-tuc-tieu-chuan/iso-220002005-la-gi-nhung-dieu-doanh-nghiep-can-biet-ve-tieu-chuan-iso-220002005/,,,,0,143,0.00%,1.46,,,,,,,,,CTR thấp,Title/Meta Update,Cao,,,Chưa tạo,,
kosher,GSC,https://knacert.com.vn/phat-trien-ben-vung/nhung-yeu-cau-co-ban-ve-thuc-pham-theo-chuan-kosher/,,,,0,119,0.00%,5.67,,,,,,,,,CTR thấp,Title/Meta Update,Cao,,,Chưa tạo,,
ssop,GSC,https://knacert.com.vn/cong-cu-cai-tien/tieu-chuan-ssop-la-gi-cac-quy-pham-ve-sinh-ssop/,,,,0,119,0.00%,6.73,,,,,,,,,CTR thấp,Title/Meta Update,Cao,,,Chưa tạo,,
tc là j,GSC,https://knacert.com.vn/dich-vu/giay-chung-nhan-giao-dichchung-chi-tc-la-gi/,,,,0,141,0.00%,2.26,,,,,,,,,CTR thấp,Title/Meta Update,Cao,,,Chưa tạo,,
gtw,GSC,https://knacert.com.vn/tin-tuc-nganh-nghe/green-to-wear-gtw-tieu-chuan-ben-vung-cua-inditex/,,,,1,113,0.88%,4.53,,,,,,,,,CTR thấp,Title/Meta Update,Cao,,,Chưa tạo,,
kaisen là gì,GSC,https://knacert.com.vn/cong-cu-cai-tien/kaizen-la-gi-tim-hieu-nhung-loi-ich-tu-viec-ap-dung-kaizen/,,,,0,117,0.00%,5.60,,,,,,,,,CTR thấp,Title/Meta Update,Cao,,,Chưa tạo,,
qa la gì,GSC,https://knacert.com.vn/tin-tuc-nganh-nghe/ky-su-qa-la-lam-gi-mo-ta-cong-viec-qaqc/,,,,0,140,0.00%,3.48,,,,,,,,,CTR thấp,Title/Meta Update,Cao,,,Chưa tạo,,
6 sigma là gì,GSC,https://knacert.com.vn/cong-cu-cai-tien/tim-hieu-mo-hinh-lean-six-sigma-mo-hinh-cai-tien-nang-suat-chat-luong/,,,,0,116,0.00%,5.12,,,,,,,,,CTR thấp,Title/Meta Update,Cao,,,Chưa tạo,,
số duns là gì,GSC,https://knacert.com.vn/dich-vu/ma-so-duns-la-gi-dang-ki-ma-duns-cho-doanh-nghiep/,,,,0,116,0.00%,5.10,,,,,,,,,CTR thấp,Title/Meta Update,Cao,,,Chưa tạo,,
iscc là gì,GSC,https://knacert.com.vn/dich-vu/chung-nhan-iscc-ve-nang-luong-sinh-hoc-va-sinh-khoi/,,,,2,107,1.87%,5.40,,,,,,,,,CTR thấp,Title/Meta Update,Cao,,,Chưa tạo,,
poka-yoke,GSC,https://knacert.com.vn/tin-tuc-tieu-chuan/gioi-thieu-ve-chong-sai-loi-poka-yoke/,,,,2,107,1.87%,5.75,,,,,,,,,CTR thấp,Title/Meta Update,Cao,,,Chưa tạo,,
bluesign,GSC,https://knacert.com.vn/tin-tuc-tieu-chuan/he-thong-quan-ly-bluesign-tieu-chuan-san-xuat-ben-vung/,,,,0,115,0.00%,5.94,,,,,,,,,CTR thấp,Title/Meta Update,Cao,,,Chưa tạo,,
cfc gây ra hiện tượng gì,GSC,https://knacert.com.vn/tin-tuc-tieu-chuan/cfc-la-khi-gi-cac-nguon-phat-thai-cua-khi-cfc/,,,,0,115,0.00%,4.01,,,,,,,,,CTR thấp,Title/Meta Update,Cao,,,Chưa tạo,,
iatf 16949,GSC,https://knacert.com.vn/dich-vu/chung-nhan-iatf-16949/,,,,0,115,0.00%,6.38,,,,,,,,,CTR thấp,Title/Meta Update,Cao,,,Chưa tạo,,
pattaya,GSC,https://knacert.com.vn/tin-tuc-nganh-nghe/dao-tao-nhan-thuc-va-danh-gia-noi-bo-bsci-tai-cong-ty-pataya/,,,,0,115,0.00%,6.86,,,,,,,,,CTR thấp,Title/Meta Update,Cao,,,Chưa tạo,,
tiêu chuẩn halal,GSC,https://knacert.com.vn/tin-tuc-tieu-chuan/tieu-chuan-halal-la-gi/,,,,2,106,1.89%,9.41,,,,,,,,,CTR thấp,Title/Meta Update,Cao,,,Chưa tạo,,
poka yoke,GSC,https://knacert.com.vn/cong-cu-cai-tien/vi-du-ve-poka-yoke-trong-cuoc-song/,,,,1,110,0.91%,8.91,,,,,,,,,CTR thấp,Title/Meta Update,Cao,,,Chưa tạo,,
hợp chất cfc,GSC,https://knacert.com.vn/tin-tuc-tieu-chuan/cfc-la-khi-gi-cac-nguon-phat-thai-cua-khi-cfc/,,,,0,114,0.00%,5.18,,,,,,,,,CTR thấp,Title/Meta Update,Cao,,,Chưa tạo,,
tc.,GSC,https://knacert.com.vn/dich-vu/giay-chung-nhan-giao-dichchung-chi-tc-la-gi/,,,,0,136,0.00%,3.90,,,,,,,,,CTR thấp,Title/Meta Update,Cao,,,Chưa tạo,,
global gap là gì,GSC,https://knacert.com.vn/tin-tuc-tieu-chuan/tieu-chuan-vietgap-va-globalgap-co-gi-giong-va-khac-nhau/,,,,1,109,0.92%,8.61,,,,,,,,,CTR thấp,Title/Meta Update,Cao,,,Chưa tạo,,
carbon,GSC,https://knacert.com.vn/tin-tuc-nganh-nghe/tin-chi-carbon-o-viet-nam-va-tiem-nang-cua-thi-truong-carbon/,,,,0,135,0.00%,10.08,,,,,,,,,CTR thấp,Title/Meta Update,Cao,,,Chưa tạo,,
