row,keyword,url,tieu_chuan,loai_trang,pheu_mua_hang,search_intent,nhom_trang,source_row
11,dịch vụ kiểm kê khí nhà kính,https://knacert.com.vn/dich-vu/dich-vu-kiem-ke-khi-nha-kinh/,BÁO CÁO KIỂM KÊ NHÀ KÍNH,Trang Dịch Vụ,BOFU – Quyết định,Commercial,Service – Chứng nhận,21
20,chứng nhận iso 22301,https://knacert.com.vn/dich-vu/dich-vu-chung-nhan-iso-223012019-cong-nhan-quoc-te/,ISO 22301:2019,Trang Dịch Vụ,BOFU – Quyết định,Commercial,Service – Chứng nhận,225
23,tisax là gì,https://knacert.com.vn/tin-tuc-tieu-chuan/tieu-chuan-tisax-he-thong-quan-ly-an-toan-thong-tin-trong-nganh-o-to/,,Blog / Bài Viết,TOFU – Nhận biết,Informational,Blog – Tin tức,652
27,ce mark,https://knacert.com.vn/dich-vu-chung-nhan/chung-nhan-ce-marketing/,,Trang Dịch Vụ,BOFU – Quyết định,Commercial,Service – Chứng nhận,668
28,ce marking là gì,https://knacert.com.vn/dich-vu-chung-nhan/chung-nhan-ce-marketing/,,Trang Dịch Vụ,BOFU – Quyết định,Commercial,Service – Chứng nhận,668
29,chứng chỉ ce marking,https://knacert.com.vn/phat-trien-ben-vung/nhung-cau-hoi-thuong-gap-ve-ce-marking/,CE MARKING; ESG,Blog / Bài Viết,TOFU – Nhận biết,Informational,Blog – Tin tức,55
30,chứng nhận ce marking,https://knacert.com.vn/dich-vu/chung-nhan-ce-marking/,CE MARKING,Trang Dịch Vụ,BOFU – Quyết định,Commercial,Service – Chứng nhận,51
37,chứng chỉ iso 50001,https://knacert.com.vn/dich-vu/chung-nhan-iso-500012018-he-thong-quan-ly-nang-luong/,ISO 50001:2018,Trang Dịch Vụ,BOFU – Quyết định,Commercial,Service – Chứng nhận,262
38,chứng nhận iso 50001,https://knacert.com.vn/dich-vu/chung-nhan-iso-500012018-he-thong-quan-ly-nang-luong/,ISO 50001:2018,Trang Dịch Vụ,BOFU – Quyết định,Commercial,Service – Chứng nhận,262
39,iso 50001,https://knacert.com.vn/tin-tuc-tieu-chuan/tieu-chuan-ve-he-thong-quan-ly-nang-luong-iso-50001/,ISO 50001:2018,Blog / Bài Viết,TOFU – Nhận biết,Informational,Blog – Tin tức,263
40,iso 50001 2018,https://knacert.com.vn/dich-vu/chung-nhan-iso-500012018-he-thong-quan-ly-nang-luong/,ISO 50001:2018,Trang Dịch Vụ,BOFU – Quyết định,Commercial,Service – Chứng nhận,262
41,iso 26000,https://knacert.com.vn/tin-tuc-tieu-chuan/iso-26000-la-gi-tieu-chuan-quoc-te-ve-trach-nhiem-xa-hoi/,ISO 26000:2010; TNXH (CSR),Blog / Bài Viết,TOFU – Nhận biết,Informational,Blog – Tin tức,229
43,tiêu chuẩn iso 26000,https://knacert.com.vn/tin-tuc-tieu-chuan/iso-26000-la-gi-tieu-chuan-quoc-te-ve-trach-nhiem-xa-hoi/,ISO 26000:2010; TNXH (CSR),Blog / Bài Viết,TOFU – Nhận biết,Informational,Blog – Tin tức,229
55,chứng chỉ iso 13485,https://knacert.com.vn/tin-tuc-tieu-chuan/tieu-chuan-iso-134852016/,ISO 13485:2016,Blog / Bài Viết,TOFU – Nhận biết,Informational,Blog – Tin tức,181
56,chứng chỉ iso 13485 là gì,https://knacert.com.vn/tin-tuc-tieu-chuan/tieu-chuan-iso-134852016/,ISO 13485:2016,Blog / Bài Viết,TOFU – Nhận biết,Informational,Blog – Tin tức,181
59,iso 13485,https://knacert.com.vn/tin-tuc-tieu-chuan/tieu-chuan-iso-134852016/,ISO 13485:2016,Blog / Bài Viết,TOFU – Nhận biết,Informational,Blog – Tin tức,181
60,iso 13485 2016,https://knacert.com.vn/tin-tuc-tieu-chuan/tieu-chuan-iso-134852016/,ISO 13485:2016,Blog / Bài Viết,TOFU – Nhận biết,Informational,Blog – Tin tức,181
61,iso 13485 2016 là gì,https://knacert.com.vn/tin-tuc-tieu-chuan/tieu-chuan-iso-134852016/,ISO 13485:2016,Blog / Bài Viết,TOFU – Nhận biết,Informational,Blog – Tin tức,181
62,iso 13485 là gì,https://knacert.com.vn/tin-tuc-tieu-chuan/tieu-chuan-iso-134852016/,ISO 13485:2016,Blog / Bài Viết,TOFU – Nhận biết,Informational,Blog – Tin tức,181
63,chứng nhận iso 14001,https://knacert.com.vn/dich-vu/chung-nhan-iso-14001/,ISO 14001:2015,Trang Dịch Vụ,BOFU – Quyết định,Commercial,Service – Chứng nhận,186
66,iso 14001 là gì,https://knacert.com.vn/tin-tuc-tieu-chuan/tieu-chuan-iso-14001/,ISO 14001:2015,Blog / Bài Viết,TOFU – Nhận biết,Informational,Blog – Tin tức,189
67,tiêu chuẩn iso 14001,https://knacert.com.vn/tin-tuc-tieu-chuan/tieu-chuan-iso-14001/,ISO 14001:2015,Blog / Bài Viết,TOFU – Nhận biết,Informational,Blog – Tin tức,189
68,chứng chỉ iso 17025,https://knacert.com.vn/dich-vu/dao-tao-chung-nhan-iso-170252017/,ISO 17025:2017,Trang Dịch Vụ,MOFU – Cân nhắc,Commercial,Service – Đào tạo,204
69,chứng chỉ iso 17025 là gì,https://knacert.com.vn/dich-vu/dao-tao-chung-nhan-iso-170252017/,ISO 17025:2017,Trang Dịch Vụ,MOFU – Cân nhắc,Commercial,Service – Đào tạo,204
70,chứng nhận iso 17025,https://knacert.com.vn/dich-vu/dao-tao-chung-nhan-iso-170252017/,ISO 17025:2017,Trang Dịch Vụ,MOFU – Cân nhắc,Commercial,Service – Đào tạo,204
71,chứng nhận iso 17025 là gì,https://knacert.com.vn/dich-vu/dao-tao-chung-nhan-iso-170252017/,ISO 17025:2017,Trang Dịch Vụ,MOFU – Cân nhắc,Commercial,Service – Đào tạo,204
73,iso 17025 2017,https://knacert.com.vn/dich-vu/dao-tao-chung-nhan-iso-170252017/,ISO 17025:2017,Trang Dịch Vụ,MOFU – Cân nhắc,Commercial,Service – Đào tạo,204
76,chứng chỉ iso 45001,https://knacert.com.vn/dich-vu/chung-nhan-iso-450012018-he-thong-quan-ly-an-toan-va-suc-khoe-nghe-nghiep/,ISO 45001:2018,Trang Dịch Vụ,BOFU – Quyết định,Commercial,Service – Chứng nhận,243
78,chứng nhận iso 45001,https://knacert.com.vn/dich-vu/chung-nhan-iso-450012018-he-thong-quan-ly-an-toan-va-suc-khoe-nghe-nghiep/,ISO 45001:2018,Trang Dịch Vụ,BOFU – Quyết định,Commercial,Service – Chứng nhận,243
80,cấp chứng nhận iso 45001,https://knacert.com.vn/dich-vu/chung-nhan-iso-450012018-he-thong-quan-ly-an-toan-va-suc-khoe-nghe-nghiep/,ISO 45001:2018,Trang Dịch Vụ,BOFU – Quyết định,Commercial,Service – Chứng nhận,243
81,iso 45001 2018,https://knacert.com.vn/tin-tuc-tieu-chuan/tieu-chuan-iso-450012018-la-gi/,ISO 45001:2018,Blog / Bài Viết,TOFU – Nhận biết,Informational,Blog – Tin tức,245
86,iso 9001 là gì,https://knacert.com.vn/tin-tuc-tieu-chuan/tieu-chuan-iso-9001-la-gi/,ISO 9001:2015,Blog / Bài Viết,TOFU – Nhận biết,Informational,Blog – Tin tức,270
88,tiêu chuẩn iso 9001,https://knacert.com.vn/tin-tuc-tieu-chuan/tieu-chuan-iso-9001-la-gi/,ISO 9001:2015,Blog / Bài Viết,TOFU – Nhận biết,Informational,Blog – Tin tức,270
89,tieu chuan iso 9001,https://knacert.com.vn/tin-tuc-tieu-chuan/tieu-chuan-iso-9001-la-gi/,ISO 9001:2015,Blog / Bài Viết,TOFU – Nhận biết,Informational,Blog – Tin tức,270
90,iso 9001 2015 là gì,https://knacert.com.vn/tin-tuc-tieu-chuan/tieu-chuan-iso-9001-la-gi/,ISO 9001:2015,Blog / Bài Viết,TOFU – Nhận biết,Informational,Blog – Tin tức,270
92,chứng nhận iso 9001,https://knacert.com.vn/dich-vu/chung-nhan-iso-9001/,ISO 9001:2015,Trang Dịch Vụ,BOFU – Quyết định,Commercial,Service – Chứng nhận,267
93,tiêu chuẩn iso 9001 2015,https://knacert.com.vn/tin-tuc-tieu-chuan/tieu-chuan-iso-9001-la-gi/,ISO 9001:2015,Blog / Bài Viết,TOFU – Nhận biết,Informational,Blog – Tin tức,270
100,iso 9001 2015 is,https://knacert.com.vn/tin-tuc-tieu-chuan/tieu-chuan-iso-9001-la-gi/,ISO 9001:2015,Blog / Bài Viết,TOFU – Nhận biết,Informational,Blog – Tin tức,270
101,cấp chứng chỉ iso 9001,https://knacert.com.vn/dich-vu/chung-nhan-iso-9001/,ISO 9001:2015,Trang Dịch Vụ,BOFU – Quyết định,Commercial,Service – Chứng nhận,267
104,chứng chỉ iso 9001,https://knacert.com.vn/dich-vu/chung-nhan-iso-9001/,ISO 9001:2015,Trang Dịch Vụ,BOFU – Quyết định,Commercial,Service – Chứng nhận,267
107,tiêu chuẩn iso 9001 là gì,https://knacert.com.vn/tin-tuc-tieu-chuan/tieu-chuan-iso-9001-la-gi/,ISO 9001:2015,Blog / Bài Viết,TOFU – Nhận biết,Informational,Blog – Tin tức,270
110,iso 9001 là tiêu chuẩn gì,https://knacert.com.vn/tin-tuc-tieu-chuan/tieu-chuan-iso-9001-la-gi/,ISO 9001:2015,Blog / Bài Viết,TOFU – Nhận biết,Informational,Blog – Tin tức,270
111,iso 9001 2000,https://knacert.com.vn/tin-tuc-tieu-chuan/tieu-chuan-iso-9001-la-gi/,ISO 9001:2015,Blog / Bài Viết,TOFU – Nhận biết,Informational,Blog – Tin tức,270
112,chứng nhận iso 9001 2015,https://knacert.com.vn/dich-vu/chung-nhan-iso-9001/,ISO 9001:2015,Trang Dịch Vụ,BOFU – Quyết định,Commercial,Service – Chứng nhận,267
113,tiêu chuẩn việt nam iso 9001,https://knacert.com.vn/tin-tuc-tieu-chuan/tieu-chuan-iso-9001-la-gi/,ISO 9001:2015,Blog / Bài Viết,TOFU – Nhận biết,Informational,Blog – Tin tức,270
117,chứng nhận iso 9001 la gì,https://knacert.com.vn/tin-tuc-tieu-chuan/tieu-chuan-iso-9001-la-gi/,ISO 9001:2015,Blog / Bài Viết,TOFU – Nhận biết,Informational,Blog – Tin tức,270
118,chứng nhận iso 14064,https://knacert.com.vn/dich-vu/chung-nhan-iso-14064/,ISO 14064-1:2018,Trang Dịch Vụ,BOFU – Quyết định,Commercial,Service – Chứng nhận,197
131,duns,https://knacert.com.vn/dich-vu/ma-so-duns-la-gi-dang-ki-ma-duns-cho-doanh-nghiep/,,Trang Dịch Vụ,BOFU – Quyết định,Commercial,Service – Chứng nhận,542
132,số duns là gì,https://knacert.com.vn/dich-vu/ma-so-duns-la-gi-dang-ki-ma-duns-cho-doanh-nghiep/,,Trang Dịch Vụ,BOFU – Quyết định,Commercial,Service – Chứng nhận,542
136,chứng nhận haccp,https://knacert.com.vn/dich-vu/dao-tao-chung-nhan-haccp/,HACCP,Trang Dịch Vụ,MOFU – Cân nhắc,Commercial,Service – Đào tạo,141
137,chứng nhận haccp là gì,https://knacert.com.vn/dich-vu/dao-tao-chung-nhan-haccp/,HACCP,Trang Dịch Vụ,MOFU – Cân nhắc,Commercial,Service – Đào tạo,141
138,chứng chỉ haccp,https://knacert.com.vn/dich-vu/dao-tao-chung-nhan-haccp/,HACCP,Trang Dịch Vụ,MOFU – Cân nhắc,Commercial,Service – Đào tạo,141
139,giấy chứng nhận haccp,https://knacert.com.vn/dich-vu/dao-tao-chung-nhan-haccp/,HACCP,Trang Dịch Vụ,MOFU – Cân nhắc,Commercial,Service – Đào tạo,141
140,tiêu chuẩn haccp là gì,https://knacert.com.vn/dich-vu/dao-tao-chung-nhan-haccp/,HACCP,Trang Dịch Vụ,MOFU – Cân nhắc,Commercial,Service – Đào tạo,141
141,haccp là chứng nhận gì,https://knacert.com.vn/dich-vu/dao-tao-chung-nhan-haccp/,HACCP,Trang Dịch Vụ,MOFU – Cân nhắc,Commercial,Service – Đào tạo,141
145,chứng nhận iso 22000,https://knacert.com.vn/dich-vu/dao-tao-chung-nhan-iso-220002018-an-toan-thuc-pham/,ISO 22000:2018,Trang Dịch Vụ,MOFU – Cân nhắc,Commercial,Service – Đào tạo,211
147,chứng nhận iso 22000 2018,https://knacert.com.vn/dich-vu/dao-tao-chung-nhan-iso-220002018-an-toan-thuc-pham/,ISO 22000:2018,Trang Dịch Vụ,MOFU – Cân nhắc,Commercial,Service – Đào tạo,211
148,giấy chứng nhận iso 22000,https://knacert.com.vn/dich-vu/dao-tao-chung-nhan-iso-220002018-an-toan-thuc-pham/,ISO 22000:2018,Trang Dịch Vụ,MOFU – Cân nhắc,Commercial,Service – Đào tạo,211
149,cấp chứng nhận iso 22000,https://knacert.com.vn/dich-vu/dao-tao-chung-nhan-iso-220002018-an-toan-thuc-pham/,ISO 22000:2018,Trang Dịch Vụ,MOFU – Cân nhắc,Commercial,Service – Đào tạo,211
151,dịch vụ chứng nhận iso 22000,https://knacert.com.vn/dich-vu/dao-tao-chung-nhan-iso-220002018-an-toan-thuc-pham/,ISO 22000:2018,Trang Dịch Vụ,MOFU – Cân nhắc,Commercial,Service – Đào tạo,211
152,giấy chứng nhận iso 22000 là gì,https://knacert.com.vn/dich-vu/dao-tao-chung-nhan-iso-220002018-an-toan-thuc-pham/,ISO 22000:2018,Trang Dịch Vụ,MOFU – Cân nhắc,Commercial,Service – Đào tạo,211
153,chứng nhận eudr,https://knacert.com.vn/dich-vu/chung-nhan-eudr-nam-bat-co-hoi-xuat-khau-sang-chau-au/,EUDR,Trang Dịch Vụ,BOFU – Quyết định,Commercial,Service – Chứng nhận,100
156,fssc 22000 là gì,https://knacert.com.vn/tin-tuc-tieu-chuan/fssc-22000-la-gi-noi-dung-va-loi-ich-khi-doanh-nghiep-ap-dung/,FSSC 22000 version 6,Blog / Bài Viết,TOFU – Nhận biết,Informational,Blog – Tin tức,108
157,chứng nhận fssc 22000,https://knacert.com.vn/tin-tuc-tieu-chuan/fssc-22000-la-gi-noi-dung-va-loi-ich-khi-doanh-nghiep-ap-dung/,FSSC 22000 version 6,Blog / Bài Viết,TOFU – Nhận biết,Informational,Blog – Tin tức,108
158,chứng nhận fssc 22000 là gì,https://knacert.com.vn/tin-tuc-tieu-chuan/fssc-22000-la-gi-noi-dung-va-loi-ich-khi-doanh-nghiep-ap-dung/,FSSC 22000 version 6,Blog / Bài Viết,TOFU – Nhận biết,Informational,Blog – Tin tức,108
167,chứng chỉ kosher,https://knacert.com.vn/dich-vu/dao-tao-chung-nhan-kosher/,KOSHER,Trang Dịch Vụ,MOFU – Cân nhắc,Commercial,Service – Đào tạo,447
168,chứng chỉ kosher là gì,https://knacert.com.vn/dich-vu/dao-tao-chung-nhan-kosher/,KOSHER,Trang Dịch Vụ,MOFU – Cân nhắc,Commercial,Service – Đào tạo,447
174,chứng nhận brc,https://knacert.com.vn/dich-vu/dao-tao-chung-nhan-brcifs-food/,BRC FOOD; IFS FOOD,Trang Dịch Vụ,MOFU – Cân nhắc,Commercial,Service – Đào tạo,29
177,halal gcc,https://knacert.com.vn/tin-tuc-tieu-chuan/tieu-chuan-halal-la-gi/,Halal Jakim,Blog / Bài Viết,TOFU – Nhận biết,Informational,Blog – Tin tức,162
179,fda là gì,https://knacert.com.vn/dich-vu/dang-ky-fda-la-gi-thu-tuc-xin-giay-chung-nhan-fda/,,Trang Dịch Vụ,BOFU – Quyết định,Commercial,Service – Chứng nhận,544
180,chứng nhận fda,https://knacert.com.vn/dich-vu/dang-ky-fda-la-gi-thu-tuc-xin-giay-chung-nhan-fda/,,Trang Dịch Vụ,BOFU – Quyết định,Commercial,Service – Chứng nhận,544
181,cấp chứng nhận fda,https://knacert.com.vn/dich-vu/dang-ky-fda-la-gi-thu-tuc-xin-giay-chung-nhan-fda/,,Trang Dịch Vụ,BOFU – Quyết định,Commercial,Service – Chứng nhận,544
182,chứng nhận fda là gì,https://knacert.com.vn/dich-vu/dang-ky-fda-la-gi-thu-tuc-xin-giay-chung-nhan-fda/,,Trang Dịch Vụ,BOFU – Quyết định,Commercial,Service – Chứng nhận,544
183,chứng chỉ fda,https://knacert.com.vn/dich-vu/dang-ky-fda-la-gi-thu-tuc-xin-giay-chung-nhan-fda/,,Trang Dịch Vụ,BOFU – Quyết định,Commercial,Service – Chứng nhận,544
184,tiêu chuẩn fda,https://knacert.com.vn/dich-vu/dang-ky-fda-la-gi-thu-tuc-xin-giay-chung-nhan-fda/,,Trang Dịch Vụ,BOFU – Quyết định,Commercial,Service – Chứng nhận,544
185,giấy chứng nhận fda,https://knacert.com.vn/dich-vu/dang-ky-fda-la-gi-thu-tuc-xin-giay-chung-nhan-fda/,,Trang Dịch Vụ,BOFU – Quyết định,Commercial,Service – Chứng nhận,544
186,un mark,https://knacert.com.vn/dich-vu/chung-nhan-un-mark-cho-cac-hang-hoa-nguy-hiem/,UNMARK,Trang Dịch Vụ,BOFU – Quyết định,Commercial,Service – Chứng nhận,525
187,chứng nhận un mark,https://knacert.com.vn/dich-vu/chung-nhan-un-mark-cho-cac-hang-hoa-nguy-hiem/,UNMARK,Trang Dịch Vụ,BOFU – Quyết định,Commercial,Service – Chứng nhận,525
188,global gap,https://knacert.com.vn/dich-vu/dao-tao-chung-nhan-global-gap/,,Trang Dịch Vụ,MOFU – Cân nhắc,Commercial,Service – Đào tạo,545
189,global gap là gì,https://knacert.com.vn/tin-tuc-tieu-chuan/tieu-chuan-vietgap-va-globalgap-co-gi-giong-va-khac-nhau/,GLOBALGAP; VietGAP,Blog / Bài Viết,TOFU – Nhận biết,Informational,Blog – Tin tức,114
190,chứng nhận global gap,https://knacert.com.vn/dich-vu/dao-tao-chung-nhan-global-gap/,,Trang Dịch Vụ,MOFU – Cân nhắc,Commercial,Service – Đào tạo,545
191,tiêu chuẩn global gap,https://knacert.com.vn/tin-tuc-tieu-chuan/tieu-chuan-vietgap-va-globalgap-co-gi-giong-va-khac-nhau/,GLOBALGAP; VietGAP,Blog / Bài Viết,TOFU – Nhận biết,Informational,Blog – Tin tức,114
192,eutr,https://knacert.com.vn/cong-cu-cai-tien/quy-dinh-ve-go-cua-lien-minh-chau-au-eutr-la-gi/,,Trang Dịch Vụ,MOFU – Cân nhắc,Commercial,Service – Đào tạo,704
193,eutr là gì,https://knacert.com.vn/cong-cu-cai-tien/quy-dinh-ve-go-cua-lien-minh-chau-au-eutr-la-gi/,,Trang Dịch Vụ,MOFU – Cân nhắc,Commercial,Service – Đào tạo,704
194,chứng chỉ pefc,https://knacert.com.vn/tin-tuc-tieu-chuan/pefc-la-gi-tieu-chuan-pefccocfm-va-chung-chi-rung/,PEFC - Coc,Blog / Bài Viết,TOFU – Nhận biết,Informational,Blog – Tin tức,472
195,chứng chỉ pefc là gì,https://knacert.com.vn/tin-tuc-tieu-chuan/pefc-la-gi-tieu-chuan-pefccocfm-va-chung-chi-rung/,PEFC - Coc,Blog / Bài Viết,TOFU – Nhận biết,Informational,Blog – Tin tức,472
196,chứng nhận pefc,https://knacert.com.vn/tin-tuc-tieu-chuan/pefc-la-gi-tieu-chuan-pefccocfm-va-chung-chi-rung/,PEFC - Coc,Blog / Bài Viết,TOFU – Nhận biết,Informational,Blog – Tin tức,472
197,pefc là gì,https://knacert.com.vn/tin-tuc-tieu-chuan/pefc-la-gi-tieu-chuan-pefccocfm-va-chung-chi-rung/,PEFC - Coc,Blog / Bài Viết,TOFU – Nhận biết,Informational,Blog – Tin tức,472
198,chứng chỉ grs,https://knacert.com.vn/tin-tuc-tieu-chuan/quy-trinh-chung-nhan-grs-gom-may-buoc/,KNA CERT,Trang Về Chúng Tôi,TOFU – Nhận biết,Navigational,Trang tĩnh,317
200,chứng nhận grs,https://knacert.com.vn/tin-tuc-tieu-chuan/quy-trinh-chung-nhan-grs-gom-may-buoc/,KNA CERT,Trang Về Chúng Tôi,TOFU – Nhận biết,Navigational,Trang tĩnh,317
201,chứng nhận grs là gì,https://knacert.com.vn/dich-vu/grs-tieu-chuan-tai-che-toan-cau/,GRS,Trang Dịch Vụ,BOFU – Quyết định,Commercial,Service – Chứng nhận,126
204,chứng chỉ iscc,https://knacert.com.vn/dich-vu/chung-nhan-iscc-ve-nang-luong-sinh-hoc-va-sinh-khoi/,ISCC,Trang Dịch Vụ,BOFU – Quyết định,Commercial,Service – Chứng nhận,179
205,chứng nhận iscc,https://knacert.com.vn/dich-vu/chung-nhan-iscc-ve-nang-luong-sinh-hoc-va-sinh-khoi/,ISCC,Trang Dịch Vụ,BOFU – Quyết định,Commercial,Service – Chứng nhận,179
206,iscc,https://knacert.com.vn/dich-vu/chung-nhan-iscc-ve-nang-luong-sinh-hoc-va-sinh-khoi/,ISCC,Trang Dịch Vụ,BOFU – Quyết định,Commercial,Service – Chứng nhận,179
207,iscc certificate,https://knacert.com.vn/dich-vu/chung-nhan-iscc-ve-nang-luong-sinh-hoc-va-sinh-khoi/,ISCC,Trang Dịch Vụ,BOFU – Quyết định,Commercial,Service – Chứng nhận,179
208,iscc là gì,https://knacert.com.vn/dich-vu/chung-nhan-iscc-ve-nang-luong-sinh-hoc-va-sinh-khoi/,ISCC,Trang Dịch Vụ,BOFU – Quyết định,Commercial,Service – Chứng nhận,179
211,ctpat là gì,https://knacert.com.vn/tin-tuc-tieu-chuan/tieu-chuan-c-tpat-va-nhung-noi-dung-cap-nhat-moi/,CTPAT,Blog / Bài Viết,TOFU – Nhận biết,Informational,Blog – Tin tức,59
212,chứng nhận ecovadis,https://knacert.com.vn/tin-tuc-tieu-chuan/tron-bo-tai-lieu-danh-gia-ecovadis-doanh-nghiep-can-chuan-bi/,ECOVADIS; DISNEY ILS,Blog / Bài Viết,TOFU – Nhận biết,Informational,Blog – Tin tức,74
213,ecovadis,https://knacert.com.vn/dich-vu/dao-tao-chung-nhan-ecovadis-xep-hang-kinh-doanh-ben-vung/,ECOVADIS; DISNEY ILS,Trang Dịch Vụ,MOFU – Cân nhắc,Commercial,Service – Đào tạo,75
214,ecovadis là gì,https://knacert.com.vn/tin-tuc-tieu-chuan/tieu-chuan-ecovadis-ve-xep-hang-kinh-doanh-ben-vung-la-gi/,ECOVADIS; DISNEY ILS,Blog / Bài Viết,TOFU – Nhận biết,Informational,Blog – Tin tức,79
216,chứng nhận sedex,https://knacert.com.vn/dich-vu/sedex-la-gi-tu-van-tieu-chuan-sedex-smeta/,SEDEX SMETA 4 PILLAR,Trang Dịch Vụ,BOFU – Quyết định,Commercial,Service – Tư vấn,494
219,sedex là gì,https://knacert.com.vn/dich-vu/sedex-la-gi-tu-van-tieu-chuan-sedex-smeta/,SEDEX SMETA 4 PILLAR,Trang Dịch Vụ,BOFU – Quyết định,Commercial,Service – Tư vấn,494
220,sedex smeta,https://knacert.com.vn/dich-vu/sedex-la-gi-tu-van-tieu-chuan-sedex-smeta/,SEDEX SMETA 4 PILLAR,Trang Dịch Vụ,BOFU – Quyết định,Commercial,Service – Tư vấn,494
223,tiêu chuẩn sedex smeta,https://knacert.com.vn/dich-vu/sedex-la-gi-tu-van-tieu-chuan-sedex-smeta/,SEDEX SMETA 4 PILLAR,Trang Dịch Vụ,BOFU – Quyết định,Commercial,Service – Tư vấn,494
224,chứng chỉ bsci,https://knacert.com.vn/tin-tuc-tieu-chuan/bo-tieu-chuan-bsci-business-social-compliance-initiative/,BSCI,Blog / Bài Viết,TOFU – Nhận biết,Informational,Blog – Tin tức,33
226,đánh giá bsci,https://knacert.com.vn/dich-vu/dao-tao-danh-gia-bsci-trach-nhiem-xa-hoi-cua-doanh-nghiep/,BSCI; TNXH (CSR),Trang Dịch Vụ,MOFU – Cân nhắc,Commercial,Service – Đào tạo,48
227,higg,https://knacert.com.vn/dich-vu/chi-so-higg-index-va-hiep-hoi-may-mac-ben-vung/,HIGG FEM,Trang Dịch Vụ,BOFU – Quyết định,Commercial,Service – Chứng nhận,163
228,higg fem là gì,https://knacert.com.vn/dich-vu/danh-gia-higg-fem/,HIGG FEM,Trang Dịch Vụ,BOFU – Quyết định,Commercial,Service – Chứng nhận,164
230,wca,https://knacert.com.vn/dich-vu/tu-van-danh-gia-wca-chuong-trinh-danh-gia-dieu-kien-lam-viec/,,Trang Dịch Vụ,BOFU – Quyết định,Commercial,Service – Chứng nhận,561
231,wca là gì,https://knacert.com.vn/dich-vu/tu-van-danh-gia-wca-chuong-trinh-danh-gia-dieu-kien-lam-viec/,,Trang Dịch Vụ,BOFU – Quyết định,Commercial,Service – Chứng nhận,561
232,chứng nhận rba,https://knacert.com.vn/dich-vu/tu-van-danh-gia-eicc-rba-trach-nhiem-xa-hoi-trong-nganh-dien-tu/,RBA; TNXH (CSR),Trang Dịch Vụ,BOFU – Quyết định,Commercial,Service – Chứng nhận,476
237,chứng nhận ocs,https://knacert.com.vn/dich-vu/tu-van-ocs-tieu-chuan-ve-thanh-phan-huu-co/,OCS,Trang Dịch Vụ,BOFU – Quyết định,Commercial,Service – Tư vấn,460
238,ocs,https://knacert.com.vn/dich-vu/tu-van-ocs-tieu-chuan-ve-thanh-phan-huu-co/,OCS,Trang Dịch Vụ,BOFU – Quyết định,Commercial,Service – Tư vấn,460
239,tiêu chuẩn ocs,https://knacert.com.vn/cong-cu-cai-tien/tieu-chuan-thanh-phan-huu-co-ocs-la-gi-kna-cert/,OCS,Trang Dịch Vụ,MOFU – Cân nhắc,Commercial,Service – Đào tạo,461
242,tiêu chuẩn costco,https://knacert.com.vn/dich-vu/bo-quy-tac-ung-xu-cho-nha-cung-cap-hang-hoa-cua-costco/,,Trang Dịch Vụ,BOFU – Quyết định,Commercial,Service – Chứng nhận,569
244,rws là gì,https://knacert.com.vn/dich-vu/tu-van-rws-tieu-chuan-len-co-trach-nhiem/,,Trang Dịch Vụ,BOFU – Quyết định,Commercial,Service – Tư vấn,703
245,rws,https://knacert.com.vn/dich-vu/tu-van-rws-tieu-chuan-len-co-trach-nhiem/,,Trang Dịch Vụ,BOFU – Quyết định,Commercial,Service – Tư vấn,703
246,chứng chỉ rcs,https://knacert.com.vn/dich-vu/rcs-tieu-chuan-tuyen-bo-tai-che-quoc-te/,RCS,Trang Dịch Vụ,BOFU – Quyết định,Commercial,Service – Chứng nhận,477
247,chứng nhận rcs,https://knacert.com.vn/dich-vu/rcs-tieu-chuan-tuyen-bo-tai-che-quoc-te/,RCS,Trang Dịch Vụ,BOFU – Quyết định,Commercial,Service – Chứng nhận,477
248,rcs là gì,https://knacert.com.vn/cong-cu-cai-tien/tieu-chuan-tuyen-bo-tai-che-rcs-la-gi/,RCS,Trang Dịch Vụ,MOFU – Cân nhắc,Commercial,Service – Đào tạo,479
249,tiêu chuẩn rcs,https://knacert.com.vn/dich-vu/rcs-tieu-chuan-tuyen-bo-tai-che-quoc-te/,RCS,Trang Dịch Vụ,BOFU – Quyết định,Commercial,Service – Chứng nhận,477
250,chứng chỉ fcca,https://knacert.com.vn/dich-vu/danh-gia-nang-luc-cua-nha-may-fcca-theo-wal-mart/,Walmart (TNXH - An Ninh - FCCA),Trang Dịch Vụ,BOFU – Quyết định,Commercial,Service – Chứng nhận,530
251,fcca,https://knacert.com.vn/dich-vu/danh-gia-nang-luc-cua-nha-may-fcca-theo-wal-mart/,Walmart (TNXH - An Ninh - FCCA),Trang Dịch Vụ,BOFU – Quyết định,Commercial,Service – Chứng nhận,530
252,fcca là chứng chỉ gì,https://knacert.com.vn/dich-vu/danh-gia-nang-luc-cua-nha-may-fcca-theo-wal-mart/,Walmart (TNXH - An Ninh - FCCA),Trang Dịch Vụ,BOFU – Quyết định,Commercial,Service – Chứng nhận,530
253,fcca là gì,https://knacert.com.vn/dich-vu/danh-gia-nang-luc-cua-nha-may-fcca-theo-wal-mart/,Walmart (TNXH - An Ninh - FCCA),Trang Dịch Vụ,BOFU – Quyết định,Commercial,Service – Chứng nhận,530
254,tiêu chuẩn fcca,https://knacert.com.vn/dich-vu/danh-gia-nang-luc-cua-nha-may-fcca-theo-wal-mart/,Walmart (TNXH - An Ninh - FCCA),Trang Dịch Vụ,BOFU – Quyết định,Commercial,Service – Chứng nhận,530
256,chứng nhận sa8000,https://knacert.com.vn/tin-tuc-tieu-chuan/chinh-sach-sa8000-la-gi-huong-dan-soan-thao-tham-khao-mau/,SA8000:2014,Blog / Bài Viết,TOFU – Nhận biết,Informational,Blog – Tin tức,485
257,sa8000,https://knacert.com.vn/dich-vu/chung-nhan-sa8000/,SA8000:2014,Trang Dịch Vụ,BOFU – Quyết định,Commercial,Service – Chứng nhận,487
258,sa8000 là gì,https://knacert.com.vn/tin-tuc-tieu-chuan/chinh-sach-sa8000-la-gi-huong-dan-soan-thao-tham-khao-mau/,SA8000:2014,Blog / Bài Viết,TOFU – Nhận biết,Informational,Blog – Tin tức,485
