row,keyword,url,reason
2,khí nhà kính,https://knacert.com.vn/blogs/tin-tong-hop/iso-14064-la-gi-huong-dan-kiem-ke-khi-nha-kinh-toan-dien,url_not_found_in_page_classification
3,khí nhà kính là gì,,blank_url
4,kiểm kê khí nhà kính,https://knacert.com.vn/blogs/tin-tuc/ho-tro-bao-cao-kiem-ke-khi-nha-kinh-theo-nghi-dinh-062022nd-cp,url_not_found_in_page_classification
5,giảm phát thải khí nhà kính,,blank_url
6,phát thải khí nhà kính,,blank_url
7,báo cáo kiểm kê khí nhà kính pdf,https://knacert.com.vn/blogs/tin-tuc/ho-tro-bao-cao-kiem-ke-khi-nha-kinh-theo-nghi-dinh-062022nd-cp,url_not_found_in_page_classification
8,khí nhà kính bao gồm,,blank_url
9,phát thải khí nhà kính là gì,https://knacert.com.vn/blogs/tin-tong-hop/khi-nha-kinh-la-gi-nhung-bien-phap-giup-giam-thieu-phat-thai-khi-nha-kinh,url_not_found_in_page_classification
10,khí nhà kính là khí gì,,blank_url
12,kiểm kê khí nhà kính là gì,,blank_url
13,mẫu báo cáo kiểm kê khí nhà kính,https://knacert.com.vn/blogs/tin-tuc/ho-tro-bao-cao-kiem-ke-khi-nha-kinh-theo-nghi-dinh-062022nd-cp,url_not_found_in_page_classification
14,báo cáo kiểm kê khí nhà kính của công ty,,blank_url
15,báo cáo khí nhà kính,https://knacert.com.vn/blogs/tin-tuc/huong-dan-kiem-ke-khi-nha-kinh-va-bao-cao-theo-iso-140642018-tu-a-z,url_not_found_in_page_classification
16,giảm khí nhà kính,,blank_url
17,iso 31000,https://knacert.com.vn/tin-tuc-tieu-chuan/tai-lieu-iso-310002018-pdf/,url_not_found_in_page_classification
18,iso 31000 2018,https://knacert.com.vn/tin-tuc-tieu-chuan/tai-lieu-iso-310002018-pdf/,url_not_found_in_page_classification
19,tiêu chuẩn iso 31000,https://knacert.com.vn/tin-tuc-tieu-chuan/tieu-chuan-iso-31000-khac-tinh-cua-rui-ro-trong-doanh-nghiep/,url_not_found_in_page_classification
21,iso 22301,https://knacert.com.vn/tin-tuc-tieu-chuan/iso-22301-ve-quan-ly-kinh-doanh-lien-tuc/,url_not_found_in_page_classification
22,iso 22301 là gì,https://knacert.com.vn/tin-tuc-tieu-chuan/iso-22301-ve-quan-ly-kinh-doanh-lien-tuc/,url_not_found_in_page_classification
24,tisax certification,https://knacert.com.vn/blogs/tin-tuc/tieu-chuan-tisax-he-thong-quan-ly-an-toan-thong-tin-trong-nganh-o-to,url_not_found_in_page_classification
25,iso 27001 tisax,https://knacert.com.vn/blogs/tin-tuc/diem-giong-va-khac-nhau-giua-tisax-vs-iso-27001,url_not_found_in_page_classification
26,tisax iso 27001,https://knacert.com.vn/blogs/tin-tuc/diem-giong-va-khac-nhau-giua-tisax-vs-iso-27001,url_not_found_in_page_classification
31,cấp chứng nhận ce marking,https://knacert.com.vn/dich-vu/dao-tao-chung-nhan-ce-marking/,url_not_found_in_page_classification
32,iso 28001,https://knacert.com.vn/tin-tuc-tieu-chuan/loi-ich-cua-doanh-nghiep-khi-dat-chung-nhan-nhan-iso-28001/,url_not_found_in_page_classification
33,audit iso 37001,https://knacert.com.vn/blogs/tin-tuc/8-van-de-co-ban-khi-ap-dung-tcvn-iso-37001-tai-cac-to-chuc,url_not_found_in_page_classification
34,iso 37001,https://knacert.com.vn/blogs/tin-tuc/chong-hoi-lo-tham-nhung-bang-tieu-chuan-iso,url_not_found_in_page_classification
35,iso 37001 2016,https://knacert.com.vn/iso37001-2016,url_not_found_in_page_classification
36,iso 3834,https://knacert.com.vn/tin-tuc-tieu-chuan/tieu-chuan-iso-3834-he-thong-quan-ly-chat-luong-han/,url_not_found_in_page_classification
42,iso 26000 về trách nhiệm xã hội,,blank_url
44,chứng chỉ hse,https://knacert.com.vn/blogs/tin-tuc/khoa-hoc-boi-duong-nghiep-vu-hse-trong-nganh-che-bien-thuy-san,url_not_found_in_page_classification
45,hse là gì,https://knacert.com.vn/blogs/tin-tuc/so-tay-quan-ly-ehs---he-thong-ehs-va-tieu-chuan-iso,url_not_found_in_page_classification
46,hse là làm gì,,blank_url
47,việc làm hse,,blank_url
48,iso 15189,https://knacert.com.vn/blogs/tin-tuc/tieu-chuan-iso-15189-yeu-cau-chat-luong-va-nang-luc-phong-xet-nghiem-y-te,url_not_found_in_page_classification
49,iso 15189 2022,https://knacert.com.vn/blogs/tin-tuc/tieu-chuan-iso-15189,url_not_found_in_page_classification
50,iso 15189 là gì,https://knacert.com.vn/blogs/tin-tuc/tieu-chuan-iso-15189-yeu-cau-chat-luong-va-nang-luc-phong-xet-nghiem-y-te,url_not_found_in_page_classification
51,tiêu chuẩn iso 15189,https://knacert.com.vn/blogs/tin-tuc/tieu-chuan-iso-15189-yeu-cau-chat-luong-va-nang-luc-phong-xet-nghiem-y-te,url_not_found_in_page_classification
52,iso 14024,,blank_url
53,iso 14024 2018,,blank_url
54,tiêu chuẩn iso 14024,,blank_url
57,cấp chứng chỉ iso 13485,,blank_url
58,cấp chứng nhận iso 13485,,blank_url
64,iso 14001,https://knacert.com.vn/tin-tuc-tieu-chuan/danh-sach-tai-lieu-iso-140012015-bat-buoc/,url_not_found_in_page_classification
65,iso 14001 2015,https://knacert.com.vn/tin-tuc-tieu-chuan/danh-sach-tai-lieu-iso-140012015-bat-buoc/,url_not_found_in_page_classification
72,iso 17025,https://knacert.com.vn/tin-tuc-tieu-chuan/tim-hieu-iso-17025-la-gi-kna-cert/,url_not_found_in_page_classification
74,iso 17025 là gì,https://knacert.com.vn/tin-tuc-tieu-chuan/tim-hieu-iso-17025-la-gi-kna-cert/,url_not_found_in_page_classification
75,iso 17025 pdf,https://knacert.com.vn/blogs/tin-tuc/tieu-chuan-isoiec-170252017-pdf?lang=vi,url_not_found_in_page_classification
77,chứng chỉ iso 45001 là gì,https://knacert.com.vn/tin-tuc-tieu-chuan/tieu-chuan-iso-45001-la-gi-kna-cert/,url_not_found_in_page_classification
79,chứng nhận iso 45001 2018,,blank_url
82,iso 45001 là gì,https://knacert.com.vn/tin-tuc-tieu-chuan/tieu-chuan-iso-45001-la-gi-kna-cert/,url_not_found_in_page_classification
83,iso 9001,https://knacert.com.vn/tin-tuc-tieu-chuan/tieu-chuan-iso-90012015-la-gi-kna-cert/,url_not_found_in_page_classification
84,iso 9001 2015,https://knacert.com.vn/tin-tuc-tieu-chuan/tieu-chuan-iso-90012015-la-gi-kna-cert/,url_not_found_in_page_classification
85,iso 14001,https://knacert.com.vn/tin-tuc-tieu-chuan/danh-sach-tai-lieu-iso-140012015-bat-buoc/,url_not_found_in_page_classification
87,iso 14001 2015,https://knacert.com.vn/tin-tuc-tieu-chuan/danh-sach-tai-lieu-iso-140012015-bat-buoc/,url_not_found_in_page_classification
91,iso 9001 2015 la gi,,blank_url
94,iso 9001 2008,https://knacert.com.vn/tin-tuc-tieu-chuan/so-sanh-iso-90012015-va-iso-90012008-kna-cert/,url_not_found_in_page_classification
95,tcvn iso 9001 2015,https://knacert.com.vn/tin-tuc-tieu-chuan/tai-lieu-iso-90012015-pdf/,url_not_found_in_page_classification
96,quyết định công bố iso 9001 2015,https://knacert.com.vn/blogs/tin-tong-hop/hoi---dap-giay-chung-nhan-iso-9001-do-co-quan-nao-cap,url_not_found_in_page_classification
97,quy trình bán hàng iso 9001,https://knacert.com.vn/cong-cu-cai-tien/cac-quy-trinh-can-thiet-cua-iso-90012015/,url_not_found_in_page_classification
98,iso 9001 pdf,https://knacert.com.vn/tin-tuc-tieu-chuan/tai-lieu-iso-90012015-pdf/,url_not_found_in_page_classification
99,iso 9001 2015 pdf,https://knacert.com.vn/tin-tuc-tieu-chuan/tai-lieu-iso-90012015-pdf/,url_not_found_in_page_classification
102,các yêu cầu của tiêu chuẩn iso 9001 2015,,blank_url
103,bộ quy trình iso 9001 2015,https://knacert.com.vn/cong-cu-cai-tien/cac-quy-trinh-can-thiet-cua-iso-90012015/,url_not_found_in_page_classification
105,tư vấn iso 9001,https://knacert.com.vn/tin-tuc-tieu-chuan/hoi-dap-giay-chung-nhan-iso-9001-do-co-quan-nao-cap/,url_not_found_in_page_classification
106,tiêu chuẩn iso 9001 mới nhất,https://knacert.com.vn/tin-tuc-tieu-chuan/tieu-chuan-iso-90012015-la-gi-kna-cert/,url_not_found_in_page_classification
108,tieu chuan iso 9001 la gi,,blank_url
109,logo iso 9001,https://knacert.com.vn/tin-tuc-tieu-chuan/hoi-dap-giay-chung-nhan-iso-9001-do-co-quan-nao-cap/,url_not_found_in_page_classification
114,tiêu chuẩn iso 9001 2015 pdf,https://knacert.com.vn/tin-tuc-tieu-chuan/tai-lieu-iso-90012015-pdf/,url_not_found_in_page_classification
115,logo iso 9001 2015,https://knacert.com.vn/blogs/tin-tong-hop/logo-iso-90012015---huong-dan-tai-su-dung-chuan,url_not_found_in_page_classification
116,chứng nhận iso 9001 là gì,https://knacert.com.vn/tin-tuc-tieu-chuan/hoi-dap-giay-chung-nhan-iso-9001-do-co-quan-nao-cap/,url_not_found_in_page_classification
119,iso 14064,https://knacert.com.vn/tin-tuc-tieu-chuan/iso-14064-la-gi-huong-dan-kiem-ke-khi-nha-kinh-toan-dien/,url_not_found_in_page_classification
120,iso 14064 1,https://knacert.com.vn/tin-tuc-tieu-chuan/iso-14064-la-gi-huong-dan-kiem-ke-khi-nha-kinh-toan-dien/,url_not_found_in_page_classification
121,iso 14064 1 2018,https://knacert.com.vn/tin-tuc-tieu-chuan/download-tieu-chuan-iso-14064-12018-pdf-tieng-viet/,url_not_found_in_page_classification
122,tiêu chuẩn iso 14064,https://knacert.com.vn/tin-tuc-tieu-chuan/iso-14064-la-gi-huong-dan-kiem-ke-khi-nha-kinh-toan-dien/,url_not_found_in_page_classification
123,báo cáo cbam,https://knacert.com.vn/tin-tuc-tieu-chuan/cbam-la-gi-toan-canh-co-che-dieu-chinh-bien-gioi-carbon-cua-eu/,url_not_found_in_page_classification
124,cbam,https://knacert.com.vn/tin-tuc-tieu-chuan/cbam-la-gi-toan-canh-co-che-dieu-chinh-bien-gioi-carbon-cua-eu/,url_not_found_in_page_classification
125,cbam là gì,https://knacert.com.vn/tin-tuc-tieu-chuan/cbam-la-gi-toan-canh-co-che-dieu-chinh-bien-gioi-carbon-cua-eu/,url_not_found_in_page_classification
126,chứng chỉ cbam,https://knacert.com.vn/tin-tuc-tieu-chuan/chung-chi-cbam-la-gi-cach-mua-cbam-certificate-tu-eu/,url_not_found_in_page_classification
127,cơ chế cbam,https://knacert.com.vn/tin-tuc-tieu-chuan/cbam-la-gi-toan-canh-co-che-dieu-chinh-bien-gioi-carbon-cua-eu/,url_not_found_in_page_classification
128,cơ chế cbam là gì,https://knacert.com.vn/tin-tuc-tieu-chuan/cbam-la-gi-toan-canh-co-che-dieu-chinh-bien-gioi-carbon-cua-eu/,url_not_found_in_page_classification
129,cơ chế điều chỉnh biên giới carbon cbam,,blank_url
130,eu cbam,https://knacert.com.vn/tin-tuc-tieu-chuan/cbam-la-gi-toan-canh-co-che-dieu-chinh-bien-gioi-carbon-cua-eu/,url_not_found_in_page_classification
133,haccp,https://knacert.com.vn/tin-tuc-tieu-chuan/muc-dich-cua-viec-ap-dung-haccp-la-gi/,url_not_found_in_page_classification
134,haccpa,https://knacert.com.vn/tin-tuc-tieu-chuan/muc-dich-cua-viec-ap-dung-haccp-la-gi/,url_not_found_in_page_classification
135,haccp là gì,https://knacert.com.vn/tin-tuc-tieu-chuan/muc-dich-cua-viec-ap-dung-haccp-la-gi/,url_not_found_in_page_classification
142,haccp,https://knacert.com.vn/tin-tuc-tieu-chuan/muc-dich-cua-viec-ap-dung-haccp-la-gi/,url_not_found_in_page_classification
143,iso 22000,https://knacert.com.vn/tin-tuc-tieu-chuan/cac-phien-ban-cua-iso-22000-va-su-khac-nhau-cua-iso-22000-phien-ban-2018-voi-2005/,url_not_found_in_page_classification
144,iso 220002018,https://knacert.com.vn/tin-tuc-tieu-chuan/bai-giang-iso-220002018/,url_not_found_in_page_classification
146,chứng nhận iso 22000 la gì,,blank_url
150,chứng nhận iso 22000 2018 là gì,,blank_url
154,eudr,https://knacert.com.vn/tin-tuc-tieu-chuan/eudr-la-gi-tat-tan-tat-quy-dinh-chong-pha-rung-eu-moi-nhat-20231115/,url_not_found_in_page_classification
155,eudr là gì,https://knacert.com.vn/tin-tuc-tieu-chuan/eudr-la-gi-tat-tan-tat-quy-dinh-chong-pha-rung-eu-moi-nhat-20231115/,url_not_found_in_page_classification
159,fsc,https://knacert.com.vn/phat-trien-ben-vung/can-lam-gi-de-duoc-cap-chung-chi-fsc-fm/,url_not_found_in_page_classification
160,fsc là gì,https://knacert.com.vn/tin-tuc-tieu-chuan/hoa-don-fsc-ho-so-fsc-can-co-khi-xuat-hang-fsc/,url_not_found_in_page_classification
161,chứng chỉ fsc,https://knacert.com.vn/blogs/tin-tuc/danh-sach-to-chuc-chung-nhan-iso-tai-viet-nam,url_not_found_in_page_classification
162,chứng nhận fsc,https://knacert.com.vn/tin-tuc-tieu-chuan/fsc-certificate-la-gi-giay-chung-nhan-fsc-la-gi/,url_not_found_in_page_classification
163,chứng chỉ fsc là gì,https://knacert.com.vn/tin-tuc-tieu-chuan/chung-chi-fsc-la-gi-quy-trinh-cap-chung-chi-fsc/,url_not_found_in_page_classification
164,chứng nhận fsc là gì,https://knacert.com.vn/tin-tuc-tieu-chuan/fsc-certificate-la-gi-giay-chung-nhan-fsc-la-gi/,url_not_found_in_page_classification
165,tiêu chuẩn fsc,https://knacert.com.vn/tin-tuc-tieu-chuan/tim-hieu-ve-tieu-chuan-fsc/,url_not_found_in_page_classification
166,fsc fm là gì,,blank_url
169,chứng nhận kosher,https://knacert.com.vn/blogs/tin-tuc/phan-biet-tieu-chuan-halal-va-kosher,url_not_found_in_page_classification
170,kosher food là gì,https://knacert.com.vn/tin-tuc-tieu-chuan/phan-biet-tieu-chuan-halal-va-kosher/,url_not_found_in_page_classification
171,brc,https://knacert.com.vn/phat-trien-ben-vung/nhung-cau-hoi-tuong-gap-ve-tieu-chuan-brc-an-toan-thuc-pham/,url_not_found_in_page_classification
172,brc la gi,https://knacert.com.vn/phat-trien-ben-vung/nhung-cau-hoi-tuong-gap-ve-tieu-chuan-brc-an-toan-thuc-pham/,url_not_found_in_page_classification
173,brc là gì,https://knacert.com.vn/phat-trien-ben-vung/nhung-cau-hoi-tuong-gap-ve-tieu-chuan-brc-an-toan-thuc-pham/,url_not_found_in_page_classification
175,tiêu chuẩn brc là gì,https://knacert.com.vn/phat-trien-ben-vung/nhung-cau-hoi-tuong-gap-ve-tieu-chuan-brc-an-toan-thuc-pham/,url_not_found_in_page_classification
176,ifs food là gì,https://knacert.com.vn/tin-tuc-tieu-chuan/tieu-chuan-ifs-food-la-gi/,url_not_found_in_page_classification
178,chứng nhận halal gcc,,blank_url
199,chứng chỉ grs là gì,https://knacert.com.vn/cong-cu-cai-tien/tieu-chuan-tai-che-toan-cau-grs-la-gi-kna-cert/,url_not_found_in_page_classification
202,giấy chứng nhận grs,https://knacert.com.vn/blogs/tin-tuc/cac-cau-hoi-thuong-gap-ve-tieu-chuan-tai-che-toan-cau-grs,url_not_found_in_page_classification
203,grs là gì,https://knacert.com.vn/cong-cu-cai-tien/tieu-chuan-tai-che-toan-cau-grs-la-gi-kna-cert/,url_not_found_in_page_classification
209,chứng chỉ ctpat,https://knacert.com.vn/tin-tuc-tieu-chuan/cac-thong-tin-ve-chung-chi-ctpat-ctpat-certificate/,url_not_found_in_page_classification
210,chứng nhận ctpat,https://knacert.com.vn/tin-tuc-tieu-chuan/cac-thong-tin-ve-chung-chi-ctpat-ctpat-certificate/,url_not_found_in_page_classification
215,chứng chỉ sedex,https://knacert.com.vn/sedex-la-gi-tu-van-tieu-chuan-sedex-smeta,url_not_found_in_page_classification
217,sedex certification,https://knacert.com.vn/service/what-is-sedex-sedex-pre-audit-smeta/?lang=en,url_not_found_in_page_classification
218,sedex login,https://knacert.com.vn/sedex-la-gi-tu-van-tieu-chuan-sedex-smeta,url_not_found_in_page_classification
221,smeta sedex,https://knacert.com.vn/tin-tuc-tieu-chuan/tieu-chuan-trach-nhiem-xa-hoi-sedex-smeta-la-gi/,url_not_found_in_page_classification
222,tiêu chuẩn sedex,,blank_url
225,tư vấn bsci,,blank_url
229,chứng chỉ wca,,blank_url
233,rba,https://knacert.com.vn/tin-tuc-tieu-chuan/rba-la-gi-quy-tac-ung-xu-rba-ve-trach-nhiem-xa-hoi-nganh-dien-tu/,url_not_found_in_page_classification
234,rba là gì,https://knacert.com.vn/tin-tuc-tieu-chuan/rba-la-gi-quy-tac-ung-xu-rba-ve-trach-nhiem-xa-hoi-nganh-dien-tu/,url_not_found_in_page_classification
235,tiêu chuẩn hành vi rba bao gồm những gì,https://knacert.com.vn/tin-tuc-tieu-chuan/rba-la-gi-quy-tac-ung-xu-rba-ve-trach-nhiem-xa-hoi-nganh-dien-tu/,url_not_found_in_page_classification
236,tiêu chuẩn rba là gì,https://knacert.com.vn/tin-tuc-tieu-chuan/rba-la-gi-quy-tac-ung-xu-rba-ve-trach-nhiem-xa-hoi-nganh-dien-tu/,url_not_found_in_page_classification
240,costco,,blank_url
241,costco ở việt nam,,blank_url
243,tiêu chuẩn rws,,blank_url
255,chứng chỉ sa8000,https://knacert.com.vn/tin-tuc-tieu-chuan/nhung-cau-hoi-thuong-gap-ve-tieu-chuan-sa8000/,url_not_found_in_page_classification
259,tiêu chuẩn sa8000,https://knacert.com.vn/tin-tuc-tieu-chuan/tai-lieu-tieu-chuan-sa-80002014-tieng-viet-pdf/,url_not_found_in_page_classification
260,,,blank_url
261,,,blank_url
262,,,blank_url
263,,,blank_url
264,,,blank_url
265,,,blank_url
266,,,blank_url
267,,,blank_url
268,,,blank_url
269,,,blank_url
270,,,blank_url
271,,,blank_url
272,,,blank_url
273,,,blank_url
274,,,blank_url
275,,,blank_url
276,,,blank_url
277,,,blank_url
278,,,blank_url
279,,,blank_url
280,,,blank_url
281,,,blank_url
282,,,blank_url
283,,,blank_url
284,,,blank_url
285,,,blank_url
286,,,blank_url
287,,,blank_url
288,,,blank_url
289,,,blank_url
290,,,blank_url
291,,,blank_url
292,,,blank_url
293,,,blank_url
294,,,blank_url
295,,,blank_url
296,,,blank_url
297,,,blank_url
298,,,blank_url
299,,,blank_url
300,,,blank_url
301,,,blank_url
302,,,blank_url
303,,,blank_url
304,,,blank_url
305,,,blank_url
306,,,blank_url
307,,,blank_url
308,,,blank_url
309,,,blank_url
310,,,blank_url
311,,,blank_url
312,,,blank_url
313,,,blank_url
314,,,blank_url
315,,,blank_url
316,,,blank_url
317,,,blank_url
318,,,blank_url
319,,,blank_url
320,,,blank_url
321,,,blank_url
322,,,blank_url
323,,,blank_url
324,,,blank_url
325,,,blank_url
326,,,blank_url
327,,,blank_url
328,,,blank_url
329,,,blank_url
330,,,blank_url
331,,,blank_url
332,,,blank_url
333,,,blank_url
334,,,blank_url
335,,,blank_url
336,,,blank_url
337,,,blank_url
338,,,blank_url
339,,,blank_url
340,,,blank_url
341,,,blank_url
342,,,blank_url
343,,,blank_url
344,,,blank_url
345,,,blank_url
346,,,blank_url
347,,,blank_url
348,,,blank_url
349,,,blank_url
350,,,blank_url
351,,,blank_url
352,,,blank_url
353,,,blank_url
354,,,blank_url
355,,,blank_url
356,,,blank_url
357,,,blank_url
358,,,blank_url
359,,,blank_url
360,,,blank_url
361,,,blank_url
362,,,blank_url
363,,,blank_url
364,,,blank_url
365,,,blank_url
366,,,blank_url
367,,,blank_url
368,,,blank_url
369,,,blank_url
370,,,blank_url
371,,,blank_url
372,,,blank_url
373,,,blank_url
374,,,blank_url
375,,,blank_url
376,,,blank_url
377,,,blank_url
378,,,blank_url
379,,,blank_url
380,,,blank_url
381,,,blank_url
382,,,blank_url
383,,,blank_url
384,,,blank_url
385,,,blank_url
386,,,blank_url
387,,,blank_url
388,,,blank_url
389,,,blank_url
390,,,blank_url
391,,,blank_url
392,,,blank_url
393,,,blank_url
394,,,blank_url
395,,,blank_url
396,,,blank_url
397,,,blank_url
398,,,blank_url
399,,,blank_url
400,,,blank_url
401,,,blank_url
402,,,blank_url
403,,,blank_url
404,,,blank_url
405,,,blank_url
406,,,blank_url
407,,,blank_url
408,,,blank_url
409,,,blank_url
410,,,blank_url
411,,,blank_url
412,,,blank_url
413,,,blank_url
414,,,blank_url
415,,,blank_url
416,,,blank_url
417,,,blank_url
418,,,blank_url
419,,,blank_url
420,,,blank_url
421,,,blank_url
422,,,blank_url
423,,,blank_url
424,,,blank_url
425,,,blank_url
426,,,blank_url
427,,,blank_url
428,,,blank_url
429,,,blank_url
430,,,blank_url
431,,,blank_url
432,,,blank_url
433,,,blank_url
434,,,blank_url
435,,,blank_url
436,,,blank_url
437,,,blank_url
438,,,blank_url
439,,,blank_url
440,,,blank_url
441,,,blank_url
442,,,blank_url
443,,,blank_url
444,,,blank_url
445,,,blank_url
446,,,blank_url
447,,,blank_url
448,,,blank_url
449,,,blank_url
450,,,blank_url
451,,,blank_url
452,,,blank_url
453,,,blank_url
454,,,blank_url
455,,,blank_url
456,,,blank_url
457,,,blank_url
458,,,blank_url
459,,,blank_url
460,,,blank_url
461,,,blank_url
462,,,blank_url
463,,,blank_url
464,,,blank_url
465,,,blank_url
466,,,blank_url
467,,,blank_url
468,,,blank_url
469,,,blank_url
470,,,blank_url
471,,,blank_url
472,,,blank_url
473,,,blank_url
474,,,blank_url
475,,,blank_url
476,,,blank_url
477,,,blank_url
478,,,blank_url
479,,,blank_url
480,,,blank_url
481,,,blank_url
482,,,blank_url
483,,,blank_url
484,,,blank_url
485,,,blank_url
486,,,blank_url
487,,,blank_url
488,,,blank_url
489,,,blank_url
490,,,blank_url
491,,,blank_url
492,,,blank_url
493,,,blank_url
494,,,blank_url
495,,,blank_url
496,,,blank_url
497,,,blank_url
498,,,blank_url
499,,,blank_url
500,,,blank_url
501,,,blank_url
502,,,blank_url
503,,,blank_url
504,,,blank_url
505,,,blank_url
506,,,blank_url
507,,,blank_url
508,,,blank_url
509,,,blank_url
510,,,blank_url
511,,,blank_url
512,,,blank_url
513,,,blank_url
514,,,blank_url
515,,,blank_url
516,,,blank_url
517,,,blank_url
518,,,blank_url
519,,,blank_url
520,,,blank_url
521,,,blank_url
522,,,blank_url
523,,,blank_url
524,,,blank_url
525,,,blank_url
526,,,blank_url
527,,,blank_url
528,,,blank_url
529,,,blank_url
530,,,blank_url
531,,,blank_url
532,,,blank_url
533,,,blank_url
534,,,blank_url
535,,,blank_url
536,,,blank_url
537,,,blank_url
538,,,blank_url
539,,,blank_url
540,,,blank_url
541,,,blank_url
542,,,blank_url
543,,,blank_url
544,,,blank_url
545,,,blank_url
546,,,blank_url
547,,,blank_url
548,,,blank_url
549,,,blank_url
550,,,blank_url
551,,,blank_url
552,,,blank_url
553,,,blank_url
554,,,blank_url
555,,,blank_url
556,,,blank_url
557,,,blank_url
558,,,blank_url
559,,,blank_url
560,,,blank_url
561,,,blank_url
562,,,blank_url
563,,,blank_url
564,,,blank_url
565,,,blank_url
566,,,blank_url
567,,,blank_url
568,,,blank_url
569,,,blank_url
570,,,blank_url
571,,,blank_url
572,,,blank_url
573,,,blank_url
574,,,blank_url
575,,,blank_url
576,,,blank_url
577,,,blank_url
578,,,blank_url
579,,,blank_url
580,,,blank_url
581,,,blank_url
582,,,blank_url
583,,,blank_url
584,,,blank_url
585,,,blank_url
586,,,blank_url
587,,,blank_url
588,,,blank_url
589,,,blank_url
590,,,blank_url
591,,,blank_url
592,,,blank_url
593,,,blank_url
594,,,blank_url
595,,,blank_url
596,,,blank_url
597,,,blank_url
598,,,blank_url
599,,,blank_url
600,,,blank_url
601,,,blank_url
602,,,blank_url
603,,,blank_url
604,,,blank_url
605,,,blank_url
606,,,blank_url
607,,,blank_url
608,,,blank_url
609,,,blank_url
610,,,blank_url
611,,,blank_url
612,,,blank_url
613,,,blank_url
614,,,blank_url
615,,,blank_url
616,,,blank_url
617,,,blank_url
618,,,blank_url
619,,,blank_url
620,,,blank_url
621,,,blank_url
622,,,blank_url
623,,,blank_url
624,,,blank_url
625,,,blank_url
626,,,blank_url
627,,,blank_url
628,,,blank_url
629,,,blank_url
630,,,blank_url
631,,,blank_url
632,,,blank_url
633,,,blank_url
634,,,blank_url
635,,,blank_url
636,,,blank_url
637,,,blank_url
638,,,blank_url
639,,,blank_url
640,,,blank_url
641,,,blank_url
642,,,blank_url
643,,,blank_url
644,,,blank_url
645,,,blank_url
646,,,blank_url
647,,,blank_url
648,,,blank_url
649,,,blank_url
650,,,blank_url
651,,,blank_url
652,,,blank_url
653,,,blank_url
654,,,blank_url
655,,,blank_url
656,,,blank_url
657,,,blank_url
658,,,blank_url
659,,,blank_url
660,,,blank_url
661,,,blank_url
662,,,blank_url
663,,,blank_url
664,,,blank_url
665,,,blank_url
666,,,blank_url
667,,,blank_url
668,,,blank_url
669,,,blank_url
670,,,blank_url
671,,,blank_url
672,,,blank_url
673,,,blank_url
674,,,blank_url
675,,,blank_url
676,,,blank_url
677,,,blank_url
678,,,blank_url
679,,,blank_url
680,,,blank_url
681,,,blank_url
682,,,blank_url
683,,,blank_url
684,,,blank_url
685,,,blank_url
686,,,blank_url
687,,,blank_url
688,,,blank_url
689,,,blank_url
690,,,blank_url
691,,,blank_url
692,,,blank_url
693,,,blank_url
694,,,blank_url
695,,,blank_url
696,,,blank_url
697,,,blank_url
698,,,blank_url
699,,,blank_url
700,,,blank_url
701,,,blank_url
702,,,blank_url
703,,,blank_url
704,,,blank_url
705,,,blank_url
706,,,blank_url
707,,,blank_url
708,,,blank_url
709,,,blank_url
710,,,blank_url
711,,,blank_url
712,,,blank_url
713,,,blank_url
714,,,blank_url
715,,,blank_url
716,,,blank_url
717,,,blank_url
718,,,blank_url
719,,,blank_url
720,,,blank_url
721,,,blank_url
722,,,blank_url
723,,,blank_url
724,,,blank_url
725,,,blank_url
726,,,blank_url
727,,,blank_url
728,,,blank_url
729,,,blank_url
730,,,blank_url
731,,,blank_url
732,,,blank_url
733,,,blank_url
734,,,blank_url
735,,,blank_url
736,,,blank_url
737,,,blank_url
738,,,blank_url
739,,,blank_url
740,,,blank_url
741,,,blank_url
742,,,blank_url
743,,,blank_url
744,,,blank_url
745,,,blank_url
746,,,blank_url
747,,,blank_url
748,,,blank_url
749,,,blank_url
750,,,blank_url
751,,,blank_url
752,,,blank_url
753,,,blank_url
754,,,blank_url
755,,,blank_url
756,,,blank_url
757,,,blank_url
758,,,blank_url
759,,,blank_url
760,,,blank_url
761,,,blank_url
762,,,blank_url
763,,,blank_url
764,,,blank_url
765,,,blank_url
766,,,blank_url
767,,,blank_url
768,,,blank_url
769,,,blank_url
770,,,blank_url
771,,,blank_url
772,,,blank_url
773,,,blank_url
774,,,blank_url
775,,,blank_url
776,,,blank_url
777,,,blank_url
778,,,blank_url
779,,,blank_url
780,,,blank_url
781,,,blank_url
782,,,blank_url
783,,,blank_url
784,,,blank_url
785,,,blank_url
786,,,blank_url
787,,,blank_url
788,,,blank_url
789,,,blank_url
790,,,blank_url
791,,,blank_url
792,,,blank_url
793,,,blank_url
794,,,blank_url
795,,,blank_url
796,,,blank_url
797,,,blank_url
798,,,blank_url
799,,,blank_url
800,,,blank_url
801,,,blank_url
802,,,blank_url
803,,,blank_url
804,,,blank_url
805,,,blank_url
806,,,blank_url
807,,,blank_url
808,,,blank_url
809,,,blank_url
810,,,blank_url
811,,,blank_url
812,,,blank_url
813,,,blank_url
814,,,blank_url
815,,,blank_url
816,,,blank_url
817,,,blank_url
818,,,blank_url
819,,,blank_url
820,,,blank_url
821,,,blank_url
822,,,blank_url
823,,,blank_url
824,,,blank_url
825,,,blank_url
826,,,blank_url
827,,,blank_url
828,,,blank_url
829,,,blank_url
830,,,blank_url
831,,,blank_url
832,,,blank_url
833,,,blank_url
834,,,blank_url
835,,,blank_url
836,,,blank_url
837,,,blank_url
838,,,blank_url
839,,,blank_url
840,,,blank_url
841,,,blank_url
842,,,blank_url
843,,,blank_url
844,,,blank_url
845,,,blank_url
846,,,blank_url
847,,,blank_url
848,,,blank_url
849,,,blank_url
850,,,blank_url
851,,,blank_url
852,,,blank_url
853,,,blank_url
854,,,blank_url
855,,,blank_url
856,,,blank_url
857,,,blank_url
858,,,blank_url
859,,,blank_url
860,,,blank_url
861,,,blank_url
862,,,blank_url
863,,,blank_url
864,,,blank_url
865,,,blank_url
866,,,blank_url
867,,,blank_url
868,,,blank_url
869,,,blank_url
870,,,blank_url
871,,,blank_url
872,,,blank_url
873,,,blank_url
874,,,blank_url
875,,,blank_url
876,,,blank_url
877,,,blank_url
878,,,blank_url
879,,,blank_url
880,,,blank_url
881,,,blank_url
882,,,blank_url
883,,,blank_url
884,,,blank_url
885,,,blank_url
886,,,blank_url
887,,,blank_url
888,,,blank_url
889,,,blank_url
890,,,blank_url
891,,,blank_url
892,,,blank_url
893,,,blank_url
894,,,blank_url
895,,,blank_url
896,,,blank_url
897,,,blank_url
898,,,blank_url
899,,,blank_url
900,,,blank_url
901,,,blank_url
902,,,blank_url
903,,,blank_url
904,,,blank_url
905,,,blank_url
906,,,blank_url
907,,,blank_url
908,,,blank_url
909,,,blank_url
910,,,blank_url
911,,,blank_url
912,,,blank_url
913,,,blank_url
914,,,blank_url
915,,,blank_url
916,,,blank_url
917,,,blank_url
918,,,blank_url
919,,,blank_url
920,,,blank_url
921,,,blank_url
922,,,blank_url
923,,,blank_url
924,,,blank_url
925,,,blank_url
926,,,blank_url
927,,,blank_url
928,,,blank_url
929,,,blank_url
930,,,blank_url
931,,,blank_url
932,,,blank_url
933,,,blank_url
934,,,blank_url
935,,,blank_url
936,,,blank_url
937,,,blank_url
938,,,blank_url
939,,,blank_url
940,,,blank_url
941,,,blank_url
942,,,blank_url
943,,,blank_url
944,,,blank_url
945,,,blank_url
946,,,blank_url
947,,,blank_url
948,,,blank_url
949,,,blank_url
950,,,blank_url
951,,,blank_url
952,,,blank_url
953,,,blank_url
954,,,blank_url
955,,,blank_url
956,,,blank_url
957,,,blank_url
958,,,blank_url
959,,,blank_url
960,,,blank_url
961,,,blank_url
962,,,blank_url
963,,,blank_url
964,,,blank_url
965,,,blank_url
966,,,blank_url
967,,,blank_url
968,,,blank_url
969,,,blank_url
970,,,blank_url
971,,,blank_url
972,,,blank_url
973,,,blank_url
974,,,blank_url
975,,,blank_url
976,,,blank_url
977,,,blank_url
978,,,blank_url
979,,,blank_url
980,,,blank_url
981,,,blank_url
982,,,blank_url
983,,,blank_url
984,,,blank_url
985,,,blank_url
986,,,blank_url
987,,,blank_url
988,,,blank_url
989,,,blank_url
990,,,blank_url
991,,,blank_url
992,,,blank_url
993,,,blank_url
994,,,blank_url
995,,,blank_url
996,,,blank_url
997,,,blank_url
998,,,blank_url
999,,,blank_url
1000,,,blank_url
1001,,,blank_url
1002,,,blank_url
1003,,,blank_url
1004,,,blank_url
1005,,,blank_url
1006,,,blank_url
1007,,,blank_url
1008,,,blank_url
1009,,,blank_url
1010,,,blank_url
1011,,,blank_url
1012,,,blank_url
1013,,,blank_url
1014,,,blank_url
1015,,,blank_url
1016,,,blank_url
1017,,,blank_url
1018,,,blank_url
1019,,,blank_url
1020,,,blank_url
1021,,,blank_url
1022,,,blank_url
1023,,,blank_url
1024,,,blank_url
1025,,,blank_url
1026,,,blank_url
1027,,,blank_url
1028,,,blank_url
1029,,,blank_url
1030,,,blank_url
1031,,,blank_url
1032,,,blank_url
1033,,,blank_url
1034,,,blank_url
1035,,,blank_url
1036,,,blank_url
1037,,,blank_url
1038,,,blank_url
1039,,,blank_url
1040,,,blank_url
1041,,,blank_url
1042,,,blank_url
1043,,,blank_url
1044,,,blank_url
1045,,,blank_url
1046,,,blank_url
1047,,,blank_url
1048,,,blank_url
1049,,,blank_url
1050,,,blank_url
1051,,,blank_url
1052,,,blank_url
1053,,,blank_url
1054,,,blank_url
1055,,,blank_url
1056,,,blank_url
1057,,,blank_url
1058,,,blank_url
1059,,,blank_url
1060,,,blank_url
1061,,,blank_url
1062,,,blank_url
1063,,,blank_url
1064,,,blank_url
1065,,,blank_url
1066,,,blank_url
1067,,,blank_url
1068,,,blank_url
1069,,,blank_url
1070,,,blank_url
1071,,,blank_url
1072,,,blank_url
1073,,,blank_url
1074,,,blank_url
1075,,,blank_url
1076,,,blank_url
1077,,,blank_url
1078,,,blank_url
1079,,,blank_url
1080,,,blank_url
1081,,,blank_url
1082,,,blank_url
1083,,,blank_url
1084,,,blank_url
1085,,,blank_url
1086,,,blank_url
1087,,,blank_url
1088,,,blank_url
1089,,,blank_url
1090,,,blank_url
1091,,,blank_url
1092,,,blank_url
1093,,,blank_url
1094,,,blank_url
1095,,,blank_url
1096,,,blank_url
1097,,,blank_url
1098,,,blank_url
1099,,,blank_url
1100,,,blank_url
1101,,,blank_url
1102,,,blank_url
1103,,,blank_url
1104,,,blank_url
1105,,,blank_url
1106,,,blank_url
1107,,,blank_url
1108,,,blank_url
1109,,,blank_url
1110,,,blank_url
1111,,,blank_url
1112,,,blank_url
1113,,,blank_url
1114,,,blank_url
1115,,,blank_url
1116,,,blank_url
1117,,,blank_url
1118,,,blank_url
1119,,,blank_url
1120,,,blank_url
1121,,,blank_url
1122,,,blank_url
1123,,,blank_url
1124,,,blank_url
1125,,,blank_url
1126,,,blank_url
1127,,,blank_url
1128,,,blank_url
1129,,,blank_url
1130,,,blank_url
1131,,,blank_url
1132,,,blank_url
1133,,,blank_url
1134,,,blank_url
1135,,,blank_url
1136,,,blank_url
1137,,,blank_url
1138,,,blank_url
1139,,,blank_url
1140,,,blank_url
1141,,,blank_url
1142,,,blank_url
1143,,,blank_url
1144,,,blank_url
1145,,,blank_url
1146,,,blank_url
1147,,,blank_url
1148,,,blank_url
1149,,,blank_url
1150,,,blank_url
1151,,,blank_url
1152,,,blank_url
1153,,,blank_url
1154,,,blank_url
1155,,,blank_url
1156,,,blank_url
1157,,,blank_url
1158,,,blank_url
1159,,,blank_url
1160,,,blank_url
1161,,,blank_url
1162,,,blank_url
1163,,,blank_url
1164,,,blank_url
1165,,,blank_url
1166,,,blank_url
1167,,,blank_url
1168,,,blank_url
1169,,,blank_url
1170,,,blank_url
1171,,,blank_url
1172,,,blank_url
1173,,,blank_url
1174,,,blank_url
1175,,,blank_url
1176,,,blank_url
1177,,,blank_url
1178,,,blank_url
1179,,,blank_url
1180,,,blank_url
1181,,,blank_url
1182,,,blank_url
1183,,,blank_url
1184,,,blank_url
1185,,,blank_url
1186,,,blank_url
1187,,,blank_url
1188,,,blank_url
1189,,,blank_url
1190,,,blank_url
1191,,,blank_url
1192,,,blank_url
1193,,,blank_url
1194,,,blank_url
1195,,,blank_url
1196,,,blank_url
1197,,,blank_url
1198,,,blank_url
1199,,,blank_url
1200,,,blank_url
1201,,,blank_url
1202,,,blank_url
1203,,,blank_url
1204,,,blank_url
1205,,,blank_url
1206,,,blank_url
1207,,,blank_url
1208,,,blank_url
1209,,,blank_url
1210,,,blank_url
1211,,,blank_url
1212,,,blank_url
1213,,,blank_url
1214,,,blank_url
1215,,,blank_url
1216,,,blank_url
1217,,,blank_url
1218,,,blank_url
1219,,,blank_url
1220,,,blank_url
1221,,,blank_url
1222,,,blank_url
1223,,,blank_url
1224,,,blank_url
1225,,,blank_url
1226,,,blank_url
1227,,,blank_url
1228,,,blank_url
1229,,,blank_url
1230,,,blank_url
1231,,,blank_url
1232,,,blank_url
1233,,,blank_url
1234,,,blank_url
1235,,,blank_url
1236,,,blank_url
1237,,,blank_url
1238,,,blank_url
1239,,,blank_url
1240,,,blank_url
1241,,,blank_url
1242,,,blank_url
1243,,,blank_url
1244,,,blank_url
1245,,,blank_url
1246,,,blank_url
1247,,,blank_url
1248,,,blank_url
1249,,,blank_url
1250,,,blank_url
1251,,,blank_url
1252,,,blank_url
1253,,,blank_url
1254,,,blank_url
1255,,,blank_url
1256,,,blank_url
1257,,,blank_url
1258,,,blank_url
1259,,,blank_url
1260,,,blank_url
1261,,,blank_url
1262,,,blank_url
1263,,,blank_url
1264,,,blank_url
1265,,,blank_url
1266,,,blank_url
1267,,,blank_url
1268,,,blank_url
1269,,,blank_url
1270,,,blank_url
1271,,,blank_url
1272,,,blank_url
1273,,,blank_url
1274,,,blank_url
1275,,,blank_url
1276,,,blank_url
1277,,,blank_url
1278,,,blank_url
1279,,,blank_url
1280,,,blank_url
1281,,,blank_url
1282,,,blank_url
1283,,,blank_url
1284,,,blank_url
1285,,,blank_url
1286,,,blank_url
1287,,,blank_url
1288,,,blank_url
1289,,,blank_url
1290,,,blank_url
1291,,,blank_url
1292,,,blank_url
1293,,,blank_url
1294,,,blank_url
1295,,,blank_url
1296,,,blank_url
1297,,,blank_url
1298,,,blank_url
1299,,,blank_url
1300,,,blank_url
1301,,,blank_url
1302,,,blank_url
1303,,,blank_url
1304,,,blank_url
1305,,,blank_url
1306,,,blank_url
1307,,,blank_url
1308,,,blank_url
1309,,,blank_url
1310,,,blank_url
1311,,,blank_url
1312,,,blank_url
1313,,,blank_url
1314,,,blank_url
1315,,,blank_url
1316,,,blank_url
1317,,,blank_url
1318,,,blank_url
1319,,,blank_url
1320,,,blank_url
1321,,,blank_url
1322,,,blank_url
1323,,,blank_url
1324,,,blank_url
1325,,,blank_url
1326,,,blank_url
1327,,,blank_url
1328,,,blank_url
1329,,,blank_url
1330,,,blank_url
1331,,,blank_url
1332,,,blank_url
1333,,,blank_url
1334,,,blank_url
1335,,,blank_url
1336,,,blank_url
1337,,,blank_url
1338,,,blank_url
1339,,,blank_url
1340,,,blank_url
1341,,,blank_url
1342,,,blank_url
1343,,,blank_url
1344,,,blank_url
1345,,,blank_url
1346,,,blank_url
1347,,,blank_url
1348,,,blank_url
1349,,,blank_url
1350,,,blank_url
1351,,,blank_url
1352,,,blank_url
1353,,,blank_url
1354,,,blank_url
1355,,,blank_url
1356,,,blank_url
1357,,,blank_url
1358,,,blank_url
1359,,,blank_url
1360,,,blank_url
1361,,,blank_url
1362,,,blank_url
1363,,,blank_url
1364,,,blank_url
1365,,,blank_url
1366,,,blank_url
1367,,,blank_url
1368,,,blank_url
1369,,,blank_url
1370,,,blank_url
1371,,,blank_url
1372,,,blank_url
1373,,,blank_url
1374,,,blank_url
1375,,,blank_url
1376,,,blank_url
1377,,,blank_url
1378,,,blank_url
1379,,,blank_url
1380,,,blank_url
1381,,,blank_url
1382,,,blank_url
1383,,,blank_url
1384,,,blank_url
1385,,,blank_url
1386,,,blank_url
1387,,,blank_url
1388,,,blank_url
1389,,,blank_url
1390,,,blank_url
1391,,,blank_url
1392,,,blank_url
1393,,,blank_url
1394,,,blank_url
1395,,,blank_url
1396,,,blank_url
1397,,,blank_url
1398,,,blank_url
1399,,,blank_url
1400,,,blank_url
1401,,,blank_url
1402,,,blank_url
1403,,,blank_url
1404,,,blank_url
1405,,,blank_url
1406,,,blank_url
1407,,,blank_url
1408,,,blank_url
1409,,,blank_url
1410,,,blank_url
1411,,,blank_url
1412,,,blank_url
1413,,,blank_url
1414,,,blank_url
1415,,,blank_url
1416,,,blank_url
1417,,,blank_url
1418,,,blank_url
1419,,,blank_url
1420,,,blank_url
1421,,,blank_url
1422,,,blank_url
1423,,,blank_url
1424,,,blank_url
1425,,,blank_url
1426,,,blank_url
1427,,,blank_url
1428,,,blank_url
1429,,,blank_url
1430,,,blank_url
1431,,,blank_url
1432,,,blank_url
1433,,,blank_url
1434,,,blank_url
1435,,,blank_url
1436,,,blank_url
1437,,,blank_url
1438,,,blank_url
1439,,,blank_url
1440,,,blank_url
1441,,,blank_url
1442,,,blank_url
1443,,,blank_url
1444,,,blank_url
1445,,,blank_url
1446,,,blank_url
1447,,,blank_url
1448,,,blank_url
1449,,,blank_url
1450,,,blank_url
1451,,,blank_url
1452,,,blank_url
1453,,,blank_url
1454,,,blank_url
1455,,,blank_url
1456,,,blank_url
1457,,,blank_url
1458,,,blank_url
1459,,,blank_url
1460,,,blank_url
1461,,,blank_url
1462,,,blank_url
1463,,,blank_url
1464,,,blank_url
1465,,,blank_url
1466,,,blank_url
1467,,,blank_url
1468,,,blank_url
1469,,,blank_url
1470,,,blank_url
1471,,,blank_url
1472,,,blank_url
1473,,,blank_url
1474,,,blank_url
1475,,,blank_url
1476,,,blank_url
1477,,,blank_url
1478,,,blank_url
1479,,,blank_url
1480,,,blank_url
1481,,,blank_url
1482,,,blank_url
1483,,,blank_url
1484,,,blank_url
1485,,,blank_url
1486,,,blank_url
1487,,,blank_url
1488,,,blank_url
1489,,,blank_url
1490,,,blank_url
1491,,,blank_url
1492,,,blank_url
1493,,,blank_url
1494,,,blank_url
1495,,,blank_url
1496,,,blank_url
1497,,,blank_url
1498,,,blank_url
1499,,,blank_url
1500,,,blank_url
1501,,,blank_url
1502,,,blank_url
1503,,,blank_url
1504,,,blank_url
1505,,,blank_url
1506,,,blank_url
1507,,,blank_url
1508,,,blank_url
1509,,,blank_url
1510,,,blank_url
1511,,,blank_url
1512,,,blank_url
1513,,,blank_url
1514,,,blank_url
1515,,,blank_url
1516,,,blank_url
1517,,,blank_url
1518,,,blank_url
1519,,,blank_url
1520,,,blank_url
1521,,,blank_url
1522,,,blank_url
1523,,,blank_url
1524,,,blank_url
1525,,,blank_url
1526,,,blank_url
1527,,,blank_url
1528,,,blank_url
1529,,,blank_url
1530,,,blank_url
1531,,,blank_url
1532,,,blank_url
1533,,,blank_url
1534,,,blank_url
1535,,,blank_url
1536,,,blank_url
1537,,,blank_url
1538,,,blank_url
1539,,,blank_url
1540,,,blank_url
1541,,,blank_url
1542,,,blank_url
1543,,,blank_url
1544,,,blank_url
1545,,,blank_url
1546,,,blank_url
1547,,,blank_url
1548,,,blank_url
1549,,,blank_url
1550,,,blank_url
1551,,,blank_url
1552,,,blank_url
1553,,,blank_url
1554,,,blank_url
1555,,,blank_url
1556,,,blank_url
1557,,,blank_url
1558,,,blank_url
1559,,,blank_url
1560,,,blank_url
1561,,,blank_url
1562,,,blank_url
1563,,,blank_url
1564,,,blank_url
1565,,,blank_url
1566,,,blank_url
1567,,,blank_url
1568,,,blank_url
1569,,,blank_url
1570,,,blank_url
1571,,,blank_url
1572,,,blank_url
1573,,,blank_url
1574,,,blank_url
1575,,,blank_url
1576,,,blank_url
1577,,,blank_url
1578,,,blank_url
1579,,,blank_url
1580,,,blank_url
1581,,,blank_url
1582,,,blank_url
1583,,,blank_url
1584,,,blank_url
1585,,,blank_url
1586,,,blank_url
1587,,,blank_url
1588,,,blank_url
1589,,,blank_url
1590,,,blank_url
1591,,,blank_url
1592,,,blank_url
1593,,,blank_url
1594,,,blank_url
1595,,,blank_url
1596,,,blank_url
1597,,,blank_url
1598,,,blank_url
1599,,,blank_url
1600,,,blank_url
1601,,,blank_url
1602,,,blank_url
1603,,,blank_url
1604,,,blank_url
1605,,,blank_url
1606,,,blank_url
1607,,,blank_url
1608,,,blank_url
1609,,,blank_url
1610,,,blank_url
1611,,,blank_url
1612,,,blank_url
1613,,,blank_url
1614,,,blank_url
1615,,,blank_url
1616,,,blank_url
1617,,,blank_url
1618,,,blank_url
1619,,,blank_url
1620,,,blank_url
1621,,,blank_url
1622,,,blank_url
1623,,,blank_url
1624,,,blank_url
1625,,,blank_url
1626,,,blank_url
1627,,,blank_url
1628,,,blank_url
1629,,,blank_url
1630,,,blank_url
1631,,,blank_url
1632,,,blank_url
1633,,,blank_url
1634,,,blank_url
1635,,,blank_url
1636,,,blank_url
1637,,,blank_url
1638,,,blank_url
1639,,,blank_url
1640,,,blank_url
1641,,,blank_url
1642,,,blank_url
1643,,,blank_url
1644,,,blank_url
1645,,,blank_url
1646,,,blank_url
1647,,,blank_url
1648,,,blank_url
1649,,,blank_url
1650,,,blank_url
1651,,,blank_url
1652,,,blank_url
1653,,,blank_url
1654,,,blank_url
1655,,,blank_url
1656,,,blank_url
1657,,,blank_url
1658,,,blank_url
1659,,,blank_url
1660,,,blank_url
1661,,,blank_url
1662,,,blank_url
1663,,,blank_url
1664,,,blank_url
1665,,,blank_url
1666,,,blank_url
1667,,,blank_url
1668,,,blank_url
1669,,,blank_url
1670,,,blank_url
1671,,,blank_url
1672,,,blank_url
1673,,,blank_url
1674,,,blank_url
1675,,,blank_url
1676,,,blank_url
1677,,,blank_url
1678,,,blank_url
1679,,,blank_url
1680,,,blank_url
1681,,,blank_url
1682,,,blank_url
1683,,,blank_url
1684,,,blank_url
1685,,,blank_url
1686,,,blank_url
1687,,,blank_url
1688,,,blank_url
1689,,,blank_url
1690,,,blank_url
1691,,,blank_url
1692,,,blank_url
1693,,,blank_url
1694,,,blank_url
1695,,,blank_url
1696,,,blank_url
1697,,,blank_url
1698,,,blank_url
1699,,,blank_url
1700,,,blank_url
1701,,,blank_url
1702,,,blank_url
1703,,,blank_url
1704,,,blank_url
1705,,,blank_url
1706,,,blank_url
1707,,,blank_url
1708,,,blank_url
1709,,,blank_url
1710,,,blank_url
1711,,,blank_url
1712,,,blank_url
1713,,,blank_url
1714,,,blank_url
1715,,,blank_url
1716,,,blank_url
1717,,,blank_url
1718,,,blank_url
1719,,,blank_url
1720,,,blank_url
1721,,,blank_url
1722,,,blank_url
1723,,,blank_url
1724,,,blank_url
1725,,,blank_url
1726,,,blank_url
1727,,,blank_url
1728,,,blank_url
1729,,,blank_url
1730,,,blank_url
1731,,,blank_url
1732,,,blank_url
1733,,,blank_url
1734,,,blank_url
1735,,,blank_url
1736,,,blank_url
1737,,,blank_url
1738,,,blank_url
1739,,,blank_url
1740,,,blank_url
1741,,,blank_url
1742,,,blank_url
1743,,,blank_url
1744,,,blank_url
1745,,,blank_url
1746,,,blank_url
1747,,,blank_url
1748,,,blank_url
1749,,,blank_url
1750,,,blank_url
1751,,,blank_url
1752,,,blank_url
1753,,,blank_url
1754,,,blank_url
1755,,,blank_url
1756,,,blank_url
1757,,,blank_url
1758,,,blank_url
1759,,,blank_url
1760,,,blank_url
1761,,,blank_url
1762,,,blank_url
1763,,,blank_url
1764,,,blank_url
1765,,,blank_url
1766,,,blank_url
1767,,,blank_url
1768,,,blank_url
1769,,,blank_url
1770,,,blank_url
1771,,,blank_url
1772,,,blank_url
1773,,,blank_url
1774,,,blank_url
1775,,,blank_url
1776,,,blank_url
1777,,,blank_url
1778,,,blank_url
1779,,,blank_url
1780,,,blank_url
1781,,,blank_url
1782,,,blank_url
1783,,,blank_url
1784,,,blank_url
1785,,,blank_url
1786,,,blank_url
1787,,,blank_url
1788,,,blank_url
1789,,,blank_url
1790,,,blank_url
1791,,,blank_url
1792,,,blank_url
1793,,,blank_url
1794,,,blank_url
1795,,,blank_url
1796,,,blank_url
1797,,,blank_url
1798,,,blank_url
1799,,,blank_url
1800,,,blank_url
1801,,,blank_url
1802,,,blank_url
1803,,,blank_url
1804,,,blank_url
1805,,,blank_url
1806,,,blank_url
1807,,,blank_url
1808,,,blank_url
1809,,,blank_url
1810,,,blank_url
1811,,,blank_url
1812,,,blank_url
1813,,,blank_url
1814,,,blank_url
1815,,,blank_url
1816,,,blank_url
1817,,,blank_url
1818,,,blank_url
1819,,,blank_url
1820,,,blank_url
1821,,,blank_url
1822,,,blank_url
1823,,,blank_url
1824,,,blank_url
1825,,,blank_url
1826,,,blank_url
1827,,,blank_url
1828,,,blank_url
1829,,,blank_url
1830,,,blank_url
1831,,,blank_url
1832,,,blank_url
1833,,,blank_url
1834,,,blank_url
1835,,,blank_url
1836,,,blank_url
1837,,,blank_url
1838,,,blank_url
1839,,,blank_url
1840,,,blank_url
1841,,,blank_url
1842,,,blank_url
1843,,,blank_url
1844,,,blank_url
1845,,,blank_url
1846,,,blank_url
1847,,,blank_url
1848,,,blank_url
1849,,,blank_url
1850,,,blank_url
1851,,,blank_url
1852,,,blank_url
1853,,,blank_url
1854,,,blank_url
1855,,,blank_url
1856,,,blank_url
1857,,,blank_url
1858,,,blank_url
1859,,,blank_url
1860,,,blank_url
1861,,,blank_url
1862,,,blank_url
1863,,,blank_url
1864,,,blank_url
1865,,,blank_url
1866,,,blank_url
1867,,,blank_url
1868,,,blank_url
1869,,,blank_url
1870,,,blank_url
1871,,,blank_url
1872,,,blank_url
1873,,,blank_url
1874,,,blank_url
1875,,,blank_url
1876,,,blank_url
1877,,,blank_url
1878,,,blank_url
1879,,,blank_url
1880,,,blank_url
1881,,,blank_url
1882,,,blank_url
1883,,,blank_url
1884,,,blank_url
1885,,,blank_url
1886,,,blank_url
1887,,,blank_url
1888,,,blank_url
1889,,,blank_url
1890,,,blank_url
1891,,,blank_url
1892,,,blank_url
1893,,,blank_url
1894,,,blank_url
1895,,,blank_url
1896,,,blank_url
1897,,,blank_url
1898,,,blank_url
1899,,,blank_url
1900,,,blank_url
1901,,,blank_url
1902,,,blank_url
1903,,,blank_url
1904,,,blank_url
1905,,,blank_url
1906,,,blank_url
1907,,,blank_url
1908,,,blank_url
1909,,,blank_url
1910,,,blank_url
1911,,,blank_url
1912,,,blank_url
1913,,,blank_url
1914,,,blank_url
1915,,,blank_url
1916,,,blank_url
1917,,,blank_url
1918,,,blank_url
1919,,,blank_url
1920,,,blank_url
1921,,,blank_url
1922,,,blank_url
1923,,,blank_url
1924,,,blank_url
1925,,,blank_url
1926,,,blank_url
1927,,,blank_url
1928,,,blank_url
