"type","id","status","title","link","match_type","needle","image_count","images","text_preview"
"posts","1197","publish","Huấn Luyện Cấp chứng chỉ An toàn Lao động theo NĐ 44 mới nhất","https://knacert.com.vn/tin-tuc-dao-tao/tai-sao-phai-huan-luyen-an-toan-lao-dong/","known_asset_reference","known_cta_asset","1","https://knacert.com.vn/wp-content/uploads/2025/11/dao-tao-iso-duoc-thien-an-knacert-322.png","n ẩn rủi ro tai nạn lao động cho người lao động. Các loại tai nạn lao động luôn rình rập và có thể xảy ra bất kì lúc nào với người lao động. Hậu quả của những tai nạn đó có thể nhẹ hoặc khá nặng nề và dai dẳng. Mọi nguyên nhân gây ra phần lớn đến từ sự chủ quan không đảm bảo an t"
"posts","1197","publish","Huấn Luyện Cấp chứng chỉ An toàn Lao động theo NĐ 44 mới nhất","https://knacert.com.vn/tin-tuc-dao-tao/tai-sao-phai-huan-luyen-an-toan-lao-dong/","standalone_img_cta_candidate","https://knacert.com.vn/wp-content/uploads/2025/11/44.png","2","https://knacert.com.vn/wp-content/uploads/2025/11/44.png | https://knacert.com.vn/wp-content/uploads/2025/11/33.png","Qua bảng trên bạn đã thấy phần lớn các tai nạn lao động thường xuất phát từ những hành vi bất cẩn và chủ quan của con người gây ra. Chúng làm thiệt hại cho doanh nghiệp lẫn chính người lao động khi bị tai nạn. Tai nạn có thể phòng ngừa nếu chúng ta ý thức đúng đắn về những hành v"
"posts","1197","publish","Huấn Luyện Cấp chứng chỉ An toàn Lao động theo NĐ 44 mới nhất","https://knacert.com.vn/tin-tuc-dao-tao/tai-sao-phai-huan-luyen-an-toan-lao-dong/","standalone_img_cta_candidate","https://knacert.com.vn/wp-content/uploads/2025/11/nut-01-1.png","3","https://knacert.com.vn/wp-content/uploads/2025/11/nut-01-1.png | https://knacert.com.vn/wp-content/uploads/2025/11/nut-02-1.png | https://knacert.com.vn/wp-content/uploads/2025/11/nut-03-1.png","Căn cứ pháp luật về việc tổ chức khóa huấn luyện an toàn lao động: ➡ Luật An toàn vệ sinh Lao động số 84/2015/QH13 được Quốc hội thông qua ( 25/06/2015) có hiệu lực từ ngày 01/07/2016. ➡ Nghị định số 44/2016/NĐ-CP ban hành ngày 15/05/2016. Giảng viên giảng dạy đào tạo huấn luyện "
"posts","1197","publish","Huấn Luyện Cấp chứng chỉ An toàn Lao động theo NĐ 44 mới nhất","https://knacert.com.vn/tin-tuc-dao-tao/tai-sao-phai-huan-luyen-an-toan-lao-dong/","table_cta_candidate","contact_href+cta_filename+button_dimensions+cta_text_or_phone","2","https://knacert.com.vn/wp-content/uploads/2025/11/44.png | https://knacert.com.vn/wp-content/uploads/2025/11/33.png",""
"posts","1322","publish","Chứng chỉ ISO 9001:2015 có hiệu lực trong bao lâu ?","https://knacert.com.vn/phat-trien-ben-vung/chung-chi-iso-90012015-co-hieu-luc-trong-bao-lau/","table_cta_candidate","cta_text_or_phone","0","","✅⭐ Dấu IAF Công nhận Quốc tế ? KNA CERT Cung cấp nhiều Dịch vụ trọn gói cho quý khách hàng ! ✅⭐ Thủ tục đăng ký chuyên nghiệp ? Với đội ngũ chuyên gia giàu kinh nghiệm, KNA Cert cung cấp dịch vụ chuyên nghiệp nhất cho quý khách hàng ✅⭐ Chính sách hậu mãi sau chứng nhận ? salesman"
"posts","1336","publish","Sự khác nhau giữa ISO 9000 và tiêu chuẩn TQM","https://knacert.com.vn/phat-trien-ben-vung/su-khac-nhau-giua-iso-9000-va-tieu-chuan-tqm/","table_cta_candidate","cta_text_or_phone","0","","✅⭐ Dấu IAF Công nhận Quốc tế ? KNA CERT Cung cấp nhiều Dịch vụ trọn gói cho quý khách hàng ! ✅⭐ Thủ tục đăng ký ? Với đội ngũ chuyên gia giàu kinh nghiệm, KNA Cert cung cấp dịch vụ chuyên nghiệp nhất cho quý khách hàng ✅⭐ Chính sách hậu mãi sau chứng nhận ? salesmanager@knacert.c"
"posts","1682","publish","Tiêu chuẩn BRC là gì ? Hệ thống An toàn thực phẩm Quốc tế","https://knacert.com.vn/phat-trien-ben-vung/nhung-cau-hoi-tuong-gap-ve-tieu-chuan-brc-an-toan-thuc-pham/","known_asset_reference","known_cta_asset","3","https://knacert.com.vn/wp-content/uploads/2025/11/nut-01-1.png | https://knacert.com.vn/wp-content/uploads/2025/11/nut-02-1.png | https://knacert.com.vn/wp-content/uploads/2025/11/nut-03-1-1.png","rong> Liên hệ với chúng tôi TỔ CHỨC CHỨNG NHẬN KNA CERT"
"posts","1682","publish","Tiêu chuẩn BRC là gì ? Hệ thống An toàn thực phẩm Quốc tế","https://knacert.com.vn/phat-trien-ben-vung/nhung-cau-hoi-tuong-gap-ve-tieu-chuan-brc-an-toan-thuc-pham/","table_cta_candidate","contact_href+cta_filename+button_dimensions+cta_text_or_phone","3","https://knacert.com.vn/wp-content/uploads/2025/11/nut-01-1.png | https://knacert.com.vn/wp-content/uploads/2025/11/nut-02-1.png | https://knacert.com.vn/wp-content/uploads/2025/11/nut-03-1-1.png",""
"posts","1751","publish","KHÓA HỌC ĐÀO TẠO NHẬN THỨC VÀ ĐÁNH GIÁ NỘI BỘ TIÊU CHUẨN TRÁCH NHIỆM XÃ HỘI ( BSCI, WRAP, SEDEX)","https://knacert.com.vn/su-kien-va-chuong-trinh/khoa-hoc-dao-tao-nhan-thuc-va-danh-gia-noi-bo-tieu-chuan-trach-nhiem-xa-hoi-bsci-wrap-sedex/","known_asset_reference","known_cta_asset","1","https://knacert.com.vn/wp-content/uploads/2025/11/khoa-hoc-tieu-chuan-csr.png","Doanh Nghiệp Việt Nam quan tâm đến trách nhiệm xã hội. Điều này cho biết rằng Doanh Nghiệp đó ngoài hoạt động kinh doanh có đạo đức ra còn có trách nhiệm với người lao động, môi trường và xã hội vv. Cụ thể là ngày càng nhiều Doanh Nghiệp áp dụng tiêu chuẩn đánh giá trách nhiệm xã"
"posts","1751","publish","KHÓA HỌC ĐÀO TẠO NHẬN THỨC VÀ ĐÁNH GIÁ NỘI BỘ TIÊU CHUẨN TRÁCH NHIỆM XÃ HỘI ( BSCI, WRAP, SEDEX)","https://knacert.com.vn/su-kien-va-chuong-trinh/khoa-hoc-dao-tao-nhan-thuc-va-danh-gia-noi-bo-tieu-chuan-trach-nhiem-xa-hoi-bsci-wrap-sedex/","standalone_img_cta_candidate","https://knacert.com.vn/wp-content/uploads/2025/11/dang-ky-button-win2888.png","1","https://knacert.com.vn/wp-content/uploads/2025/11/dang-ky-button-win2888.png","ĐỐI TƯỢNG THAM GIA KHÓA HỌC TRÁCH NHIỆM XÃ HỘI Lãnh đạo, trưởng phó bộ phận Nhân sự, Kế toán, Tổ chức công đoàn, Ban OH&amp;S, Y tế, PCCC, bếp ăn… Lãnh đạo quản lý cấp trung và cao (để hiểu và chỉ đạo) Nhân sự quan trọng tại các đơn vị/ bộ phận phòng ban trong doanh nghiệp ( để h"
"posts","1853","publish","Chương trình an ninh chuỗi cung ứng: Tác động tích cực cho người gửi hàng","https://knacert.com.vn/tin-tuc-tieu-chuan/chuong-trinh-an-ninh-chuoi-cung-ung-tac-dong-tich-cuc-cho-nguoi-gui-hang/","known_asset_reference","known_cta_asset","1","https://knacert.com.vn/wp-content/uploads/2025/11/dang-ky-button-win2888.png","cả các chương trình này của Hoa Kỳ thuộc Cục Hải quan và Bảo vệ Biên giới (CBP) và Cục an ninh giao thông vận tải (TSA). (AEO) Chương trình nhà điều hành kinh tế được ủy quyền của liên minh châu Âu cũng có yếu tố bảo mật phản ánh chặt chẽ trong một số chương trình này. Nếu anh ch"
"posts","1853","publish","Chương trình an ninh chuỗi cung ứng: Tác động tích cực cho người gửi hàng","https://knacert.com.vn/tin-tuc-tieu-chuan/chuong-trinh-an-ninh-chuoi-cung-ung-tac-dong-tich-cuc-cho-nguoi-gui-hang/","standalone_img_cta_candidate","https://knacert.com.vn/wp-content/uploads/2025/11/dang-ky-button-win2888.png","1","https://knacert.com.vn/wp-content/uploads/2025/11/dang-ky-button-win2888.png","CTPAT, CCSP, CSI, FAST, ISF and AEO. Những tiêu chuẩn này có đặc điểm gì chung ? Chúng đều là các chương trình an ninh chuỗi cung ứng do chính phủ tài trợ. Cụ thể như sau: C-TPAT : Đối tác hải quan - thương mại chống khủng bố CCSP: Chương trình kiểm tra hàng hóa được chứng nhận. "
"posts","1876","publish","Tiêu chuẩn ISO 22000 ‘bệ đỡ’ cho sản phẩm thực phẩm an toàn, chất lượng","https://knacert.com.vn/tin-tuc-tieu-chuan/tieu-chuan-iso-22000-be-do-cho-san-pham-thuc-pham-an-toan-chat-luong/","table_cta_candidate","cta_text_or_phone","0","","✅⭐ Chứng chỉ Hiệu lực Toàn cầu ? Chứng nhận công nhận có hiệu lực Toàn cầu ✅⭐ Chi phí đánh giá tốt ? Với đội ngũ chuyên gia giàu kinh nghiệm, KNA Cert cung cấp dịch vụ chuyên nghiệp nhất cho quý khách hàng ✅⭐ Mở rộng Thị trường bán hàng ? salesmanager@knacert.com ✅⭐ Tấm vé thông "
"posts","1938","publish","Câu hỏi về Hệ Thống Quản Lý Môi Trường ISO 14001","https://knacert.com.vn/phat-trien-ben-vung/cau-hoi-ve-he-thong-quan-ly-moi-truong-iso-14001/","table_cta_candidate","cta_text_or_phone","0","","✅⭐ Dấu IAF Công nhận Quốc tế ? KNA CERT Cung cấp nhiều Dịch vụ trọn gói cho quý khách hàng ! ✅⭐ Thủ tục đăng ký ? Với đội ngũ chuyên gia giàu kinh nghiệm, KNA Cert cung cấp dịch vụ chuyên nghiệp nhất cho quý khách hàng ✅⭐ Chính sách hậu mãi sau chứng nhận ? salesmanager@knacert.c"
"posts","2140","publish","Giải pháp nào để Nâng chỉ số ‘Số chứng chỉ ISO 9001 và ISO 14001’ trong Chỉ số GII","https://knacert.com.vn/tin-tuc-tieu-chuan/giai-phap-nao-de-nang-chi-so-so-chung-chi-iso-9001-va-iso-14001-trong-chi-so-gii/","table_cta_candidate","cta_text_or_phone","0","","✅⭐ Dấu IAF Công nhận Quốc tế ? KNA CERT Cung cấp nhiều Dịch vụ trọn gói cho quý khách hàng ! ✅⭐ Thủ tục đăng ký nhanh gọn ? Với đội ngũ chuyên gia giàu kinh nghiệm, KNA Cert cung cấp dịch vụ chuyên nghiệp nhất cho quý khách hàng ✅⭐ Chính sách hậu mãi sau chứng nhận ? salesmanager"
"posts","2149","publish","Khóa Đào Tạo IATF 16949:2016 - Nhận thức và đánh giá viên nội bộ IATF 16949","https://knacert.com.vn/su-kien-va-chuong-trinh/khoa-dao-tao-iatf-169492016/","known_asset_reference","known_cta_asset","1","https://knacert.com.vn/wp-content/uploads/2025/11/khoa-hoc-nhan-thuc-va-danh-gia-noi-bo-iatf-16949-123.png","́ng Quản lý Chất lượng theo tiêu chuẩn IATF 16949:2016 như các chuyên gia đánh giá của các tổ chức chứng nhận IATF 16949:2016, ngoài ra khóa học này còn giúp cho học viên củng cố kiến thức về 5 công cụ cốt lõi (5 Core tools) của IATF 16949:2016 là PPA"
"posts","2149","publish","Khóa Đào Tạo IATF 16949:2016 - Nhận thức và đánh giá viên nội bộ IATF 16949","https://knacert.com.vn/su-kien-va-chuong-trinh/khoa-dao-tao-iatf-169492016/","standalone_img_cta_candidate","https://knacert.com.vn/wp-content/uploads/2025/11/dang-ky-button-win2888-copy.png","1","https://knacert.com.vn/wp-content/uploads/2025/11/dang-ky-button-win2888-copy.png","KNA Academy – Đơn vị chuyên đào tạo các khóa đào tạo IATF 16949:2016 cho cá nhân, tổ chức. Tự tin là một trong những trung tâm đào tạo khóa học chứng chỉ ISO 14001 chất lượng nhất trên thị trường hiện nay. Khóa học được thực hiện bởi giảng viên là những chuyên gia nhiều năm kinh "
"posts","2744","publish","Lịch Đào Tạo Public Năm 2019 của KNA CERT","https://knacert.com.vn/su-kien-va-chuong-trinh/lich-dao-tao-public-nam-2019-cua-kna-cert/","known_asset_reference","known_cta_asset","1","https://knacert.com.vn/wp-content/uploads/2025/11/dao-tao-iso-benh-vien-dai-hoc-y-ha-noi-4.png","n cần tìm hiểu sâu về các tiêu chuẩn quốc tế để đáp ứng yêu cầu công việc của các cá nhân cũng như mong muốn tiếp thu kinh nghiệm thực tế để quản lý hiệu quả hơn hoạt động doanh nghiệp nhằm hướng tới sự phát triển bền vững, Công ty TNHH Chứng nhận KNA – KNA liên tục mở các khóa h"
"posts","2744","publish","Lịch Đào Tạo Public Năm 2019 của KNA CERT","https://knacert.com.vn/su-kien-va-chuong-trinh/lich-dao-tao-public-nam-2019-cua-kna-cert/","standalone_img_cta_candidate","https://knacert.com.vn/wp-content/uploads/2025/11/dang-ky-button-win2888-1.png","1","https://knacert.com.vn/wp-content/uploads/2025/11/dang-ky-button-win2888-1.png",""
"posts","2801","publish","KHOÁ HỌC NHẬN THỨC VÀ ĐÁNH GIÁ NỘI BỘ TÍCH HỢP VỀ THỰC PHẨM (HACCP, ISO 22000)","https://knacert.com.vn/su-kien-va-chuong-trinh/khoa-hoc-nhan-thuc-va-danh-gia-noi-bo-tich-hop-ve-thuc-pham-haccp-iso-22000-brc/","known_asset_reference","known_cta_asset","1","https://knacert.com.vn/wp-content/uploads/2026/04/khoa-hoc-tich-hop-thuc-pham-haccp-iso-22000-1.png","nội bộ tích hợp các tiêu chuẩn dành riêng cho nhóm thực phẩm như HACCP, ISO 22000. Việc xây dựng và áp dụng các tiêu chuẩn về thực phẩm cùng các sẽ Khóa học ISO tích hợp giúp sản phẩm thực phẩm sản xuất ra đảm bảo chất lượng cao đáp ứng yêu cầu của đối tác kinh doanh Khóa học quả"
"posts","2801","publish","KHOÁ HỌC NHẬN THỨC VÀ ĐÁNH GIÁ NỘI BỘ TÍCH HỢP VỀ THỰC PHẨM (HACCP, ISO 22000)","https://knacert.com.vn/su-kien-va-chuong-trinh/khoa-hoc-nhan-thuc-va-danh-gia-noi-bo-tich-hop-ve-thuc-pham-haccp-iso-22000-brc/","standalone_img_cta_candidate","https://knacert.com.vn/wp-content/uploads/2025/11/dang-ky-button-win2888-copy.png","1","https://knacert.com.vn/wp-content/uploads/2025/11/dang-ky-button-win2888-copy.png","Khóa học quản lý chất lượng ISO thực phẩm tích hợp ngoài những kiến thức và kinh nghiệm thực tế để đánh giá tính hiệu quả của hệ thống quản lý tích hợp và thực hiện được các quá trình tối ưu hoá như hoạch định, thực hiện, báo cáo về các cuộc đánh giá tích hợp trong một chu kỳ đán"
"posts","2877","publish","Câu hỏi cần biết về tiêu chuẩn ISO 45001","https://knacert.com.vn/phat-trien-ben-vung/cau-hoi-can-biet-ve-tieu-chuan-iso-45001/","known_asset_reference","known_cta_asset","1","https://knacert.com.vn/wp-content/uploads/2025/11/nhan-uu-dai-thang-3.png","hận chuyên nghiệp làm tăng danh tiếng của tổ chức bằng cách chứng minh tổ chức có Hệ thống Quản lý An toàn Sức khoẻ và Nghề nghiệp (OHSMS). Trong bài viết này KNA xin giới thiệu đến bạn một số câu hỏi có liên quan đến bộ tiêu chuẩn ISO 45001:2018 . 1. Điểm mới của tiêu chuẩn ISO "
"posts","2877","publish","Câu hỏi cần biết về tiêu chuẩn ISO 45001","https://knacert.com.vn/phat-trien-ben-vung/cau-hoi-can-biet-ve-tieu-chuan-iso-45001/","standalone_img_cta_candidate","https://knacert.com.vn/wp-content/uploads/2025/11/nhan-uu-dai-thang-3.png","1","https://knacert.com.vn/wp-content/uploads/2025/11/nhan-uu-dai-thang-3.png","Chứng nhận ISO 45001 là một chứng nhận chuyên nghiệp làm tăng danh tiếng của tổ chức bằng cách chứng minh tổ chức có Hệ thống Quản lý An toàn Sức khoẻ và Nghề nghiệp (OHSMS). Trong bài viết này KNA xin giới thiệu đến bạn một số câu hỏi có liên quan đến bộ tiêu chuẩn ISO 45001:201"
"posts","3119","publish","Lí do ban hành tiêu chuẩn ISO 45001:2018","https://knacert.com.vn/tin-tuc-tieu-chuan/li-do-ban-hanh-tieu-chuan-iso-450012018/","table_cta_candidate","cta_text_or_phone","0","","✅⭐ Dịch vụ trọn gói ? KNA CERT Cung cấp nhiều Dịch vụ trọn gói cho quý khách hàng ! ✅⭐ Thủ tục đăng ký nhanh gọn ? Với đội ngũ chuyên gia giàu kinh nghiệm, KNA Cert cung cấp dịch vụ chuyên nghiệp nhất cho quý khách hàng ✅⭐ Chính sách hậu mãi sau chứng nhận ? salesmanager@knacert."
"posts","3213","publish","CHƯƠNG TRÌNH TĂNG CƯỜNG NĂNG LỰC VÀ THÚC ĐẨY ÁP DỤNG CÁC HTQL TRONG DOANH NGHIỆP","https://knacert.com.vn/tin-tuc-nganh-nghe/chuong-trinh-tang-cuong-nang-luc-va-thuc-day-ap-dung-cac-htql-trong-doanh-nghiep/","known_asset_reference","known_cta_asset","2","https://knacert.com.vn/wp-content/uploads/2025/11/chuong-trinh-mien-phi.png | https://knacert.com.vn/wp-content/uploads/2025/11/dang-ky-button-win2888-1.png","nh. Tăng cường nhận thức về các hệ thống quản lý trong Doanh Nghiệp trong các ngành, lĩnh vực khác nhau ở tầm địa phương, quốc gia và quốc tế."
"posts","3213","publish","CHƯƠNG TRÌNH TĂNG CƯỜNG NĂNG LỰC VÀ THÚC ĐẨY ÁP DỤNG CÁC HTQL TRONG DOANH NGHIỆP","https://knacert.com.vn/tin-tuc-nganh-nghe/chuong-trinh-tang-cuong-nang-luc-va-thuc-day-ap-dung-cac-htql-trong-doanh-nghiep/","standalone_img_cta_candidate","https://knacert.com.vn/wp-content/uploads/2025/11/dang-ky-button-win2888-1.png","1","https://knacert.com.vn/wp-content/uploads/2025/11/dang-ky-button-win2888-1.png",""
"posts","3703","publish","Lịch đào tạo Public - KNA CERT","https://knacert.com.vn/tin-tuc-noi-bo-kna/lich-dao-tao-public-kna-cert/","known_asset_reference","known_cta_asset","1","https://knacert.com.vn/wp-content/uploads/2025/11/lich-dao-tao-public-2024-3.png","ục tiêu của các khóa học ISO, HACCP... không chỉ dừng lại ở mức độ biết mà còn học để HIỂU và ÁP DỤNG TỐT tại doanh nghiệp. Chính vì vậy, để đáp ứng nhu cầu của học viên, KNA liên tục khai giảng các khóa đào tạo Publics. DANH SÁCH KHÓA HỌC &gt;&gt; Click vào mục ""chi tiết"" để xem"
"posts","3703","publish","Lịch đào tạo Public - KNA CERT","https://knacert.com.vn/tin-tuc-noi-bo-kna/lich-dao-tao-public-kna-cert/","standalone_img_cta_candidate","https://knacert.com.vn/wp-content/uploads/2025/11/dang-ky-button-win2888-1.png","1","https://knacert.com.vn/wp-content/uploads/2025/11/dang-ky-button-win2888-1.png","&gt;&gt; Click vào mục ""chi tiết"" để xem NỘI DUNG KHÓA HỌC đầy đủ # Nội dung khóa học Chi phí Thời lượng 1 Hướng dẫn đánh giá rủi ro trong thực hành Trách Nhiệm Xã Hội (Bsci, Wrap, Sedex) 1.800.000 1 Ngày &nbsp; 2 Khóa đào tạo Xây dựng Checklist và thực hành đánh giá nội bộ các t"
"posts","3743","publish","Kinh nghiệm áp dụng tiêu chuẩn ISO 22000 bài học từ Công ty Bảo An","https://knacert.com.vn/khach-hang/kinh-nghiem-ap-dung-tieu-chuan-iso-22000-bai-hoc-tu-cong-ty-bao-an/","table_cta_candidate","cta_text_or_phone","0","","✅⭐ Chứng chỉ Hiệu lực Toàn cầu ? Chứng nhận FSC đươc ASI công nhận có hiệu lực Toàn cầu ✅⭐ Chi phí đánh giá tốt ? Với đội ngũ chuyên gia giàu kinh nghiệm, KNA Cert cung cấp dịch vụ chuyên nghiệp nhất cho quý khách hàng ✅⭐ Mở rộng Thị trường bán hàng ? salesmanager@knacert.com ✅⭐ "
"posts","4018","publish","Tiết kiệm chi phí và thời gian khi áp dụng tiêu chuẩn ISO 22000","https://knacert.com.vn/tin-tuc-tieu-chuan/tiet-kiem-chi-phi-va-thoi-gian-khi-ap-dung-tieu-chuan-iso-22000/","table_cta_candidate","cta_text_or_phone","0","","✅⭐ Chứng chỉ Hiệu lực Toàn cầu ? Chứng nhận FSC đươc ASI công nhận có hiệu lực Toàn cầu ✅⭐ Chi phí đánh giá tốt ? Với đội ngũ chuyên gia giàu kinh nghiệm, KNA Cert cung cấp dịch vụ chuyên nghiệp nhất cho quý khách hàng ✅⭐ Mở rộng Thị trường bán hàng ? salesmanager@knacert.com ✅⭐ "
"posts","4070","publish","7 Ưu điểm của sản phẩm gỗ được chứng nhận FSC","https://knacert.com.vn/tin-tuc-tieu-chuan/7-uu-diem-cua-san-pham-go-duoc-chung-nhan-fsc/","table_cta_candidate","cta_text_or_phone","0","","✅⭐ Chứng chỉ Hiệu lực Toàn cầu ? Chứng nhận FSC đươc ASI công nhận có hiệu lực Toàn cầu ✅⭐ Chi phí đánh giá tốt ? Với đội ngũ chuyên gia giàu kinh nghiệm, KNA Cert cung cấp dịch vụ chuyên nghiệp nhất cho quý khách hàng ✅⭐ Mở rộng Thị trường bán hàng ? salesmanager@knacert.com ✅⭐ "
"posts","4158","publish","Chứng Nhận RCS - Công Nhận Quốc Tế","https://knacert.com.vn/tin-tuc-tieu-chuan/su-khac-biet-giua-chung-nhan-rcs-va-chung-nhan-grs-la-gi/","known_asset_reference","known_cta_asset","2","https://knacert.com.vn/wp-content/uploads/2025/11/nhan-uu-dai-thang-3.png | https://knacert.com.vn/wp-content/uploads/2025/11/44.png","style=""text-align: justify;""> 6: Hỗ trợ miễn phí tất cả các thủ tục pháp lý liên quan đến điều kiện sản xuất của từng Doanh nghiệp 7: Hỗ trợ tối đa các thủ tục đăng ký chứng nhận và chứng nhận 8: Được quảng bá thương hiệu tại các trang truyền thông của KNA Quét mã để nhận ưu đãi "
"posts","4158","publish","Chứng Nhận RCS - Công Nhận Quốc Tế","https://knacert.com.vn/tin-tuc-tieu-chuan/su-khac-biet-giua-chung-nhan-rcs-va-chung-nhan-grs-la-gi/","standalone_img_cta_candidate","https://knacert.com.vn/wp-content/uploads/2025/11/44.png","2","https://knacert.com.vn/wp-content/uploads/2025/11/44.png | https://knacert.com.vn/wp-content/uploads/2025/11/33.png","Quét mã để nhận ưu đãi trong tháng này → Xem thêm: Tiêu chuẩn RCS là gì ?"
"posts","4158","publish","Chứng Nhận RCS - Công Nhận Quốc Tế","https://knacert.com.vn/tin-tuc-tieu-chuan/su-khac-biet-giua-chung-nhan-rcs-va-chung-nhan-grs-la-gi/","standalone_img_cta_candidate","https://knacert.com.vn/wp-content/uploads/2025/11/nhan-uu-dai-thang-3.png","1","https://knacert.com.vn/wp-content/uploads/2025/11/nhan-uu-dai-thang-3.png","CHỨNG NHẬN RCS – CÔNG NHẬN QUỐC TẾ LÍ DO LỰA CHỌN DỊCH VỤ CHỨNG NHẬN TẠI KNA CERT Chứng chỉ RCS của KNA Cert được công nhận quốc tế Đáp ứng yêu cầu luật định trong nước và xuất khẩu Toàn cầu, đặc biệt thị trường EU, US…. Thỏa mãn yêu cầu của pháp luật Thỏa mãn yêu cầu của các Khá"
"posts","4158","publish","Chứng Nhận RCS - Công Nhận Quốc Tế","https://knacert.com.vn/tin-tuc-tieu-chuan/su-khac-biet-giua-chung-nhan-rcs-va-chung-nhan-grs-la-gi/","standalone_img_cta_candidate","https://knacert.com.vn/wp-content/uploads/2025/11/nut-01-1.png","3","https://knacert.com.vn/wp-content/uploads/2025/11/nut-01-1.png | https://knacert.com.vn/wp-content/uploads/2025/11/nut-02-1.png | https://knacert.com.vn/wp-content/uploads/2025/11/nut-03-1-2.png","Công ty cổ phần TCE VINA DENIM là doanh nghiệp chuyên sản xuất và gia công các sản phẩm dệt, nhuộm và may mặc vải Denim. Nhà máy có vốn đầu tư chủ yếu từ tập đoàn TCE Corp Hàn Quốc. Công ty có địa chỉ tại Lô S6 + S7 Khu Công nghiệp Hoà Xá, Xã Mỹ Xá, Thành phố Nam Định, Tỉnh Nam Đ"
"posts","4158","publish","Chứng Nhận RCS - Công Nhận Quốc Tế","https://knacert.com.vn/tin-tuc-tieu-chuan/su-khac-biet-giua-chung-nhan-rcs-va-chung-nhan-grs-la-gi/","table_cta_candidate","contact_href+cta_filename+button_dimensions+cta_text_or_phone","2","https://knacert.com.vn/wp-content/uploads/2025/11/44.png | https://knacert.com.vn/wp-content/uploads/2025/11/33.png",""
"posts","4239","publish","FDA VÀ HƯỚNG DẪN KIỂM TRA CHỨNG NHẬN","https://knacert.com.vn/cong-cu-cai-tien/fda-va-huong-dan-kiem-tra-chung-nhan/","known_asset_reference","known_cta_asset","1","https://knacert.com.vn/wp-content/uploads/2025/11/chung-nhan-fda-hoa-ki-4-3-4-4.png","hể vượt qua hàng rào thuế quan và xuất hàng vào Mỹ. >> Những điều bạn cần biết về Chứng Nhận FDA Hoa Kì Vậy chứng nhận như thế nào là hợp lệ? Câu hỏi này không ít Doanh nghiệp đã đặt ra với KNA. Bài viết này sẽ giúp được phần nào các Doanh nghiệp hiểu qua về cách thức kiểm tra về"
"posts","4239","publish","FDA VÀ HƯỚNG DẪN KIỂM TRA CHỨNG NHẬN","https://knacert.com.vn/cong-cu-cai-tien/fda-va-huong-dan-kiem-tra-chung-nhan/","standalone_img_cta_candidate","https://knacert.com.vn/wp-content/uploads/2025/11/chung-nhan-fda-44.png","1","https://knacert.com.vn/wp-content/uploads/2025/11/chung-nhan-fda-44.png",""
"posts","4276","publish","Chứng nhận ISO 27001:2022 - Nhận báo giá mới nhất","https://knacert.com.vn/tin-tuc-tieu-chuan/11-cau-hoi-thuong-gap-ve-chung-nhan-iso-27001/","known_asset_reference","known_cta_asset","2","https://knacert.com.vn/wp-content/uploads/2025/11/nhan-uu-dai-thang-3.png | https://knacert.com.vn/wp-content/uploads/2025/11/44.png","/p> 6 Hỗ trợ miễn phí tất cả các thủ tục pháp lý liên quan đến điều kiện sản xuất của từng ngành nghề 7 Hỗ trợ tối đa các thủ tục đăng ký chứng nhận và chứng nhận 8 Được quảng bá thương hiệu tại các trang truyền thông của KNA Quét mã để nhận ưu đãi <td sty"
"posts","4276","publish","Chứng nhận ISO 27001:2022 - Nhận báo giá mới nhất","https://knacert.com.vn/tin-tuc-tieu-chuan/11-cau-hoi-thuong-gap-ve-chung-nhan-iso-27001/","standalone_img_cta_candidate","https://knacert.com.vn/wp-content/uploads/2025/11/44.png","2","https://knacert.com.vn/wp-content/uploads/2025/11/44.png | https://knacert.com.vn/wp-content/uploads/2025/11/33.png","Quét mã để nhận ưu đãi"
"posts","4276","publish","Chứng nhận ISO 27001:2022 - Nhận báo giá mới nhất","https://knacert.com.vn/tin-tuc-tieu-chuan/11-cau-hoi-thuong-gap-ve-chung-nhan-iso-27001/","standalone_img_cta_candidate","https://knacert.com.vn/wp-content/uploads/2025/11/nhan-uu-dai-thang-3.png","1","https://knacert.com.vn/wp-content/uploads/2025/11/nhan-uu-dai-thang-3.png","CHỨNG NHẬN – CÔNG NHẬN QUỐC TẾ MỚI NHẤT Thủ tục đơn giản – Chi phí hợp lý Tạo giá trị thương hiệu và lợi thế cạnh tranh cho Doanh nghiệp LÍ DO LỰA CHỌN DỊCH VỤ CHỨNG NHẬN ISO 27001:2022 ✅ Chứng chỉ ISO 27001:2022 của KNA Cert được công nhận quốc tế ✅ Đáp ứng yêu cầu luật định tro"
"posts","4276","publish","Chứng nhận ISO 27001:2022 - Nhận báo giá mới nhất","https://knacert.com.vn/tin-tuc-tieu-chuan/11-cau-hoi-thuong-gap-ve-chung-nhan-iso-27001/","table_cta_candidate","contact_href+cta_filename+button_dimensions+cta_text_or_phone","2","https://knacert.com.vn/wp-content/uploads/2025/11/44.png | https://knacert.com.vn/wp-content/uploads/2025/11/33.png",""
"posts","4489","publish","Sự khác nhau giữa ISO 22000 và HACCP là gì ? Nên chọn chứng nhận 1 hay cả 2 ?","https://knacert.com.vn/tin-tuc-tieu-chuan/khac-biet-giua-iso-22000-va-haccp-la-gi-nen-chon-chung-nhan-1-hay-ca-2/","table_cta_candidate","cta_text_or_phone","0","","✅⭐ Dịch vụ trọn gói ? KNA CERT Cung cấp nhiều Dịch vụ trọn gói cho quý khách hàng ! ✅⭐ Thủ tục đăng ký ? Với đội ngũ chuyên gia giàu kinh nghiệm, KNA Cert cung cấp dịch vụ chuyên nghiệp nhất cho quý khách hàng ✅⭐ Chính sách hậu mãi sau chứng nhận ? salesmanager@knacert.com ✅⭐ Chi"
"posts","4927","publish","Hướng dẫn viết quy trình ISO 9001:2015 - KNACERT","https://knacert.com.vn/cong-cu-cai-tien/huong-dan-viet-quy-trinh-iso-90012015-knacert/","table_cta_candidate","cta_text_or_phone","0","","✅⭐ Dấu IAF Công nhận Quốc tế ? KNA CERT Cung cấp nhiều Dịch vụ trọn gói cho quý khách hàng ! ✅⭐ Thủ tục đăng ký ? Với đội ngũ chuyên gia giàu kinh nghiệm, KNA Cert cung cấp dịch vụ chuyên nghiệp nhất cho quý khách hàng ✅⭐ Chính sách hậu mãi sau chứng nhận ? salesmanager@knacert.c"
"posts","4944","publish","Sổ tay chất lượng là gì ? Cách viết sổ tay chất lượng theo ISO 9001:2015","https://knacert.com.vn/tin-tuc-tieu-chuan/so-tay-chat-luong-la-gi-cach-xay-dung-so-tay-chat-luong-theo-iso-90012015/","table_cta_candidate","cta_text_or_phone","0","","✅⭐ Dấu IAF Công nhận Quốc tế ? KNA CERT Cung cấp nhiều Dịch vụ trọn gói cho quý khách hàng ! ✅⭐ Thủ tục đăng ký ? Với đội ngũ chuyên gia giàu kinh nghiệm, KNA Cert cung cấp dịch vụ chuyên nghiệp nhất cho quý khách hàng ✅⭐ Chính sách hậu mãi sau chứng nhận ? salesmanager@knacert.c"
"posts","4956","publish","Nâng cao hiệu quả giải quyết thủ tục hành chính nhờ ISO 9001:2015 điện tử","https://knacert.com.vn/tin-tuc-tieu-chuan/nang-cao-hieu-qua-giai-quyet-thu-tuc-hanh-chinh-nho-iso-90012015-dien-tu/","standalone_img_cta_candidate","https://knacert.com.vn/wp-content/uploads/2025/11/dang-ky-iso-9001-min.jpg","1","https://knacert.com.vn/wp-content/uploads/2025/11/dang-ky-iso-9001-min.jpg","Bằng việc tận dụng những thành công từ việc ứng dụng Hệ thống quản lý chứng nhận ISO 9001:2015 . Tỉnh Quảng Ninh đã tiến hành xây dựng triển khai ISO điện tử vào cải cách các thủ tục hành chính. Với mong muốn nâng cao hiệu quả công tác cải cách hành chính thì ngay từ năm 2005 tỉn"
"posts","5104","publish","Hướng dẫn triển khai áp dụng phương pháp 5S tại Doanh Nghiệp (Phần 2)","https://knacert.com.vn/cong-cu-cai-tien/huong-dan-trien-khai-ap-dung-phuong-phap-5s-tai-doanh-nghiep-phan-2/","known_asset_reference","known_cta_asset","1","https://knacert.com.vn/wp-content/uploads/2025/11/thuc-hie-5s-trong-van-phong.png","t hiện ra gembutsu đó để giữ lại nó. Danh sách thẻ đỏ cũng cần gửi cho bộ phận kế toán để họ quản lí tài sản và đồng thời đánh giá được hiệu quả của việc thực hiện phương pháp 5S bằng con số cụ thể. Các đối tượng dưới đây cần được quan tâm và loại bỏ khi thực hiện Seiri: Máy móc,"
"posts","5104","publish","Hướng dẫn triển khai áp dụng phương pháp 5S tại Doanh Nghiệp (Phần 2)","https://knacert.com.vn/cong-cu-cai-tien/huong-dan-trien-khai-ap-dung-phuong-phap-5s-tai-doanh-nghiep-phan-2/","standalone_img_cta_candidate","https://knacert.com.vn/wp-content/uploads/2025/11/phan-loai-nhung-thu-can-thiet-44.png","1","https://knacert.com.vn/wp-content/uploads/2025/11/phan-loai-nhung-thu-can-thiet-44.png","Các đối tượng dưới đây cần được quan tâm và loại bỏ khi thực hiện Seiri: Máy móc, nguyên vật liệu và các trang thiết bị không được sử dụng trong 12 tháng qua Máy móc, nguyên vật liệu, các trang thiết bị, công cụ sản xuất và đồ dùng văn phòng đã hư hỏng Các thiết bị máy móc, nguyê"
"posts","5377","publish","Tiêu chuẩn ISO 22000:2018 những điểm mới so với ISO 22000:2005","https://knacert.com.vn/tin-tuc-tieu-chuan/tieu-chuan-iso-220002018-nhung-diem-moi-so-voi-iso-220002005/","table_cta_candidate","cta_text_or_phone","0","","✅⭐ Chứng chỉ Hiệu lực Toàn cầu ? Chứng nhận FSC đươc ASI công nhận có hiệu lực Toàn cầu ✅⭐ Chi phí đánh giá tốt ? Với đội ngũ chuyên gia giàu kinh nghiệm, KNA Cert cung cấp dịch vụ chuyên nghiệp nhất cho quý khách hàng ✅⭐ Mở rộng Thị trường bán hàng ? salesmanager@knacert.com ✅⭐ "
"posts","5549","publish","So sánh ISO 9001 và ISO 22000","https://knacert.com.vn/tin-tuc-tieu-chuan/so-sanh-iso-9001-va-iso-22000/","table_cta_candidate","cta_text_or_phone","0","","✅⭐ Dấu IAF Công nhận Quốc tế ? KNA CERT Cung cấp nhiều Dịch vụ trọn gói cho quý khách hàng ! ✅⭐ Thủ tục đăng ký nhanh gọn ? Với đội ngũ chuyên gia giàu kinh nghiệm, KNA Cert cung cấp dịch vụ chuyên nghiệp nhất cho quý khách hàng ✅⭐ Chính sách hậu mãi sau chứng nhận ? salesmanager"
"posts","5555","publish","Các bước Xây dựng và Chứng nhận hệ thống quản lý môi trường theo ISO 14001:2015","https://knacert.com.vn/cong-cu-cai-tien/cac-buoc-xay-dung-va-chung-nhan-he-thong-quan-ly-moi-truong-theo-iso-140012015/","table_cta_candidate","cta_text_or_phone","0","","✅⭐ Dấu IAF Công nhận Quốc tế ? KNA CERT Cung cấp nhiều Dịch vụ trọn gói cho quý khách hàng ! ✅⭐ Thủ tục đăng ký ? Với đội ngũ chuyên gia giàu kinh nghiệm, KNA Cert cung cấp dịch vụ chuyên nghiệp nhất cho quý khách hàng ✅⭐ Chính sách hậu mãi sau chứng nhận ? salesmanager@knacert.c"
"posts","5566","publish","Tài liệu ISO 14001 PDF - Hệ Thống Quản Lý Môi Trường và các yêu cầu","https://knacert.com.vn/tin-tuc-tieu-chuan/tai-lieu-iso-14001-pdf/","table_cta_candidate","cta_text_or_phone","0","","✅⭐ Dấu IAF Công nhận Quốc tế ? KNA CERT Cung cấp nhiều Dịch vụ trọn gói cho quý khách hàng ! ✅⭐ Thủ tục đăng ký nhanh gọn ? Với đội ngũ chuyên gia giàu kinh nghiệm, KNA Cert cung cấp dịch vụ chuyên nghiệp nhất cho quý khách hàng ✅⭐ Chính sách hậu mãi sau chứng nhận ? salesmanager"
"posts","5583","publish","Tiêu chuẩn ISO 22000 pdf - Tiêu chuẩn ISO về vệ sinh an toàn thực phẩm","https://knacert.com.vn/tin-tuc-tieu-chuan/tieu-chuan-iso-22000-pdf/","table_cta_candidate","cta_text_or_phone","0","","✅⭐ Chứng chỉ Hiệu lực Toàn cầu ? Chứng nhận công nhận có hiệu lực Toàn cầu ✅⭐ Chi phí đánh giá tốt ? Với đội ngũ chuyên gia giàu kinh nghiệm, KNA Cert cung cấp dịch vụ chuyên nghiệp nhất cho quý khách hàng ✅⭐ Mở rộng Thị trường bán hàng ? salesmanager@knacert.com ✅⭐ Tấm vé thông "
"posts","5603","publish","Quy trình đánh giá nội bộ iso 9001:2015	cho Doanh Nghiệp","https://knacert.com.vn/cong-cu-cai-tien/quy-trinh-danh-gia-noi-bo-iso-90012015-cho-doanh-nghiep/","table_cta_candidate","cta_text_or_phone","0","","✅⭐ Dấu IAF Công nhận Quốc tế ? KNA CERT Cung cấp nhiều Dịch vụ trọn gói cho quý khách hàng ! ✅⭐ Thủ tục đăng ký đầy đủ ? Với đội ngũ chuyên gia giàu kinh nghiệm, KNA Cert cung cấp dịch vụ chuyên nghiệp nhất cho quý khách hàng ✅⭐ Chính sách hậu mãi sau chứng nhận ? salesmanager@kn"
"posts","5690","publish","Học ISO ở đâu chất lượng ?","https://knacert.com.vn/phat-trien-ben-vung/hoc-iso-o-dau-chat-luong/","known_asset_reference","known_cta_asset","1","https://knacert.com.vn/wp-content/uploads/2025/11/dang-ky-button-win2888-1.png","style="" "">4.500.000 4 Ngày Chi tiết THỜI LƯỢNG &amp; CHI PHÍ KHÓA HỌC Thời lượng đào tạo: Theo từng khóa học Thời gian: 8h30 - 11h00 đến 13h30 - 16h00 chiều Chi phí khóa học đã bao gồm chi phí ăn trưa, tea break, tài liệu, chứng chỉ nhưng chưa bao gồm thuế VAT 5% ( Vui lòng liên "
"posts","5690","publish","Học ISO ở đâu chất lượng ?","https://knacert.com.vn/phat-trien-ben-vung/hoc-iso-o-dau-chat-luong/","standalone_img_cta_candidate","https://knacert.com.vn/wp-content/uploads/2025/11/dang-ky-button-win2888-1.png","1","https://knacert.com.vn/wp-content/uploads/2025/11/dang-ky-button-win2888-1.png","CÁCH LỰA CHỌN TRUNG TÂM ĐÀO TẠO ISO ? Chương trình đào tạo của trung tâm: Điều đầu tiên cần lưu ý chính là xem xét về các chương trình đào tạo của trung tâm. Xem họ cung cấp các khóa học nào. Nộ dung đào tạo chi tiết từng phần của khóa học đó. Xem có đầy đủ và phù hợp với nhu cầu"
"posts","5817","publish","Giới thiệu về ISO/IEC 27001:2022 - Tiêu chuẩn an toàn thông tin","https://knacert.com.vn/tin-tuc-tieu-chuan/gioi-thieu-ve-iso-27001-tieu-chuan-an-toan-thong-tin/","table_cta_candidate","cta_text_or_phone","0","","✅⭐ Dịch vụ trọn gói ? KNA CERT Cung cấp nhiều Dịch vụ trọn gói cho quý khách hàng ! ✅⭐ Dịch vụ chuyên nghiệp ? Với đội ngũ chuyên gia giàu kinh nghiệm, KNA Cert cung cấp dịch vụ chuyên nghiệp nhất cho quý khách hàng ✅⭐ Nhận chứng chỉ hợp pháp ? salesmanager@knacert.com ✅⭐ Chi phí"
"posts","6225","publish","Chứng chỉ ISO 9001 Của KNA CERT – Chứng nhận được công nhận toàn cầu","https://knacert.com.vn/tin-tuc-tieu-chuan/chung-chi-iso-9001-cua-kna-cert-chung-nhan-duoc-cong-nhan-toan-cau/","table_cta_candidate","cta_text_or_phone","0","","✅⭐ Dấu IAF Công nhận Quốc tế ? KNA CERT Cung cấp nhiều Dịch vụ trọn gói cho quý khách hàng ! ✅⭐ Thủ tục đăng ký nhanh gọn ? Với đội ngũ chuyên gia giàu kinh nghiệm, KNA Cert cung cấp dịch vụ chuyên nghiệp nhất cho quý khách hàng ✅⭐ Chính sách hậu mãi sau chứng nhận ? salesmanager"
"posts","6292","publish","Tiêu Chuẩn ISO 22000:2018 : Hệ Thống Quản Lý An Toàn Thực Phẩm","https://knacert.com.vn/tin-tuc-tieu-chuan/tieu-chuan-iso-220002018-he-thong-quan-ly-an-toan-thuc-pham/","table_cta_candidate","cta_text_or_phone","0","","✅⭐ Dấu IAF Công nhận Quốc tế ? KNA CERT Cung cấp nhiều Dịch vụ trọn gói cho quý khách hàng ! ✅⭐ Thủ tục đăng ký nhanh gọn ? Với đội ngũ chuyên gia giàu kinh nghiệm, KNA Cert cung cấp dịch vụ chuyên nghiệp nhất cho quý khách hàng ✅⭐ Chính sách hậu mãi sau chứng nhận ? salesmanager"
"posts","6307","publish","So sánh BRC và HACCP","https://knacert.com.vn/tin-tuc-tieu-chuan/so-sanh-brc-va-haccp/","standalone_img_cta_candidate","https://knacert.com.vn/wp-content/uploads/2025/11/moi-lien-he-giuahaccp-va-brc-345.png","1","https://knacert.com.vn/wp-content/uploads/2025/11/moi-lien-he-giuahaccp-va-brc-345.png","Căn cứ vào nội dung của tiêu chuẩn BRC, có thể thấy để áp dụng thành công BRC thì doanh nghiệp cần tuân thủ các nguyên tắc sau: Lãnh đạo cao nhất của doanh nghiệp phải đảm bảo nhân lực và tài chính, xây dựng các kênh thông tin và văn bản hướng dẫn đào tạo BRC Triển khai hệ thống "
"posts","6330","publish","Chứng chỉ ISO 14001 Của KNA CERT – Chứng nhận được công nhận toàn cầu","https://knacert.com.vn/tin-tuc-tieu-chuan/chung-chi-iso-14001-cua-kna-cert/","table_cta_candidate","cta_text_or_phone","0","","✅⭐ Dấu IAF Công nhận Quốc tế ? KNA CERT Cung cấp nhiều Dịch vụ trọn gói cho quý khách hàng ! ✅⭐ Thủ tục đăng ký nhanh gọn ? Với đội ngũ chuyên gia giàu kinh nghiệm, KNA Cert cung cấp dịch vụ chuyên nghiệp nhất cho quý khách hàng ✅⭐ Chính sách hậu mãi sau chứng nhận ? salesmanager"
"posts","6431","publish","Đăng Kí Chứng Nhận FDA cho Găng Tay Y Tế","https://knacert.com.vn/tin-tuc-tieu-chuan/dang-ki-chung-nhan-fda-cho-gang-tay-y-te/","standalone_img_cta_candidate","https://knacert.com.vn/wp-content/uploads/2021/07/dang-ky-fda-cho-gang-tay-y-te.png","1","https://knacert.com.vn/wp-content/uploads/2021/07/dang-ky-fda-cho-gang-tay-y-te.png","Lấy chứng nhận FDA cho găng tay y tế có khó không là câu hỏi của nhiều doanh nghiệp xuất khẩu hiện nay. Thị trường đang có nhu cầu rất lớn với các sản phẩm thuộc thiết bị y tế, trong đó có mặt hàng găng tay y tế, vậy nhưng, một trong những khó khăn không nhỏ cản trở hàng Việt Nam"
"posts","6431","publish","Đăng Kí Chứng Nhận FDA cho Găng Tay Y Tế","https://knacert.com.vn/tin-tuc-tieu-chuan/dang-ki-chung-nhan-fda-cho-gang-tay-y-te/","standalone_img_cta_candidate","https://knacert.com.vn/wp-content/uploads/2025/11/dang-ky-fda-cho-gang-tay-y-te-32.png","1","https://knacert.com.vn/wp-content/uploads/2025/11/dang-ky-fda-cho-gang-tay-y-te-32.png","ĐĂNG KÝ CHỨNG NHẬN FDA CHO GĂNG TAY Y TẾ LÀ GÌ? Găng tay y tế thuộc nhóm sản phẩm thiết bị y tế được sử dụng để bảo vệ người dùng khỏi sự lây lan của vi khuẩn, tránh nhiễm trùng hoặc nhiễm bệnh. Găng tay y tế được sử dụng khi tay phải chạm vào chất dịch cơ thể của người khác (ví "
"posts","6801","publish","Mẫu mục tiêu chất lượng theo ISO 9001:2015 & Các yêu cầu khi thiết lập","https://knacert.com.vn/tin-tuc-tieu-chuan/mau-muc-tieu-chat-luong-theo-iso-9001/","standalone_img_cta_candidate","https://knacert.com.vn/wp-content/uploads/2025/11/dang-ky-iso-9001-min.jpg","1","https://knacert.com.vn/wp-content/uploads/2025/11/dang-ky-iso-9001-min.jpg","Để hiểu về Mẫu mục tiêu chất lượng theo ISO các tổ chức, doanh nghiệp cần nắm rõ Các yêu cầu khi thiết lập Mục tiêu chất lượng theo yêu cầu của tiêu chuẩn ISO 9001:2015 về Hệ thống quản lý chất lượng. 1. CÁC YÊU CẦU KHI THIẾT LẬP MỤC TIÊU CHẤT LƯỢNG LÀ GÌ?"
"posts","6858","publish","Quy trình đạt chứng nhận ISO cho doanh nghiệp trong ngành Xây dựng – Khai khoáng","https://knacert.com.vn/tin-tuc-tieu-chuan/quy-trinh-dat-chung-nhan-iso-cho-doanh-nghiep-trong-nganh-xay-dung-khai-khoang/","standalone_img_cta_candidate","https://knacert.com.vn/wp-content/uploads/2025/11/from-dang-ki-2345.png","2","https://knacert.com.vn/wp-content/uploads/2025/11/from-dang-ki-2345.png | https://knacert.com.vn/wp-content/uploads/2025/11/from-dang-ki-sdt-456.png","CÁC TIÊU CHUẨN ISO ÁP DỤNG TRONG NGÀNH XÂY DỰNG – KHAI KHOÁNG Các tiêu chuẩn quốc tế sau được khuyến khích áp dụng trong ngành Xây dựng – Khai khoáng: ISO 9001:2015 (Hệ thống quản lý chất lượng) ISO 14001:2015 (Hệ thống quản lý môi trường) ISO 45001:2018 (Hệ thống quản lý an toàn"
"posts","6858","publish","Quy trình đạt chứng nhận ISO cho doanh nghiệp trong ngành Xây dựng – Khai khoáng","https://knacert.com.vn/tin-tuc-tieu-chuan/quy-trinh-dat-chung-nhan-iso-cho-doanh-nghiep-trong-nganh-xay-dung-khai-khoang/","table_cta_candidate","contact_href+cta_filename+cta_text_or_phone","2","https://knacert.com.vn/wp-content/uploads/2025/11/from-dang-ki-2345.png | https://knacert.com.vn/wp-content/uploads/2025/11/from-dang-ki-sdt-456.png",""
"posts","6905","publish","Quy trình đạt chứng nhận ISO cho doanh nghiệp trong ngành Dệt may – Da giày","https://knacert.com.vn/tin-tuc-tieu-chuan/quy-trinh-dat-chung-nhan-iso-cho-doanh-nghiep-trong-nganh-det-may-da-giay/","standalone_img_cta_candidate","https://knacert.com.vn/wp-content/uploads/2025/11/from-dang-ki-2345.png","2","https://knacert.com.vn/wp-content/uploads/2025/11/from-dang-ki-2345.png | https://knacert.com.vn/wp-content/uploads/2025/11/from-dang-ki-sdt-456.png","CÁC TIÊU CHUẨN ISO ÁP DỤNG TRONG NGÀNH DỆT MAY – DA GIÀY Các tiêu chuẩn quốc tế sau được khuyến khích áp dụng trong ngành Dệt may – Da giày: ISO 9001:2015 (Hệ thống quản lý chất lượng) ISO 14001:2015 (Hệ thống quản lý môi trường) ISO 45001:2018 (Hệ thống quản lý an toàn và sức kh"
"posts","6905","publish","Quy trình đạt chứng nhận ISO cho doanh nghiệp trong ngành Dệt may – Da giày","https://knacert.com.vn/tin-tuc-tieu-chuan/quy-trinh-dat-chung-nhan-iso-cho-doanh-nghiep-trong-nganh-det-may-da-giay/","table_cta_candidate","contact_href+cta_filename+cta_text_or_phone","2","https://knacert.com.vn/wp-content/uploads/2025/11/from-dang-ki-2345.png | https://knacert.com.vn/wp-content/uploads/2025/11/from-dang-ki-sdt-456.png",""
"posts","6907","publish","Quy trình đạt chứng nhận ISO cho doanh nghiệp trong ngành Nông – Lâm – Ngư nghiệp","https://knacert.com.vn/tin-tuc-tieu-chuan/quy-trinh-dat-chung-nhan-iso-cho-doanh-nghiep-trong-nganh-nong-lam-ngu-nghiep/","standalone_img_cta_candidate","https://knacert.com.vn/wp-content/uploads/2025/11/from-dang-ki-2345.png","2","https://knacert.com.vn/wp-content/uploads/2025/11/from-dang-ki-2345.png | https://knacert.com.vn/wp-content/uploads/2025/11/from-dang-ki-sdt-456.png","CÁC TIÊU CHUẨN ISO ÁP DỤNG TRONG NGÀNH NÔNG – LÂM – NGƯ NGHIỆP Các tiêu chuẩn quốc tế sau được khuyến khích áp dụng trong ngành ngành Nông – Lâm – Ngư nghiệp: ISO 9001:2015 (Hệ thống quản lý chất lượng) ISO 14001:2015 (Hệ thống quản lý môi trường) ISO 45001:2018 (Hệ thống quản lý"
"posts","6907","publish","Quy trình đạt chứng nhận ISO cho doanh nghiệp trong ngành Nông – Lâm – Ngư nghiệp","https://knacert.com.vn/tin-tuc-tieu-chuan/quy-trinh-dat-chung-nhan-iso-cho-doanh-nghiep-trong-nganh-nong-lam-ngu-nghiep/","table_cta_candidate","contact_href+cta_filename+cta_text_or_phone","2","https://knacert.com.vn/wp-content/uploads/2025/11/from-dang-ki-2345.png | https://knacert.com.vn/wp-content/uploads/2025/11/from-dang-ki-sdt-456.png",""
"posts","6909","publish","Quy trình đạt chứng nhận ISO cho doanh nghiệp trong ngành Thực phẩm – Thủy sản","https://knacert.com.vn/tin-tuc-tieu-chuan/quy-trinh-dat-chung-nhan-iso-cho-doanh-nghiep-trong-nganh-thuc-pham-thuy-san/","standalone_img_cta_candidate","https://knacert.com.vn/wp-content/uploads/2025/11/from-dang-ki-2345.png","2","https://knacert.com.vn/wp-content/uploads/2025/11/from-dang-ki-2345.png | https://knacert.com.vn/wp-content/uploads/2025/11/from-dang-ki-sdt-456.png","CÁC TIÊU CHUẨN ISO ÁP DỤNG TRONG NGÀNH THỰC PHẨM – THỦY SẢN Các tiêu chuẩn quốc tế sau được khuyến khích áp dụng trong ngành Thực phẩm – Thủy sản : ISO 9001:2015 (Hệ thống quản lý chất lượng) ISO 14001:2015 (Hệ thống quản lý môi trường) ISO 45001:2018 (Hệ thống quản lý an toàn và"
"posts","6909","publish","Quy trình đạt chứng nhận ISO cho doanh nghiệp trong ngành Thực phẩm – Thủy sản","https://knacert.com.vn/tin-tuc-tieu-chuan/quy-trinh-dat-chung-nhan-iso-cho-doanh-nghiep-trong-nganh-thuc-pham-thuy-san/","table_cta_candidate","contact_href+cta_filename+cta_text_or_phone","2","https://knacert.com.vn/wp-content/uploads/2025/11/from-dang-ki-2345.png | https://knacert.com.vn/wp-content/uploads/2025/11/from-dang-ki-sdt-456.png",""
"posts","6911","publish","Quy trình đạt chứng nhận ISO cho doanh nghiệp trong ngành Môi trường - Hóa chất","https://knacert.com.vn/tin-tuc-tieu-chuan/quy-trinh-dat-chung-nhan-iso-cho-doanh-nghiep-trong-nganh-moi-truong-hoa-chat/","standalone_img_cta_candidate","https://knacert.com.vn/wp-content/uploads/2025/11/from-dang-ki-2345.png","2","https://knacert.com.vn/wp-content/uploads/2025/11/from-dang-ki-2345.png | https://knacert.com.vn/wp-content/uploads/2025/11/from-dang-ki-sdt-456.png","CÁC TIÊU CHUẨN ISO ÁP DỤNG TRONG NGÀNH MÔI TRƯỜNG - HÓA CHẤT Các tiêu chuẩn quốc tế sau được khuyến khích áp dụng trong ngành Môi trường - Hóa chất : ISO 9001:2015 (Hệ thống quản lý chất lượng) ISO 14001:2015 (Hệ thống quản lý môi trường) ISO 45001:2018 (Hệ thống quản lý an toàn "
"posts","6911","publish","Quy trình đạt chứng nhận ISO cho doanh nghiệp trong ngành Môi trường - Hóa chất","https://knacert.com.vn/tin-tuc-tieu-chuan/quy-trinh-dat-chung-nhan-iso-cho-doanh-nghiep-trong-nganh-moi-truong-hoa-chat/","table_cta_candidate","contact_href+cta_filename+cta_text_or_phone","2","https://knacert.com.vn/wp-content/uploads/2025/11/from-dang-ki-2345.png | https://knacert.com.vn/wp-content/uploads/2025/11/from-dang-ki-sdt-456.png",""
"posts","6913","publish","Quy trình đạt chứng nhận ISO cho doanh nghiệp trong ngành Năng Lượng","https://knacert.com.vn/tin-tuc-tieu-chuan/quy-trinh-dat-chung-nhan-iso-cho-doanh-nghiep-trong-nganh-nang-luong/","standalone_img_cta_candidate","https://knacert.com.vn/wp-content/uploads/2025/11/from-dang-ki-2345.png","2","https://knacert.com.vn/wp-content/uploads/2025/11/from-dang-ki-2345.png | https://knacert.com.vn/wp-content/uploads/2025/11/from-dang-ki-sdt-456.png","CÁC TIÊU CHUẨN ISO ÁP DỤNG TRONG NGÀNH NĂNG LƯỢNG Các tiêu chuẩn quốc tế sau được khuyến khích áp dụng trong ngành Môi trường - Hóa chất : ISO 9001:2015 (Hệ thống quản lý chất lượng) ISO 14001:2015 (Hệ thống quản lý môi trường) ISO 45001:2018 (Hệ thống quản lý an toàn và sức khỏe"
"posts","6913","publish","Quy trình đạt chứng nhận ISO cho doanh nghiệp trong ngành Năng Lượng","https://knacert.com.vn/tin-tuc-tieu-chuan/quy-trinh-dat-chung-nhan-iso-cho-doanh-nghiep-trong-nganh-nang-luong/","table_cta_candidate","contact_href+cta_filename+cta_text_or_phone","2","https://knacert.com.vn/wp-content/uploads/2025/11/from-dang-ki-2345.png | https://knacert.com.vn/wp-content/uploads/2025/11/from-dang-ki-sdt-456.png",""
"posts","6915","publish","Quy trình đạt chứng nhận ISO cho doanh nghiệp trong ngành Viễn thông và thông tin","https://knacert.com.vn/tin-tuc-tieu-chuan/quy-trinh-dat-chung-nhan-iso-cho-doanh-nghiep-trong-nganh-vien-thong-va-thong-tin/","standalone_img_cta_candidate","https://knacert.com.vn/wp-content/uploads/2025/11/from-dang-ki-2345.png","2","https://knacert.com.vn/wp-content/uploads/2025/11/from-dang-ki-2345.png | https://knacert.com.vn/wp-content/uploads/2025/11/from-dang-ki-sdt-456.png","CÁC TIÊU CHUẨN ISO ÁP DỤNG TRONG NGÀNH VIỄN THÔNG VÀ THÔNG TIN Các tiêu chuẩn quốc tế sau được khuyến khích áp dụng trong ngành Viễn thông và thông tin : ISO 9001:2015 (Hệ thống quản lý chất lượng) ISO 14001:2015 (Hệ thống quản lý môi trường) ISO 45001:2018 (Hệ thống quản lý an t"
"posts","6915","publish","Quy trình đạt chứng nhận ISO cho doanh nghiệp trong ngành Viễn thông và thông tin","https://knacert.com.vn/tin-tuc-tieu-chuan/quy-trinh-dat-chung-nhan-iso-cho-doanh-nghiep-trong-nganh-vien-thong-va-thong-tin/","table_cta_candidate","contact_href+cta_filename+cta_text_or_phone","2","https://knacert.com.vn/wp-content/uploads/2025/11/from-dang-ki-2345.png | https://knacert.com.vn/wp-content/uploads/2025/11/from-dang-ki-sdt-456.png",""
"posts","6917","publish","Quy trình đạt chứng nhận ISO cho doanh nghiệp trong ngành Sức khỏe và Y tế","https://knacert.com.vn/tin-tuc-tieu-chuan/quy-trinh-dat-chung-nhan-iso-cho-doanh-nghiep-trong-nganh-suc-khoe-va-y-te/","standalone_img_cta_candidate","https://knacert.com.vn/wp-content/uploads/2025/11/from-dang-ki-2345.png","2","https://knacert.com.vn/wp-content/uploads/2025/11/from-dang-ki-2345.png | https://knacert.com.vn/wp-content/uploads/2025/11/from-dang-ki-sdt-456.png","CÁC TIÊU CHUẨN ISO ÁP DỤNG TRONG NGÀNH SỨC KHỎE VÀ Y TẾ Các tiêu chuẩn quốc tế sau được khuyến khích áp dụng trong ngành sức khỏe và y tế : ISO 9001:2015 (Hệ thống quản lý chất lượng) ISO 14001:2015 (Hệ thống quản lý môi trường) ISO 45001:2018 (Hệ thống quản lý an toàn và sức khỏ"
"posts","6917","publish","Quy trình đạt chứng nhận ISO cho doanh nghiệp trong ngành Sức khỏe và Y tế","https://knacert.com.vn/tin-tuc-tieu-chuan/quy-trinh-dat-chung-nhan-iso-cho-doanh-nghiep-trong-nganh-suc-khoe-va-y-te/","table_cta_candidate","contact_href+cta_filename+cta_text_or_phone","2","https://knacert.com.vn/wp-content/uploads/2025/11/from-dang-ki-2345.png | https://knacert.com.vn/wp-content/uploads/2025/11/from-dang-ki-sdt-456.png",""
"posts","6919","publish","Quy trình đạt chứng nhận ISO cho doanh nghiệp trong ngành Gỗ và Sản phẩm từ gỗ","https://knacert.com.vn/tin-tuc-tieu-chuan/quy-trinh-dat-chung-nhan-iso-cho-doanh-nghiep-trong-nganh-go-va-san-pham-tu-go/","standalone_img_cta_candidate","https://knacert.com.vn/wp-content/uploads/2025/11/from-dang-ki-2345.png","2","https://knacert.com.vn/wp-content/uploads/2025/11/from-dang-ki-2345.png | https://knacert.com.vn/wp-content/uploads/2025/11/from-dang-ki-sdt-456.png","CÁC TIÊU CHUẨN ISO ÁP DỤNG TRONG NGÀNH GỖ VÀ SẢN PHẨM TỪ GỖ Các tiêu chuẩn quốc tế sau được khuyến khích áp dụng trong ngành Gỗ và Sản phẩm từ gỗ : ISO 9001:2015 (Hệ thống quản lý chất lượng) ISO 14001:2015 (Hệ thống quản lý môi trường) ISO 45001:2018 (Hệ thống quản lý an toàn và"
"posts","6919","publish","Quy trình đạt chứng nhận ISO cho doanh nghiệp trong ngành Gỗ và Sản phẩm từ gỗ","https://knacert.com.vn/tin-tuc-tieu-chuan/quy-trinh-dat-chung-nhan-iso-cho-doanh-nghiep-trong-nganh-go-va-san-pham-tu-go/","table_cta_candidate","contact_href+cta_filename+cta_text_or_phone","2","https://knacert.com.vn/wp-content/uploads/2025/11/from-dang-ki-2345.png | https://knacert.com.vn/wp-content/uploads/2025/11/from-dang-ki-sdt-456.png",""
"posts","6921","publish","Quy trình đạt chứng nhận ISO cho doanh nghiệp trong ngành Logistic và giao thông vận tải","https://knacert.com.vn/tin-tuc-tieu-chuan/quy-trinh-dat-chung-nhan-iso-cho-doanh-nghiep-trong-nganh-logistic-va-giao-thong-van-tai/","standalone_img_cta_candidate","https://knacert.com.vn/wp-content/uploads/2025/11/from-dang-ki-2345.png","2","https://knacert.com.vn/wp-content/uploads/2025/11/from-dang-ki-2345.png | https://knacert.com.vn/wp-content/uploads/2025/11/from-dang-ki-sdt-456.png","CÁC TIÊU CHUẨN ISO ÁP DỤNG TRONG NGÀNH LOGISTIC VÀ GIAO THÔNG VẬN TẢI Các tiêu chuẩn quốc tế sau được khuyến khích áp dụng trong ngành Logistic và giao thông vận tải: ISO 9001:2015 (Hệ thống quản lý chất lượng) ISO 14001:2015 (Hệ thống quản lý môi trường) ISO 45001:2018 (Hệ thống"
"posts","6921","publish","Quy trình đạt chứng nhận ISO cho doanh nghiệp trong ngành Logistic và giao thông vận tải","https://knacert.com.vn/tin-tuc-tieu-chuan/quy-trinh-dat-chung-nhan-iso-cho-doanh-nghiep-trong-nganh-logistic-va-giao-thong-van-tai/","table_cta_candidate","contact_href+cta_filename+cta_text_or_phone","2","https://knacert.com.vn/wp-content/uploads/2025/11/from-dang-ki-2345.png | https://knacert.com.vn/wp-content/uploads/2025/11/from-dang-ki-sdt-456.png",""
"posts","6923","publish","Quy trình đạt chứng nhận ISO cho doanh nghiệp trong ngành Cơ khí, Điện tử và Kim loại","https://knacert.com.vn/tin-tuc-tieu-chuan/quy-trinh-dat-chung-nhan-iso-cho-doanh-nghiep-trong-nganh-co-khi-dien-tu-va-kim-loai/","standalone_img_cta_candidate","https://knacert.com.vn/wp-content/uploads/2025/11/from-dang-ki-2345.png","2","https://knacert.com.vn/wp-content/uploads/2025/11/from-dang-ki-2345.png | https://knacert.com.vn/wp-content/uploads/2025/11/from-dang-ki-sdt-456.png","CÁC TIÊU CHUẨN ISO ÁP DỤNG TRONG NGÀNH CƠ KHÍ ĐIỆN TỬ VÀ KIM LOẠI Các tiêu chuẩn quốc tế sau được khuyến khích áp dụng trong ngành cơ khí, điện tử và kim loại: ISO 9001:2015 (Hệ thống quản lý chất lượng) ISO 14001:2015 (Hệ thống quản lý môi trường) ISO 45001:2018 (Hệ thống quản l"
"posts","6923","publish","Quy trình đạt chứng nhận ISO cho doanh nghiệp trong ngành Cơ khí, Điện tử và Kim loại","https://knacert.com.vn/tin-tuc-tieu-chuan/quy-trinh-dat-chung-nhan-iso-cho-doanh-nghiep-trong-nganh-co-khi-dien-tu-va-kim-loai/","table_cta_candidate","contact_href+cta_filename+cta_text_or_phone","2","https://knacert.com.vn/wp-content/uploads/2025/11/from-dang-ki-2345.png | https://knacert.com.vn/wp-content/uploads/2025/11/from-dang-ki-sdt-456.png",""
"posts","6940","publish","Quy trình đạt chứng nhận ISO cho doanh nghiệp trong các ngành khác","https://knacert.com.vn/tin-tuc-tieu-chuan/quy-trinh-dat-chung-nhan-iso-cho-doanh-nghiep-trong-cac-nganh-khac/","standalone_img_cta_candidate","https://knacert.com.vn/wp-content/uploads/2025/11/from-dang-ki-2345.png","2","https://knacert.com.vn/wp-content/uploads/2025/11/from-dang-ki-2345.png | https://knacert.com.vn/wp-content/uploads/2025/11/from-dang-ki-sdt-456.png","CÁC TIÊU CHUẨN ISO ÁP DỤNG TRONG NGÀNH KHÁC Các tiêu chuẩn quốc tế sau được khuyến khích áp dụng trong các ngành khác: ISO 9001:2015 (Hệ thống quản lý chất lượng) ISO 14001:2015 (Hệ thống quản lý môi trường) ISO 45001:2018 (Hệ thống quản lý an toàn và sức khỏe nghề nghiệp) ISO 27"
"posts","6940","publish","Quy trình đạt chứng nhận ISO cho doanh nghiệp trong các ngành khác","https://knacert.com.vn/tin-tuc-tieu-chuan/quy-trinh-dat-chung-nhan-iso-cho-doanh-nghiep-trong-cac-nganh-khac/","table_cta_candidate","contact_href+cta_filename+cta_text_or_phone","2","https://knacert.com.vn/wp-content/uploads/2025/11/from-dang-ki-2345.png | https://knacert.com.vn/wp-content/uploads/2025/11/from-dang-ki-sdt-456.png",""
"posts","6967","publish","Lợi ích của ISO 22000","https://knacert.com.vn/tin-tuc-tieu-chuan/loi-ich-cua-iso-22000/","known_asset_reference","known_cta_asset","1","https://knacert.com.vn/wp-content/uploads/2025/11/phan-loai-nhung-thu-can-thiet-44.png","n chặn các vấn đề tiềm ẩn trước khi chúng xảy ra thông qua việc áp dụng các tiêu chuẩn an toàn thực phẩm có thể giúp doanh nghiệp tránh được điều này. Dưới đây là Lợi ích của ISO 22000 – Tiêu chuẩn về hệ thống quản lý an toàn thực phẩm. Có một tiêu chuẩn quốc tế được thiết kế để "
"posts","6967","publish","Lợi ích của ISO 22000","https://knacert.com.vn/tin-tuc-tieu-chuan/loi-ich-cua-iso-22000/","standalone_img_cta_candidate","https://knacert.com.vn/wp-content/uploads/2025/11/phan-loai-nhung-thu-can-thiet-44.png","1","https://knacert.com.vn/wp-content/uploads/2025/11/phan-loai-nhung-thu-can-thiet-44.png","Khi áp dụng các biện pháp an toàn thực phẩm không thành công có thể dẫn đến những hậu quả nguy hiểm và thường cực kỳ tốn kém để sửa chữa. Việc ngăn chặn các vấn đề tiềm ẩn trước khi chúng xảy ra thông qua việc áp dụng các tiêu chuẩn an toàn thực phẩm có thể giúp doanh nghiệp trán"
"posts","6990","publish","Giấy chứng nhận WRAP - Công Nhận Quốc Tế","https://knacert.com.vn/tin-tuc-tieu-chuan/wrap-certificate-giay-chung-nhan-wrap-la-gi/","known_asset_reference","known_cta_asset","2","https://knacert.com.vn/wp-content/uploads/2025/11/quy-trinh-brc.png | https://knacert.com.vn/wp-content/uploads/2025/11/sedex-banner.jpg","kết quả đầu ra của hoạt động chứng nhận WRAP. Chứng chỉ WRAP do tổ chức thực hiện đánh giá chứng nhận WRAP cấp. Giấy chứng nhận WRAP hợp lệ được công nhận và thừa nhận toàn cầu. QUY TRÌNH CHỨNG NHẬN WRAP ĐẠT CHUẨN QUỐC TẾ CỦA CBs CHI TIẾT DỊCH VỤ CHỨNG NHẬN WRAP CỦA CBs Đánh giá "
"posts","6990","publish","Giấy chứng nhận WRAP - Công Nhận Quốc Tế","https://knacert.com.vn/tin-tuc-tieu-chuan/wrap-certificate-giay-chung-nhan-wrap-la-gi/","standalone_img_cta_candidate","https://knacert.com.vn/wp-content/uploads/2025/11/nut-01-1.png","3","https://knacert.com.vn/wp-content/uploads/2025/11/nut-01-1.png | https://knacert.com.vn/wp-content/uploads/2025/11/nut-02-1.png | https://knacert.com.vn/wp-content/uploads/2025/11/nut-03-1-2.png","Cũng là Doanh Nghiệp tiêu biểu trong ngành May mặc. Công ty TNHH Công nghiệp Xing Feng đã ch áp dụng xây dựng hệ thống tiêu chuẩn WRAP vào trong hệ thống sản xuất hàng may mặc của mình và đã được đánh giá thứ hạng cao. Đây là nỗ lực lớn của Xing Feng nhằm mang đến những sản phẩm "
"posts","6990","publish","Giấy chứng nhận WRAP - Công Nhận Quốc Tế","https://knacert.com.vn/tin-tuc-tieu-chuan/wrap-certificate-giay-chung-nhan-wrap-la-gi/","table_cta_candidate","contact_href+cta_filename+button_dimensions+cta_text_or_phone","3","https://knacert.com.vn/wp-content/uploads/2025/11/nut-01-1.png | https://knacert.com.vn/wp-content/uploads/2025/11/nut-02-1.png | https://knacert.com.vn/wp-content/uploads/2025/11/nut-03-1-2.png",""
"posts","7036","publish","Cấu trúc tiêu chuẩn ISO 22000 theo TCVN 22000:2018","https://knacert.com.vn/tin-tuc-tieu-chuan/cau-truc-tieu-chuan-iso-22000-theo-tcvn-220002018/","table_cta_candidate","cta_text_or_phone","0","","✅⭐ Chứng chỉ Hiệu lực Toàn cầu ? Chứng nhận FSC đươc ASI công nhận có hiệu lực Toàn cầu ✅⭐ Chi phí đánh giá tốt ? Với đội ngũ chuyên gia giàu kinh nghiệm, KNA Cert cung cấp dịch vụ chuyên nghiệp nhất cho quý khách hàng ✅⭐ Mở rộng Thị trường bán hàng ? salesmanager@knacert.com ✅⭐ "
"posts","7179","publish","Dịch vụ Chứng nhận hợp chuẩn vật liệu xây dựng","https://knacert.com.vn/tin-tuc-tieu-chuan/dich-vu-chung-nhan-hop-chuan-vat-lieu-xay-dung/","known_asset_reference","known_cta_asset","1","https://knacert.com.vn/wp-content/uploads/2025/11/chung-nhan-hop-chuan-vat-lieu-xay-dng.png","Chứng nhận hợp chuẩn vật liệu xây dựng là hoạt động đánh giá và xác nhận sự phù hợp của sản phẩm vật liệu xây dựng với tiêu chuẩn công bố áp dụng. Những tiêu chuẩn này có thể là: Tiêu chuẩn quốc gia TCVN, tiêu chuẩn quốc tế ASTM, AASHTOO, JIS, BS, GB… TẠI SAO NÊN LỰA CHỌN DỊCH VỤ"
"posts","7179","publish","Dịch vụ Chứng nhận hợp chuẩn vật liệu xây dựng","https://knacert.com.vn/tin-tuc-tieu-chuan/dich-vu-chung-nhan-hop-chuan-vat-lieu-xay-dung/","standalone_img_cta_candidate","https://knacert.com.vn/wp-content/uploads/2025/11/44.png","2","https://knacert.com.vn/wp-content/uploads/2025/11/44.png | https://knacert.com.vn/wp-content/uploads/2025/11/33.png","TẠI SAO NÊN LỰA CHỌN DỊCH VỤ CHỨNG NHẬN HỢP CHUẨN VẬT LIỆU XÂY DỰNG CỦA KNA? Giấy chứng nhận có giá trị công bố hợp chuẩn theo quy định của pháp luật Hỗ trợ mọi lúc, mọi nơi trong quá trình đánh giá chứng nhận Giải đáp toàn bộ thắc mắc liên quan tới dịch vụ hợp chuẩn Hỗ trợ các t"
"posts","7179","publish","Dịch vụ Chứng nhận hợp chuẩn vật liệu xây dựng","https://knacert.com.vn/tin-tuc-tieu-chuan/dich-vu-chung-nhan-hop-chuan-vat-lieu-xay-dung/","standalone_img_cta_candidate","https://knacert.com.vn/wp-content/uploads/2025/11/nut-01-1.png","3","https://knacert.com.vn/wp-content/uploads/2025/11/nut-01-1.png | https://knacert.com.vn/wp-content/uploads/2025/11/nut-02-1.png | https://knacert.com.vn/wp-content/uploads/2025/11/nut-03-1-2.png","Tùy vào loại hình doanh nghiệp, loại sản phẩm, quy mô, … mà chi phí chứng nhận hợp chuẩn của các doanh nghiệp có sự khác biệt. Doanh Nghiệp hãy liên hệ trực tiếp với KNA để nhận đươc báo phí. ----------------------------------------------------------------------------------------"
"posts","7179","publish","Dịch vụ Chứng nhận hợp chuẩn vật liệu xây dựng","https://knacert.com.vn/tin-tuc-tieu-chuan/dich-vu-chung-nhan-hop-chuan-vat-lieu-xay-dung/","table_cta_candidate","contact_href+cta_filename+button_dimensions+cta_text_or_phone","3","https://knacert.com.vn/wp-content/uploads/2025/11/nut-01-1.png | https://knacert.com.vn/wp-content/uploads/2025/11/nut-02-1.png | https://knacert.com.vn/wp-content/uploads/2025/11/nut-03-1-2.png",""
"posts","7179","publish","Dịch vụ Chứng nhận hợp chuẩn vật liệu xây dựng","https://knacert.com.vn/tin-tuc-tieu-chuan/dich-vu-chung-nhan-hop-chuan-vat-lieu-xay-dung/","table_cta_candidate","contact_href+cta_filename+cta_text_or_phone","2","https://knacert.com.vn/wp-content/uploads/2025/11/44.png | https://knacert.com.vn/wp-content/uploads/2025/11/33.png",""
"posts","7416","publish","DỊCH VỤ CHỨNG NHẬN ISO 9001:2015 – CÔNG NHẬN QUỐC TẾ","https://knacert.com.vn/tin-tuc-tieu-chuan/dich-vu-chung-nhan-iso-90012015-cong-nhan-quoc-te/","known_asset_reference","known_cta_asset","2","https://knacert.com.vn/wp-content/uploads/2025/11/cong-ty-tnhh-fore-shot-viet-nam.png | https://knacert.com.vn/wp-content/uploads/2025/11/trao-chung-nhan-cho-cong-ty-co-phan-azuma.png","sự phù hợp của tiêu chuẩn ISO tương ứng. Xem thêm Tiêu chuẩn ISO 9001 là gì? Công ty TNHH Fore Shot Việt Nam Công ty Cổ phần Azuma Việt Nam DỊCH VỤ CHỨNG NHẬN ISO → Đạt chuẩn Quốc"
"posts","7416","publish","DỊCH VỤ CHỨNG NHẬN ISO 9001:2015 – CÔNG NHẬN QUỐC TẾ","https://knacert.com.vn/tin-tuc-tieu-chuan/dich-vu-chung-nhan-iso-90012015-cong-nhan-quoc-te/","standalone_img_cta_candidate","https://knacert.com.vn/wp-content/uploads/2025/11/44.png","2","https://knacert.com.vn/wp-content/uploads/2025/11/44.png | https://knacert.com.vn/wp-content/uploads/2025/11/33.png","Công ty Cổ phần Azuma Việt Nam DỊCH VỤ CHỨNG NHẬN ISO → Đạt chuẩn Quốc tế - Công nhận toàn cầu tại KNA Doanh Nghiệp cần chuẩn bị gì để đạt chứng nhận ISO 9001? Một số hồ sơ cần chuẩn bị để xin cấp Giấy chứng nhận ISO 9001:2015 bao gồm: - Một số hồ sơ pháp lý: Giấy phép đăng ký ki"
"posts","7416","publish","DỊCH VỤ CHỨNG NHẬN ISO 9001:2015 – CÔNG NHẬN QUỐC TẾ","https://knacert.com.vn/tin-tuc-tieu-chuan/dich-vu-chung-nhan-iso-90012015-cong-nhan-quoc-te/","standalone_img_cta_candidate","https://knacert.com.vn/wp-content/uploads/2025/11/nut-01-1.png","3","https://knacert.com.vn/wp-content/uploads/2025/11/nut-01-1.png | https://knacert.com.vn/wp-content/uploads/2025/11/nut-02-1.png | https://knacert.com.vn/wp-content/uploads/2025/11/nut-03-1-2.png","Công Ty TNHH Innovation Tương Lai Việt Nam là Doanh Nghiệp 100% vốn đầu tư của Hồng Kông, chuyên sản xuất tai nghe không dây. Công ty có địa chỉ tại Lô đất CN-07B, Khu công nghiệp Phú Hà, Xã Hà Lộc, Thị xã Phú Thọ, Tỉnh Phú Thọ, Việt Nam. Liên hệ với chúng tôi TỔ CHỨC CHỨNG NHẬN "
"posts","7416","publish","DỊCH VỤ CHỨNG NHẬN ISO 9001:2015 – CÔNG NHẬN QUỐC TẾ","https://knacert.com.vn/tin-tuc-tieu-chuan/dich-vu-chung-nhan-iso-90012015-cong-nhan-quoc-te/","table_cta_candidate","contact_href+cta_filename+button_dimensions+cta_text_or_phone","2","https://knacert.com.vn/wp-content/uploads/2025/11/44.png | https://knacert.com.vn/wp-content/uploads/2025/11/33.png",""
"posts","7692","publish","[IOP Certificate] Giấy chứng nhận BRC IOP là gì?","https://knacert.com.vn/tin-tuc-tieu-chuan/iop-certificate-giay-chung-nhan-brc-iop-la-gi/","known_asset_reference","known_cta_asset","1","https://knacert.com.vn/wp-content/uploads/2025/11/giay-chung-nhan-brc-la-gi.png","“Giấy chứng nhận BRC IOP (IOP Certificate) là gì?” là câu hỏi được nhiều Tổ chức, Doanh nghiệp quan tâm khi quyết định tiến hành áp dụng và đánh giá chứng nhận Tiêu chuẩn Toàn cầu về Vật liệu đóng gói BRC (Global Standard for Packaging Materials) GIỚI THIỆU VỀ TỔ CHỨC BRC BRC là "
"posts","7692","publish","[IOP Certificate] Giấy chứng nhận BRC IOP là gì?","https://knacert.com.vn/tin-tuc-tieu-chuan/iop-certificate-giay-chung-nhan-brc-iop-la-gi/","standalone_img_cta_candidate","https://knacert.com.vn/wp-content/uploads/2025/11/44.png","2","https://knacert.com.vn/wp-content/uploads/2025/11/44.png | https://knacert.com.vn/wp-content/uploads/2025/11/33.png","CÁC BƯỚC ĐỂ ĐẠT ĐƯỢC CHỨNG CHỈ BRC IOP (IOP CERTIFICATE) Để đạt được Giấy chứng nhận BRC, Doanh nghiệp phải thực hiện các bước sau: Bước 1: Thành lập ban chỉ đạo áp dụng tiêu chuẩn BRC Bước 2: Đào tạo nhận thức BRC, tìm hiểu nội dung và yêu cầu của tiêu chuẩn Bước 3: Xây dựng các"
"posts","7692","publish","[IOP Certificate] Giấy chứng nhận BRC IOP là gì?","https://knacert.com.vn/tin-tuc-tieu-chuan/iop-certificate-giay-chung-nhan-brc-iop-la-gi/","table_cta_candidate","contact_href+cta_filename+button_dimensions+cta_text_or_phone","2","https://knacert.com.vn/wp-content/uploads/2025/11/44.png | https://knacert.com.vn/wp-content/uploads/2025/11/33.png",""
"posts","7783","publish","Tiêu chuẩn ENplus A1 về viên nén gỗ là gì?","https://knacert.com.vn/tin-tuc-tieu-chuan/tieu-chuan-enplus-a1-ve-vien-nen-go-la-gi/","table_cta_candidate","cta_text_or_phone","0","","✅⭐ Chứng chỉ Hiệu lực Toàn cầu ? Chứng nhận Enplus đươc Viện Kiểm tra Kỹ thuật (SZU) công nhận có hiệu lực Toàn cầu ✅⭐ Chi phí đánh giá tốt ? Với đội ngũ chuyên gia giàu kinh nghiệm, KNA Cert cung cấp dịch vụ chuyên nghiệp nhất cho quý khách hàng ✅⭐ Mở rộng Thị trường bán hàng ? "
"posts","8260","publish","Khóa Đào Tạo Miễn Phí Tiêu Chuẩn ISO 45001:2018","https://knacert.com.vn/tin-tuc-dao-tao/khoa-dao-tao-mien-phi-tieu-chuan-iso-450012018/","known_asset_reference","known_cta_asset","1","https://knacert.com.vn/wp-content/uploads/2025/11/dang-ky-button-win2888-copy.png","ắc của Hệ thống OHSMS Phân tích các yêu cầu của tiêu chuẩn ISO 45001:2018 và hướng dẫn áp dụng thực tế tại công ty Giải thích các yêu cầu của ISO 45001:2018 trong từng điều khoản Phân tích áp dụng điều khoản ĐỐI TƯỢNG NÀO CÓ THỂ THAM GIA KHÓA ĐÀO TẠO ISO 45001 MIỄN PHÍ CỦA KNA? K"
"posts","8260","publish","Khóa Đào Tạo Miễn Phí Tiêu Chuẩn ISO 45001:2018","https://knacert.com.vn/tin-tuc-dao-tao/khoa-dao-tao-mien-phi-tieu-chuan-iso-450012018/","standalone_img_cta_candidate","https://knacert.com.vn/wp-content/uploads/2025/11/dang-ky-button-win2888-copy.png","1","https://knacert.com.vn/wp-content/uploads/2025/11/dang-ky-button-win2888-copy.png","GIỚI THIỆU KHÓA HỌC ISO 45001 MIỄN PHÍ Tên Khóa học : Đào tạo Nhận thức ISO 45001:2018 Miễn phí Hình thức : Đào tạo Online (Qua phần mềm Zoom) Nội dung chính : Khóa học cung cấp kiến thức tổng quan về Hệ thống quản lý an toàn sức khỏe nghề nghiệp ISO 45001. Nội dung chi tiết : IS"
"posts","8504","publish","Chứng chỉ RDS là gì? – KNA CERT","https://knacert.com.vn/cong-cu-cai-tien/chung-chi-rds-la-gi-kna-cert/","known_asset_reference","known_cta_asset","1","https://knacert.com.vn/wp-content/uploads/2025/11/chung-chi-rds.png","“Chứng chỉ RDS là gì?” là câu hỏi được nhiều Tổ chức, Doanh nghiệp quan tâm khi quyết định tiến hành áp dụng và đánh giá chứng nhận Tiêu chuẩn Lông vũ có trách nhiệm. GIỚI THIỆU VỀ TIÊU CHUẨN RDS Tiêu chuẩn RDS (Responsible Down Standard - Tiêu chuẩn Lông vũ có trách nhiệm) do Co"
"posts","8504","publish","Chứng chỉ RDS là gì? – KNA CERT","https://knacert.com.vn/cong-cu-cai-tien/chung-chi-rds-la-gi-kna-cert/","standalone_img_cta_candidate","https://knacert.com.vn/wp-content/uploads/2025/11/nut-01-1.png","3","https://knacert.com.vn/wp-content/uploads/2025/11/nut-01-1.png | https://knacert.com.vn/wp-content/uploads/2025/11/nut-02-1.png | https://knacert.com.vn/wp-content/uploads/2025/11/nut-03-1-2.png","CÁC THÔNG TIN TRÊN GIẤY CHỨNG NHẬN RDS LÀ GÌ? Trên giấy chứng nhận RDS hiển thị các thông tin sau: Tên: Giấy chứng nhận Thông tin của doanh nghiệp được cấp chứng nhận (bao gồm: tên công ty, địa chỉ) Tên của tiêu chuẩn chứng nhận (cụ thể là RDS) Phạm vi chứng nhận (sản phẩm được c"
"posts","8504","publish","Chứng chỉ RDS là gì? – KNA CERT","https://knacert.com.vn/cong-cu-cai-tien/chung-chi-rds-la-gi-kna-cert/","table_cta_candidate","contact_href+cta_filename+button_dimensions+cta_text_or_phone","3","https://knacert.com.vn/wp-content/uploads/2025/11/nut-01-1.png | https://knacert.com.vn/wp-content/uploads/2025/11/nut-02-1.png | https://knacert.com.vn/wp-content/uploads/2025/11/nut-03-1-2.png",""
"posts","8623","publish","Đánh giá ISO 9001 theo quy trình chuẩn tại KNA CERT","https://knacert.com.vn/cong-cu-cai-tien/danh-gia-iso-9001-theo-quy-trinh-chuan-tai-kna-cert/","known_asset_reference","known_cta_asset","1","https://knacert.com.vn/wp-content/uploads/2025/11/banner-chung-nhan-iso-9001-iaf.png","""width: 829.4px;""> → KNA CERT được Tổng cục Tiêu chuẩn Đo lường Chất lượng thuộc Bộ Khoa học và Công nghệ cấp giấy phép chứng nhận Hệ thống quản lý chất lượng theo tiêu chuẩn quốc tế ISO 9001:2015. Chứng chỉ ISO 9001 của KNA có đầy đủ dấu công nhận Quốc tế GIAI ĐOẠN CHUẨN BỊ TRƯỚ"
"posts","8623","publish","Đánh giá ISO 9001 theo quy trình chuẩn tại KNA CERT","https://knacert.com.vn/cong-cu-cai-tien/danh-gia-iso-9001-theo-quy-trinh-chuan-tai-kna-cert/","standalone_img_cta_candidate","https://knacert.com.vn/wp-content/uploads/2025/11/44.png","2","https://knacert.com.vn/wp-content/uploads/2025/11/44.png | https://knacert.com.vn/wp-content/uploads/2025/11/33.png","GIAI ĐOẠN CHUẨN BỊ TRƯỚC KHI ĐÁNH GIÁ ISO 9001 Bước 1: Khởi động dự án áp dụng ISO 9001 Lãnh đạo doanh nghiệp chọn một ngày để họp toàn thể cán bộ công nhân viên trong tổ chức để tuyên bố về việc xây dựng Hệ thống quản lý chất lượng theo tiêu chuẩn ISO 9001:2015. Bước 2: Thành lậ"
"posts","8623","publish","Đánh giá ISO 9001 theo quy trình chuẩn tại KNA CERT","https://knacert.com.vn/cong-cu-cai-tien/danh-gia-iso-9001-theo-quy-trinh-chuan-tai-kna-cert/","standalone_img_cta_candidate","https://knacert.com.vn/wp-content/uploads/2025/11/nut-01-1.png","3","https://knacert.com.vn/wp-content/uploads/2025/11/nut-01-1.png | https://knacert.com.vn/wp-content/uploads/2025/11/nut-02-1.png | https://knacert.com.vn/wp-content/uploads/2025/11/nut-03-1-2.png","Mẫu chứng chỉ ISO 9001:2015 tại KNA CERT GIAI ĐOẠN SAU ĐÁNH GIÁ ISO 9001 Bước 1: Đánh giá giám sát định kỳ 2 lần trong 3 năm Theo quy định thì chứng nhận ISO 9001:2015 sẽ có hiệu lực trong 3 năm. Trong suốt thời gian có hiệu lực của chứng chỉ thì KNA sẽ tiến hành đánh giá giám sá"
"posts","8623","publish","Đánh giá ISO 9001 theo quy trình chuẩn tại KNA CERT","https://knacert.com.vn/cong-cu-cai-tien/danh-gia-iso-9001-theo-quy-trinh-chuan-tai-kna-cert/","table_cta_candidate","contact_href+cta_filename+button_dimensions+cta_text_or_phone","2","https://knacert.com.vn/wp-content/uploads/2025/11/44.png | https://knacert.com.vn/wp-content/uploads/2025/11/33.png",""
"posts","8710","publish","Đăng kí ngay 2 khóa học Miễn Phí ISO 9001 và GRS tại KNA","https://knacert.com.vn/tin-tuc-dao-tao/dang-ki-ngay-2-khoa-hoc-mien-phi-iso-9001-va-grs-tai-kna/","known_asset_reference","known_cta_asset","1","https://knacert.com.vn/wp-content/uploads/2025/11/dang-ky-button-win2888-1.png","vvkbs x1xmvt09 x6prxxf xvq8zen xo1l8bm xzsf02u"">Từ 9h-&gt;12h - Học Online qua Zoom linh hoạt"
"posts","8710","publish","Đăng kí ngay 2 khóa học Miễn Phí ISO 9001 và GRS tại KNA","https://knacert.com.vn/tin-tuc-dao-tao/dang-ki-ngay-2-khoa-hoc-mien-phi-iso-9001-va-grs-tai-kna/","standalone_img_cta_candidate","https://knacert.com.vn/wp-content/uploads/2025/11/dang-ky-button-win2888-1.png","1","https://knacert.com.vn/wp-content/uploads/2025/11/dang-ky-button-win2888-1.png","GIỚI THIỆU KHÓA HỌC Tiêu chuẩn ISO 9001:2015 (là phiên bản mới nhất của Tiêu chuẩn ISO 9001) là một tiêu chuẩn về Hệ thống quản lý chất lượng do Tổ chức Tiêu chuẩn hóa quốc tế phát triển và ban hành vào ngày 24 tháng 9 năm 2015. Nội dung của ISO 9001 là những nguyên tắc, yêu cầu "
"posts","8758","publish","Chương trình tiên quyết của HACCP là gì?","https://knacert.com.vn/tin-tuc-tieu-chuan/chuong-trinh-tien-quyet-cua-haccp-la-gi/","table_cta_candidate","cta_text_or_phone","0","","✅⭐ Dịch vụ trọn gói ? KNA CERT Cung cấp nhiều Dịch vụ trọn gói cho quý khách hàng ! ✅⭐ Thủ tục đăng ký ? Với đội ngũ chuyên gia giàu kinh nghiệm, KNA Cert cung cấp dịch vụ chuyên nghiệp nhất cho quý khách hàng ✅⭐ Chính sách hậu mãi sau chứng nhận ? salesmanager@knacert.com ✅⭐ Chi"
"posts","8887","publish","Chương Trình đào tạo trong tháng 5 tại KNA CERT","https://knacert.com.vn/tin-tuc-dao-tao/chuong-trinh-dao-tao-trong-thang-5-tai-kna-cert/","known_asset_reference","known_cta_asset","1","https://knacert.com.vn/wp-content/uploads/2025/11/dang-ki-khoa-hoc-iso-9001.png","/knacert.com.vn/wp-content/uploads/2025/11/chuong-trinh-thang-5-bungno.jpg"" alt="""" width=""1000"" height=""325"" /> HOẶC ĐĂNG KÍ THEO LINK THAM KHẢO DỊCH VỤ ĐÀO TẠO &amp; ĐÁNH GIÁ KHÁC CỦA KNA CERT Chứng nhận hệ thống quản lý : ISO 9001, ISO 14001, IS 45001, ISO 27001, ISO 17025, ISO"
"posts","8887","publish","Chương Trình đào tạo trong tháng 5 tại KNA CERT","https://knacert.com.vn/tin-tuc-dao-tao/chuong-trinh-dao-tao-trong-thang-5-tai-kna-cert/","standalone_img_cta_candidate","https://knacert.com.vn/wp-content/uploads/2025/11/44.png","2","https://knacert.com.vn/wp-content/uploads/2025/11/44.png | https://knacert.com.vn/wp-content/uploads/2025/11/33.png","THAM KHẢO DỊCH VỤ ĐÀO TẠO &amp; ĐÁNH GIÁ KHÁC CỦA KNA CERT Chứng nhận hệ thống quản lý : ISO 9001, ISO 14001, IS 45001, ISO 27001, ISO 17025, ISO 50001,... Tiêu chuẩn Thực phẩm: HACCP, ISO 22000, BRC, FSSC 22000, IFS,… Chứng nhận sản phẩm: FSC/CoC, ENplus, PEFC, Kosher, CE Markin"
"posts","8887","publish","Chương Trình đào tạo trong tháng 5 tại KNA CERT","https://knacert.com.vn/tin-tuc-dao-tao/chuong-trinh-dao-tao-trong-thang-5-tai-kna-cert/","table_cta_candidate","contact_href+cta_filename+button_dimensions+cta_text_or_phone","2","https://knacert.com.vn/wp-content/uploads/2025/11/44.png | https://knacert.com.vn/wp-content/uploads/2025/11/33.png",""
"posts","8960","publish","EPA là gì? EPA TSCA là gì trong xuất nhập khẩu gỗ?","https://knacert.com.vn/cong-cu-cai-tien/epa-la-gi-epa-tsca-la-gi-trong-xuat-nhap-khau-go/","known_asset_reference","known_cta_asset","3","https://knacert.com.vn/wp-content/uploads/2025/11/nut-01-1.png | https://knacert.com.vn/wp-content/uploads/2025/11/nut-02-1.png | https://knacert.com.vn/wp-content/uploads/2025/11/nut-03-1-2.png","rong> Liên hệ với chúng tôi TỔ CHỨC CHỨNG NHẬN KNA CERT ---------------------------------------------------------------------------------------------------- <p style=""text-align: justify;"
"posts","8960","publish","EPA là gì? EPA TSCA là gì trong xuất nhập khẩu gỗ?","https://knacert.com.vn/cong-cu-cai-tien/epa-la-gi-epa-tsca-la-gi-trong-xuat-nhap-khau-go/","standalone_img_cta_candidate","https://knacert.com.vn/wp-content/uploads/2025/11/nut-01-1.png","3","https://knacert.com.vn/wp-content/uploads/2025/11/nut-01-1.png | https://knacert.com.vn/wp-content/uploads/2025/11/nut-02-1.png | https://knacert.com.vn/wp-content/uploads/2025/11/nut-03-1-2.png","Tiêu chuẩn TSCA Title VI là một tiêu chuẩn mới quy định lượng khí thải cho phép từ chất kết dính được sử dụng trong các sản phẩm gỗ composite. Tiêu chuẩn EPA TSCA này liên quan chặt chẽ với các quy tắc nghiêm ngặt được đặt ra trước đây bởi Ủy ban Tài nguyên Hàng không California "
"posts","8960","publish","EPA là gì? EPA TSCA là gì trong xuất nhập khẩu gỗ?","https://knacert.com.vn/cong-cu-cai-tien/epa-la-gi-epa-tsca-la-gi-trong-xuat-nhap-khau-go/","table_cta_candidate","contact_href+cta_filename+button_dimensions+cta_text_or_phone","3","https://knacert.com.vn/wp-content/uploads/2025/11/nut-01-1.png | https://knacert.com.vn/wp-content/uploads/2025/11/nut-02-1.png | https://knacert.com.vn/wp-content/uploads/2025/11/nut-03-1-2.png",""
"posts","9196","publish","Giới thiệu các Chương trình trong Quý 3/2023 tại KNA","https://knacert.com.vn/tin-tuc-tieu-chuan/gioi-thieu-cac-chuong-trinh-trong-quy-32023-tai-kna/","known_asset_reference","known_cta_asset","2","https://knacert.com.vn/wp-content/uploads/2025/11/44.png | https://knacert.com.vn/wp-content/uploads/2025/11/33.png","/span> ✔️ Phương pháp – công cụ cải tiến: 5S, Kaizen, QA-QC, 7QC,… ✔️ Các dịch vụ khác THÔNG TIN CHI TIẾT VUI LÒNG LIÊN HỆ KNA CERT Trụ sở chính: Tầng 11, Tòa nhà Ladeco Building, 266 Đội Cấn, Ba Đình, Hà Nội Chi nhánh:"
"posts","9196","publish","Giới thiệu các Chương trình trong Quý 3/2023 tại KNA","https://knacert.com.vn/tin-tuc-tieu-chuan/gioi-thieu-cac-chuong-trinh-trong-quy-32023-tai-kna/","standalone_img_cta_candidate","https://knacert.com.vn/wp-content/uploads/2025/11/44.png","2","https://knacert.com.vn/wp-content/uploads/2025/11/44.png | https://knacert.com.vn/wp-content/uploads/2025/11/33.png","THÔNG TIN CHUYỂN KHOẢN HỌC PHÍ Nội dung chuyển khoản: Tên học viên + SĐT + Khóa đào tạo QA QC STK: 12610001341470 CTK: PHAM MINH LUAN Ngân hàng: BIDV * Học viên chuyển khoản trước Ngày 17/08/2023 để được ưu đãi Học phí khóa QA/QC THAM KHẢO DỊCH VỤ ĐÀO TẠO &amp; ĐÁNH GIÁ KHÁC CỦA "
"posts","9196","publish","Giới thiệu các Chương trình trong Quý 3/2023 tại KNA","https://knacert.com.vn/tin-tuc-tieu-chuan/gioi-thieu-cac-chuong-trinh-trong-quy-32023-tai-kna/","table_cta_candidate","contact_href+cta_filename+cta_text_or_phone","2","https://knacert.com.vn/wp-content/uploads/2025/11/44.png | https://knacert.com.vn/wp-content/uploads/2025/11/33.png",""
"posts","9555","publish","Lịch đào tạo Public Tháng 9 + 10 - KNA CERT","https://knacert.com.vn/tin-tuc-dao-tao/lich-dao-tao-public-thang-9-10-kna-cert/","known_asset_reference","known_cta_asset","1","https://knacert.com.vn/wp-content/uploads/2025/11/lich-dao-tao-public-t9-to-2023.png","le="" "">Mục tiêu của các khóa học ISO, HACCP... không chỉ dừng lại ở mức độ biết mà còn học để HIỂU và ÁP DỤNG TỐT tại doanh nghiệp. Chính vì vậy, để đáp ứng nhu cầu của học viên, KNA liên tục khai giảng các khóa đào tạo Publics trong tháng 9 - 10. DANH SÁCH KHÓA HỌC >> Click vào "
"posts","9555","publish","Lịch đào tạo Public Tháng 9 + 10 - KNA CERT","https://knacert.com.vn/tin-tuc-dao-tao/lich-dao-tao-public-thang-9-10-kna-cert/","standalone_img_cta_candidate","https://knacert.com.vn/wp-content/uploads/2025/11/dang-ky-button-win2888-1.png","1","https://knacert.com.vn/wp-content/uploads/2025/11/dang-ky-button-win2888-1.png","DANH SÁCH KHÓA HỌC >> Click vào mục ""chi tiết"" để xem NỘI DUNG KHÓA HỌC đầy đủ STT COURSE/ KHÓA HỌC THÁNG 9 THÁNG 10 HỌC PHÍ LỊCH HỌC GIỜ HÀNH CHÍNH (8h30:17h00) LỊCH HỌC TỐI (7h00:10h00) LỊCH HỌC GIỜ HÀNH CHÍNH (8h30:17h00) LỊCH HỌC TỐI (7h00:10h00) THÔNG TIN 1 Đào tạo Xây dựng "
"posts","10069","publish","Cập nhật thông tin mới nhất về kiểm tra chất lượng vật liệu xây dựng nhập khẩu","https://knacert.com.vn/tin-tuc-nganh-nghe/cap-nhat-thong-tin-moi-nhat-ve-kiem-tra-chat-luong-vat-lieu-xay-dung-nhap-khau/","standalone_img_cta_candidate","https://knacert.com.vn/wp-content/uploads/2025/11/thi-truong-vat-lieu-xay-dung-thoi-bao-gia-austdoor-1.jpg","1","https://knacert.com.vn/wp-content/uploads/2025/11/thi-truong-vat-lieu-xay-dung-thoi-bao-gia-austdoor-1.jpg","Thực hiện kiểm tra chất lượng vật liệu xâu dựng nhập khẩu theo QCVN Theo tiêu chuẩn kỹ thuật QCVN 16:2019/BXD do Bộ Xây Dựng ban hành, quy định rõ về việc kiểm tra chất lượng hàng hóa trước khi thông quan đối với các sản phẩm thuộc danh mục vật liệu xây dựng. Các cá nhân, tổ chức"
"posts","12323","publish","Giá dịch vụ chứng nhận HACCP bao gồm khoản phí nào?","https://knacert.com.vn/tin-tuc-tieu-chuan/gia-dich-vu-chung-nhan-haccp-bao-gom-khoan-phi-nao/","standalone_img_cta_candidate","https://knacert.com.vn/wp-content/uploads/2025/11/gia-dich-vu-chung-nhan-haccp-bao-gom-khoan-phi-nao-5.jpg","1","https://knacert.com.vn/wp-content/uploads/2025/11/gia-dich-vu-chung-nhan-haccp-bao-gom-khoan-phi-nao-5.jpg","Trước khi lựa chọn dịch vụ chứng nhận, doanh nghiệp cần đánh giá quy mô sản xuất và phạm vi áp dụng hệ thống HACCP . Các yêu cầu về chứng nhận có thể thay đổi tùy thuộc vào loại hình sản phẩm, quy trình sản xuất và yêu cầu của các đối tác hoặc khách hàng. Đảm bảo rằng dịch vụ chứ"
"posts","13518","publish","Nhà máy không có HACCP có được không? Các doanh nghiệp nào nên áp dụng HACCP?","https://knacert.com.vn/tin-tuc-nganh-nghe/nha-may-khong-co-haccp-co-duoc-khong-cac-doanh-nghiep-nao-nen-ap-dung-haccp/","known_asset_reference","known_cta_asset","3","https://knacert.com.vn/wp-content/uploads/2025/11/nut-01-1.png | https://knacert.com.vn/wp-content/uploads/2025/11/nut-02-1.png | https://knacert.com.vn/wp-content/uploads/2025/11/nut-03-1-2.png","hiệu lực quốc tế, trong đó có HACCP. Doanh nghiệp sản xuất thức ăn chăn nuôi: Các công ty chế biến thức ăn cho gia súc, gia cầm áp dụng HACCP để đảm bảo an toàn cho sản phẩm đầu vào trong chuỗi cung ứng thực phẩm. &nbsp; Bài viết trên đây của KNA CERT đã giải đáp thắc mắc liên qu"
"posts","13518","publish","Nhà máy không có HACCP có được không? Các doanh nghiệp nào nên áp dụng HACCP?","https://knacert.com.vn/tin-tuc-nganh-nghe/nha-may-khong-co-haccp-co-duoc-khong-cac-doanh-nghiep-nao-nen-ap-dung-haccp/","table_cta_candidate","contact_href+cta_filename+button_dimensions+cta_text_or_phone","3","https://knacert.com.vn/wp-content/uploads/2025/11/nut-01-1.png | https://knacert.com.vn/wp-content/uploads/2025/11/nut-02-1.png | https://knacert.com.vn/wp-content/uploads/2025/11/nut-03-1-2.png",""
"posts","13552","publish","Báo giá kiểm kê khí nhà kính - Tổng hợp thông tin chi tiết","https://knacert.com.vn/tin-tuc-tieu-chuan/bao-gia-kiem-ke-khi-nha-kinh-tong-hop-thong-tin-chi-tiet/","standalone_img_cta_candidate","https://knacert.com.vn/wp-content/uploads/2025/07/Cac-yeu-to-anh-huong-den-bao-gia-kiem-ke-khi-nha-kinh.jpg","1","https://knacert.com.vn/wp-content/uploads/2025/07/Cac-yeu-to-anh-huong-den-bao-gia-kiem-ke-khi-nha-kinh.jpg","Dựa trên báo giá kiểm kê khí nhà kính, doanh nghiệp có thể dự trù ngân sách cần thiết cho quá trình kiểm kê, bao gồm cả chi phí trực tiếp (các khoản mục đã nêu) và chi phí gián tiếp (ví dụ: chi phí nhân sự nội bộ tham gia vào quá trình, chi phí cơ sở vật chất hỗ trợ). Việc dự trù"
"posts","13552","publish","Báo giá kiểm kê khí nhà kính - Tổng hợp thông tin chi tiết","https://knacert.com.vn/tin-tuc-tieu-chuan/bao-gia-kiem-ke-khi-nha-kinh-tong-hop-thong-tin-chi-tiet/","standalone_img_cta_candidate","https://knacert.com.vn/wp-content/uploads/2025/07/Tai-sao-doanh-nghiep-can-tim-hieu-ro-ve-bao-gia-kiem-ke-khi-nha-kinh.jpg","1","https://knacert.com.vn/wp-content/uploads/2025/07/Tai-sao-doanh-nghiep-can-tim-hieu-ro-ve-bao-gia-kiem-ke-khi-nha-kinh.jpg","Báo giá kiểm kê khí nhà kính đóng vai trò quan trọng trong việc giúp doanh nghiệp hiểu rõ về chi phí và các yếu tố liên quan đến quá trình thực hiện kiểm kê khí nhà kính. Từ đó, doanh nghiệp có thể đưa ra những quyết định tối ưu và phù hợp với nguồn lực của mình. Hãy cùng KNA CER"
"posts","13661","publish","DANH SÁCH CÁC ĐƠN VỊ KIỂM TOÁN ĐỘC LẬP BSCI - LỰA CHỌN ĐỐI TÁC TIN CẬY","https://knacert.com.vn/tin-tuc-tieu-chuan/danh-sach-cac-don-vi-kiem-toan-doc-lap-bsci-lua-chon-doi-tac-tin-cay/","standalone_img_cta_candidate","https://knacert.com.vn/wp-content/uploads/2025/11/danh-sach-cac-don-vi.jpg","1","https://knacert.com.vn/wp-content/uploads/2025/11/danh-sach-cac-don-vi.jpg","1. Có đầy đủ giấy phép hoạt động Đơn vị kiểm toán cần phải có đầy đủ giấy phép hoạt động và chứng nhận hợp pháp từ các cơ quan quản lý có thẩm quyền như amfori. Giấy phép này không chỉ là bằng chứng về tính pháp lý và uy tín của đơn vị kiểm toán, mà còn đảm bảo rằng họ tuân thủ c"
"posts","13906","publish","BSCI MEMBERS LÀ GÌ? CÁCH THAM GIA & LỢI ÍCH KHI TRỞ THÀNH THÀNH VIÊN","https://knacert.com.vn/tin-tuc-tieu-chuan/bsci-members-la-gi-cach-tham-gia-loi-ich-khi-tro-thanh-thanh-vien/","standalone_img_cta_candidate","https://knacert.com.vn/wp-content/uploads/2025/10/Huong-dan-cach-thuc-dang-ky-tro-thanh-BSCI-members-1024x769.jpg","1","https://knacert.com.vn/wp-content/uploads/2025/10/Huong-dan-cach-thuc-dang-ky-tro-thanh-BSCI-members-1024x769.jpg","1. Nâng cao uy tín thương hiệu và sự tin cậy từ đối tác quốc tế Khi một doanh nghiệp trở thành BSCI Member, họ được công nhận là đơn vị cam kết thực hiện trách nhiệm xã hội, đảm bảo điều kiện làm việc an toàn, minh bạch và công bằng. Điều này giúp doanh nghiệp xây dựng hình ảnh t"
"posts","13915","publish","Đăng ký ISO 9001: Hướng dẫn chi tiết để thành công","https://knacert.com.vn/tin-tuc-tieu-chuan/dang-ky-iso-9001-huong-dan-chi-tiet-de-thanh-cong/","standalone_img_cta_candidate","https://knacert.com.vn/wp-content/uploads/2025/10/Nhung-sai-lam-thuong-gap-khi-dang-ky-ISO-9001.jpg","1","https://knacert.com.vn/wp-content/uploads/2025/10/Nhung-sai-lam-thuong-gap-khi-dang-ky-ISO-9001.jpg","1. Giai đoạn đánh giá nội bộ trước khi đăng ký ISO 9001 Trước khi gửi hồ sơ cho tổ chức chứng nhận ISO 9001, bạn cần tự kiểm tra hệ thống quản lý chất lượng của mình. Giai đoạn này giống như buổi diễn tập trước ngày thi vậy. Hãy lập một checklist dựa trên tiêu chuẩn ISO 9001 – ví"
"posts","13915","publish","Đăng ký ISO 9001: Hướng dẫn chi tiết để thành công","https://knacert.com.vn/tin-tuc-tieu-chuan/dang-ky-iso-9001-huong-dan-chi-tiet-de-thanh-cong/","standalone_img_cta_candidate","https://knacert.com.vn/wp-content/uploads/2025/10/Quy-trinh-dang-ky-ISO-9001-gom-nhung-buoc-nao.jpg","1","https://knacert.com.vn/wp-content/uploads/2025/10/Quy-trinh-dang-ky-ISO-9001-gom-nhung-buoc-nao.jpg","Bạn có bao giờ tự hỏi làm thế nào để doanh nghiệp của mình nổi bật giữa hàng ngàn đối thủ? Đăng ký ISO 9001 chính là câu trả lời! Đây không chỉ là một chứng nhận quốc tế về quản lý chất lượng mà còn là “tấm vé thông hành” giúp bạn tăng uy tín, cải thiện quy trình và chinh phục nh"
"posts","13915","publish","Đăng ký ISO 9001: Hướng dẫn chi tiết để thành công","https://knacert.com.vn/tin-tuc-tieu-chuan/dang-ky-iso-9001-huong-dan-chi-tiet-de-thanh-cong/","standalone_img_cta_candidate","https://knacert.com.vn/wp-content/uploads/2025/10/Thu-tuc-dang-ky-ISO-9001-Huong-dan-chi-tiet-tung-giai-doan.jpg","1","https://knacert.com.vn/wp-content/uploads/2025/10/Thu-tuc-dang-ky-ISO-9001-Huong-dan-chi-tiet-tung-giai-doan.jpg","Bước 1: Tìm hiểu và chuẩn bị hồ sơ đăng ký ISO 9001 Trước tiên, bạn cần hiểu rõ ISO 9001 yêu cầu gì. Đây là tiêu chuẩn về hệ thống quản lý chất lượng, nên doanh nghiệp cần có một bộ tài liệu thể hiện cách bạn vận hành và kiểm soát chất lượng. Hãy bắt đầu bằng việc xây dựng chính "
"posts","24398","publish","Khóa đào tạo ISO 14001:2015 – Nhận thức và đánh giá viên nội bộ theo ISO 14001:2015","https://knacert.com.vn/tin-tuc-tieu-chuan/khoa-dao-tao-iso-140012015/","known_asset_reference","known_cta_asset","1","https://knacert.com.vn/wp-content/uploads/2026/03/khoa-hoc-dao-tao-iso-14001-2015-3.png","14001:2015 cho cá nhân, tổ chức. Tự tin là một trong những trung tâm đào tạo khóa học chứng chỉ ISO 14001 chất lượng nhất trên thị trường hiện nay. Khóa học được thực hiện bởi giảng viên là những chuyên gia nhiều năm kinh nghiệm giúp học viên có thể áp dụng thành công Hệ thống qu"
"posts","24398","publish","Khóa đào tạo ISO 14001:2015 – Nhận thức và đánh giá viên nội bộ theo ISO 14001:2015","https://knacert.com.vn/tin-tuc-tieu-chuan/khoa-dao-tao-iso-140012015/","standalone_img_cta_candidate","https://knacert.com.vn/wp-content/uploads/2025/11/dang-ky-button-win2888.png","1","https://knacert.com.vn/wp-content/uploads/2025/11/dang-ky-button-win2888.png","ĐỐI TƯỢNG THAM GIA KHÓA ĐÀO TẠO ISO 14001:2015 Nhân sự tham gia quản lý môi trường; Ban lãnh đạo của các coogn ty có áp dụng hệ thống ISO 14001 Quản lý về đảm bảo môi trường và các thành viên trong ban ISO Những người muốn hiểu ISO 14001 và thực hiện đánh giá môi trường nội bộ đố"
"posts","24398","publish","Khóa đào tạo ISO 14001:2015 – Nhận thức và đánh giá viên nội bộ theo ISO 14001:2015","https://knacert.com.vn/tin-tuc-tieu-chuan/khoa-dao-tao-iso-140012015/","table_cta_candidate","cta_text_or_phone","0","","✅⭐ Dấu IAF Công nhận Quốc tế ? KNA CERT Cung cấp nhiều Dịch vụ trọn gói cho quý khách hàng ! ✅⭐ Thủ tục đăng ký nhanh gọn ? Với đội ngũ chuyên gia giàu kinh nghiệm, KNA Cert cung cấp dịch vụ chuyên nghiệp nhất cho quý khách hàng ✅⭐ Chính sách hậu mãi sau chứng nhận ? salesmanager"
