"PostID","PostTitle","PostURL","LinkHref","LinkText"
"12655","Thư Mời tham gia Hội thảo “Chứng nhận UN Marking: Chìa khóa cho Bao bì An toàn và Tuân thủ Quốc tế”","https://knacert.com.vn/su-kien-va-chuong-trinh/thu-moi-tham-gia-hoi-thao-chung-nhan-un-marking-chia-khoa-cho-bao-bi-an-toan-va-tuan-thu-quoc-te/","/chung-nhan-un-mark-cho-cac-hang-hoa-nguy-hiem","tại đây"
"9404","KNA hợp tác với TUV đánh giá tiêu chuẩn FSC®COC tại Việt Nam","https://knacert.com.vn/su-kien-va-chuong-trinh/kna-hop-tac-voi-tuv-danh-gia-tieu-chuan-fsc-tai-viet-nam/","https://tuvaustriahellas.gr/services/fsc-chain-of-custody-certification/?lang=en","Tại đây"
"9404","KNA hợp tác với TUV đánh giá tiêu chuẩn FSC®COC tại Việt Nam","https://knacert.com.vn/su-kien-va-chuong-trinh/kna-hop-tac-voi-tuv-danh-gia-tieu-chuan-fsc-tai-viet-nam/","https://connect.fsc.org/fsc-public-certificate-search?fscinfo=/certificate.php","TẠI ĐÂY"
"9258","Tiêu chuẩn BSCI PDF [BSCI standard PDF]","https://knacert.com.vn/tin-tuc-tieu-chuan/tieu-chuan-bsci-pdf-bsci-standard-pdf/","https://drive.google.com/file/d/1brdVp43Nv16jkIaPky46qR_fdF_gUu0i/view?usp=sharing","TẠI ĐÂY"
"8683","Cấp Chứng nhận ISO 9001:2015 cho Công ty TNHH Khang Trường Thịnh","https://knacert.com.vn/khach-hang/cap-chung-nhan-iso-90012015-cho-cong-ty-tnhh-khang-truong-thinh/","https://khangtruongthinh.com/vi/","Tại Đây"
"8623","Đánh giá ISO 9001 theo quy trình chuẩn tại KNA CERT","https://knacert.com.vn/cong-cu-cai-tien/danh-gia-iso-9001-theo-quy-trinh-chuan-tai-kna-cert/","http://tailieuiso9001.knacert.com.vn/","Tại đây."
"8308","Thông báo lịch nghỉ Tết Dương lịch 2023 và Tết Âm lịch Quý Mão 2023","https://knacert.com.vn/su-kien-va-chuong-trinh/thong-bao-lich-nghi-tet-duong-lich-2023-va-tet-am-lich-quy-mao-2023/","https://drive.google.com/file/d/1-lEqKT8gYMjwTgEE_CAs_hnY7K0-yUN6/view?usp=sharing","Tại Đây"
"7837","KNA Triển khai khóa tập huấn Nhận thức chung về Hệ thống Quản lý An toàn Thực phẩm toàn cầu BRC FOOD ISSUE 9","https://knacert.com.vn/tin-tuc-dao-tao/kna-trien-khai-khoa-tap-huan-nhan-thuc-chung-ve-he-thong-quan-ly-an-toan-thuc-pham-toan-cau-brc-food-issue-9/","/dao-tao-chung-nhan-brcifs-food","Tại đây"
"7416","DỊCH VỤ CHỨNG NHẬN ISO 9001:2015 – CÔNG NHẬN QUỐC TẾ","https://knacert.com.vn/tin-tuc-tieu-chuan/dich-vu-chung-nhan-iso-90012015-cong-nhan-quoc-te/","http://tailieuiso9001.knacert.com.vn/","Tại đây."
"7234","Checklist đánh giá SMETA","https://knacert.com.vn/tin-tuc-tieu-chuan/checklist-danh-gia-smeta/","https://docs.google.com/forms/d/e/1FAIpQLSe8daP2_zhQj0b5yB2GXVMbnHQ8IFR2DomCFKBTToQTuE9JLg/viewform","Tại đây."
"7229","Các thông tin về Chứng chỉ CTPAT (CTPAT certificate)","https://knacert.com.vn/tin-tuc-tieu-chuan/cac-thong-tin-ve-chung-chi-ctpat-ctpat-certificate/","https://docs.google.com/forms/d/e/1FAIpQLSe8daP2_zhQj0b5yB2GXVMbnHQ8IFR2DomCFKBTToQTuE9JLg/viewform","Tại đây."
"7149","Công ty TNHH Hưng Nghiệp Formosa Đạt Chứng Nhận ISO 14001:2015","https://knacert.com.vn/khach-hang/cong-ty-tnhh-hung-nghiep-formosa-dat-chung-nhan-iso-140012015/","/chung-chi/search?machungnhan=KAC22%2F023381&amp;ten=","Tại Đây"
"7134","Nội dung chính của Sổ tay BSCI [BSCI System Manual]","https://knacert.com.vn/tin-tuc-tieu-chuan/noi-dung-chinh-cua-so-tay-bsci-bsci-system-manual/","https://www.amfori.org/sites/default/files/amfori-2019-12-03-amfori-BSCI-system-manual-2018.pdf","TẠI ĐÂY"
"7054","Cấp chứng nhận tích hợp ISO 9001 cho Công Ty Cổ Phần Công Nghiệp Cao Su Hiệp Thành","https://knacert.com.vn/khach-hang/cap-chung-nhan-tich-hop-iso-9001-cho-cong-ty-co-phan-cong-nghiep-cao-su-hiep-thanh/","/dao-tao-chung-nhan-iso-90012015","tại đây"
"7038","Checklist đánh giá BSCI [Hồ sơ, tài liệu chuẩn]","https://knacert.com.vn/tin-tuc-tieu-chuan/checklist-danh-gia-bsci-ho-so-tai-lieu-chuan/","https://docs.google.com/forms/d/e/1FAIpQLSe8daP2_zhQj0b5yB2GXVMbnHQ8IFR2DomCFKBTToQTuE9JLg/viewform","Tại đây."
"7034","[BSCI report] Báo cáo BSCI là gì?","https://knacert.com.vn/tin-tuc-tieu-chuan/bsci-report-bao-cao-bsci-la-gi/","https://docs.google.com/forms/d/e/1FAIpQLSe8daP2_zhQj0b5yB2GXVMbnHQ8IFR2DomCFKBTToQTuE9JLg/viewform","Tại đây."
"6979","[BSCI remediation plan sample] Mẫu kế hoạch khắc phục BSCI","https://knacert.com.vn/tin-tuc-tieu-chuan/bsci-remediation-plan-sample-mau-ke-hoach-khac-phuc-bsci/","https://docs.google.com/forms/d/e/1FAIpQLSe8daP2_zhQj0b5yB2GXVMbnHQ8IFR2DomCFKBTToQTuE9JLg/viewform","Tại đây."
"6971","Cấp chứng nhận tích hợp ISO cho Công ty TNHH XNK IRI Factory Vina","https://knacert.com.vn/khach-hang/cap-chung-nhan-tich-hop-iso-cho-cong-ty-tnhh-xnk-iri-factory-vina/","/dao-tao-chung-nhan-iso-90012015","tại đây"
"6959","Cấp chứng nhận tích hợp cho Công ty TNHH Smart Vina","https://knacert.com.vn/khach-hang/cap-chung-nhan-tich-hop-cho-cong-ty-tnhh-smart-vina/","/dao-tao-chung-nhan-iso-90012015","tại đây"
"6942","WRAP Manual PDF – Sổ tay đánh giá viên theo WRAP","https://knacert.com.vn/tin-tuc-tieu-chuan/wrap-manual-pdf-so-tay-danh-gia-vien-theo-wrap/","https://docs.google.com/forms/d/e/1FAIpQLSe8daP2_zhQj0b5yB2GXVMbnHQ8IFR2DomCFKBTToQTuE9JLg/viewform","Tại đây."
"6856","Dịch vụ Đánh giá chứng nhận Trách nhiệm xã hội từ xa – Remote Audit","https://knacert.com.vn/cong-cu-cai-tien/dich-vu-danh-gia-chung-nhan-trach-nhiem-xa-hoi-tu-xa-remote-audit/","https://docs.google.com/forms/d/e/1FAIpQLSe8daP2_zhQj0b5yB2GXVMbnHQ8IFR2DomCFKBTToQTuE9JLg/viewform","Tại đây."
"6851","Nội dung tự đánh giá Amfori BSCI Self-Assessment","https://knacert.com.vn/tin-tuc-tieu-chuan/noi-dung-tu-danh-gia-amfori-bsci-self-assessment/","https://docs.google.com/forms/d/e/1FAIpQLSe8daP2_zhQj0b5yB2GXVMbnHQ8IFR2DomCFKBTToQTuE9JLg/viewform","Tại đây."
"6818","Chứng chỉ ISO 45001 (ISO 45001 certificate) – Chứng nhận được công nhận toàn cầu","https://knacert.com.vn/tin-tuc-tieu-chuan/chung-chi-iso-45001-iso-45001-certificate-chung-nhan-duoc-cong-nhan-toan-cau/","https://preview.pagedemo.me/60ec13b9ed92520020b9bc56","Tại đây."
"6813","Bộ quy tắc ứng xử BSCI mới nhất [BSCI Code of Conduct]","https://knacert.com.vn/tin-tuc-tieu-chuan/bo-quy-tac-ung-xu-bsci-moi-nhat-bsci-code-of-conduct/","https://docs.google.com/forms/d/e/1FAIpQLSe8daP2_zhQj0b5yB2GXVMbnHQ8IFR2DomCFKBTToQTuE9JLg/viewform","Tại đây."
"6806","Quy định về gỗ của Liên minh Châu Âu EUTR là gì?","https://knacert.com.vn/cong-cu-cai-tien/quy-dinh-ve-go-cua-lien-minh-chau-au-eutr-la-gi/","/tin-tuc-tieu-chuan/moi-quan-he-giua-chung-nhan-fsc-va-quy-che-go-eu-eutr/","tại đây"
"6768","Phân tích Chính sách chất lượng ISO 9001:2015","https://knacert.com.vn/tin-tuc-tieu-chuan/phan-tich-chinh-sach-chat-luong-iso-90012015/","http://tailieuiso9001.knacert.com.vn/","Tại đây."
"6755","Dịch vụ đánh giá chứng nhận ISO từ xa – Remote Audit [KNA CERT]","https://knacert.com.vn/tin-tuc-tieu-chuan/dich-vu-danh-gia-chung-nhan-iso-tu-xa-remote-audit-kna-cert/","/chinh-sach-bao-mat-thong-tin-nguoi-dung","tại đây"
"6730","Khó khăn khi áp dụng ISO 45001:2018 – KNA CERT","https://knacert.com.vn/tin-tuc-tieu-chuan/kho-khan-khi-ap-dung-iso-450012018-kna-cert/","https://preview.pagedemo.me/60ec13b9ed92520020b9bc56","Tại đây."
"6728","Quá trình hình thành và phát triển của ISO 14001 – KNA Cert","https://knacert.com.vn/tin-tuc-tieu-chuan/qua-trinh-hinh-thanh-va-phat-trien-cua-iso-14001-kna-cert/","http://tailieuiso9001.knacert.com.vn/","Tại đây."
"6726","Hệ thống quản lý an toàn và sức khỏe nghề nghiệp ISO 45001 – Hệ thống OHS","https://knacert.com.vn/tin-tuc-tieu-chuan/he-thong-quan-ly-an-toan-va-suc-khoe-nghe-nghiep-iso-45001-he-thong-ohs/","https://preview.pagedemo.me/60ec13b9ed92520020b9bc56","Tại đây."
"6724","Chính sách ISO 45001 về An toàn và sức khỏe nghề nghiệp","https://knacert.com.vn/tin-tuc-tieu-chuan/chinh-sach-iso-45001-ve-an-toan-va-suc-khoe-nghe-nghiep/","https://preview.pagedemo.me/60ec13b9ed92520020b9bc56","Tại đây."
"6722","Hướng dẫn thực hiện ISO 45001 cho Doanh Nghiệp","https://knacert.com.vn/cong-cu-cai-tien/huong-dan-thuc-hien-iso-45001-cho-doanh-nghiep/","https://preview.pagedemo.me/60ec13b9ed92520020b9bc56","Tại đây."
"6720","Thuận lợi khi áp dụng ISO 45001:2018 – KNA CERT","https://knacert.com.vn/tin-tuc-tieu-chuan/thuan-loi-khi-ap-dung-iso-450012018-kna-cert/","https://preview.pagedemo.me/60ec13b9ed92520020b9bc56","Tại đây."
"6718","[ISO 45001:2018] Rủi ro OHS là gì? – KNA CERT","https://knacert.com.vn/tin-tuc-tieu-chuan/iso-450012018-rui-ro-ohs-la-gi-kna-cert/","https://preview.pagedemo.me/60ec13b9ed92520020b9bc56","Tại đây."
"6716","Bộ tài liệu ISO 45001 đầy đủ nhất – KNA CERT","https://knacert.com.vn/tin-tuc-tieu-chuan/bo-tai-lieu-iso-45001-day-du-nhat-kna-cert/","https://preview.pagedemo.me/60ec13b9ed92520020b9bc56","Tại đây."
"6714","Sổ tay ISO 45001 – Hướng dẫn quản lý an toàn và sức khỏe nghề nghiệp","https://knacert.com.vn/cong-cu-cai-tien/so-tay-iso-45001-huong-dan-quan-ly-an-toan-va-suc-khoe-nghe-nghiep/","https://preview.pagedemo.me/60ec13b9ed92520020b9bc56","Tại đây."
"6704","Các yêu cầu khi Xác định rủi ro và cơ hội trong ISO 14001","https://knacert.com.vn/tin-tuc-tieu-chuan/cac-yeu-cau-khi-xac-dinh-rui-ro-va-co-hoi-trong-iso-14001/","http://tailieuiso9001.knacert.com.vn/","Tại đây."
"6688","GIỚI THIỆU VỀ TUV AUSTRIA","https://knacert.com.vn/tin-tuc-tieu-chuan/gioi-thieu-ve-tuv-austria/","/tin-tuc-tieu-chuan/chung-nhan-ok-bio-degradable-soil/","tại đây"
"6688","GIỚI THIỆU VỀ TUV AUSTRIA","https://knacert.com.vn/tin-tuc-tieu-chuan/gioi-thieu-ve-tuv-austria/","/tin-tuc-tieu-chuan/chung-nhan-ok-compost-home/","tại đây"
"6683","Xác định rủi ro và cơ hội trong ISO 9001 – KNA CERT","https://knacert.com.vn/tin-tuc-tieu-chuan/xac-dinh-rui-ro-va-co-hoi-trong-iso-9001-kna-cert/","http://tailieuiso9001.knacert.com.vn/","Tại đây."
"6671","Quy trình trao đổi thông tin theo ISO 14001 – KNA CERT","https://knacert.com.vn/cong-cu-cai-tien/quy-trinh-trao-doi-thong-tin-theo-iso-14001-kna-cert/","http://tailieuiso9001.knacert.com.vn/","Tại đây."
"6669","Quy trình ISO 14001 được thực hiện như thế nào – KNA CERT","https://knacert.com.vn/cong-cu-cai-tien/quy-trinh-iso-14001-duoc-thuc-hien-nhu-the-nao-kna-cert/","http://tailieuiso9001.knacert.com.vn/","Tại đây."
"6650","Khó khăn khi áp dụng ISO 14001 – KNA CERT","https://knacert.com.vn/tin-tuc-tieu-chuan/kho-khan-khi-ap-dung-iso-14001-kna-cert/","http://tailieuiso9001.knacert.com.vn/","Tại đây."
"6648","Thuận lợi khi áp dụng ISO 14001 – KNA CERT","https://knacert.com.vn/tin-tuc-tieu-chuan/thuan-loi-khi-ap-dung-iso-14001-kna-cert/","http://tailieuiso9001.knacert.com.vn/","Tại đây."
"6643","Chi Phí Cấp Chứng Nhận ISO 9001 là bao nhiêu? Đơn Vị Chứng Nhận Uy Tín","https://knacert.com.vn/tin-tuc-tieu-chuan/chi-phi-cap-chung-chi-iso-9001-kna-cert/","http://tailieuiso9001.knacert.com.vn/","Tại đây."
"6631","Đánh giá Cấp Chứng Nhận ISO 9001 và ISO 14001 cho Công ty TNHH Nhựa và Cơ Khí Đông Dương","https://knacert.com.vn/khach-hang/danh-gia-cap-chung-nhan-iso-9001-va-iso-14001-cho-cong-ty-tnhh-nhua-va-co-khi-dong-duong/","/chung-chi/search?machungnhan=KAC17%2F02408&amp;ten=","tại đây"
"6631","Đánh giá Cấp Chứng Nhận ISO 9001 và ISO 14001 cho Công ty TNHH Nhựa và Cơ Khí Đông Dương","https://knacert.com.vn/khach-hang/danh-gia-cap-chung-nhan-iso-9001-va-iso-14001-cho-cong-ty-tnhh-nhua-va-co-khi-dong-duong/","/chung-chi/search?machungnhan=KAC17%2F02409&amp;ten=","tại đây"
"6631","Đánh giá Cấp Chứng Nhận ISO 9001 và ISO 14001 cho Công ty TNHH Nhựa và Cơ Khí Đông Dương","https://knacert.com.vn/khach-hang/danh-gia-cap-chung-nhan-iso-9001-va-iso-14001-cho-cong-ty-tnhh-nhua-va-co-khi-dong-duong/","/dao-tao-chung-nhan-iso-90012015","tại đây"
"6623","Các yêu cầu của tiêu chuẩn ISO 14001 – KNA CERT","https://knacert.com.vn/tin-tuc-tieu-chuan/cac-yeu-cau-cua-tieu-chuan-iso-14001-kna-cert/","http://tailieuiso9001.knacert.com.vn/","Tại đây."
"6610","Danh sách tài liệu ISO 14001:2015 bắt buộc","https://knacert.com.vn/tin-tuc-tieu-chuan/danh-sach-tai-lieu-iso-140012015-bat-buoc/","http://tailieuiso9001.knacert.com.vn/","Tại đây."
"6608","Khó khăn khi áp dụng ISO 9001:2015 – KNA CERT","https://knacert.com.vn/tin-tuc-tieu-chuan/kho-khan-khi-ap-dung-iso-90012015-kna-cert/","http://tailieuiso9001.knacert.com.vn/","Tại đây."
"6606","Thuận lợi khi áp dụng ISO 9001:2015 – KNA CERT","https://knacert.com.vn/tin-tuc-tieu-chuan/thuan-loi-khi-ap-dung-iso-90012015-kna-cert/","http://tailieuiso9001.knacert.com.vn/","Tại đây."
"6597","Đánh giá Cấp Chứng Nhận ISO 9001 cho Công Ty TNHH YT Solution Vina","https://knacert.com.vn/khach-hang/danh-gia-cap-chung-nhan-iso-9001-cho-cong-ty-tnhh-yt-solution-vina/","/chung-chi/search?machungnhan=&amp;ten=C%C3%B4ng+ty+TNHH+YT+Solution+Vina","tại đây"
"6597","Đánh giá Cấp Chứng Nhận ISO 9001 cho Công Ty TNHH YT Solution Vina","https://knacert.com.vn/khach-hang/danh-gia-cap-chung-nhan-iso-9001-cho-cong-ty-tnhh-yt-solution-vina/","/dao-tao-chung-nhan-iso-90012015","tại đây"
"6573","Đánh giá Cấp Chứng Nhận ISO 9001 cho Công ty Cổ Phần Mía Đường Lam Sơn","https://knacert.com.vn/khach-hang/danh-gia-cap-chung-nhan-iso-9001-cho-cong-ty-co-phan-mia-duong-lam-son/","/chung-chi/search?machungnhan=KAC21%2F02420&amp;ten=","tại đây"
"6573","Đánh giá Cấp Chứng Nhận ISO 9001 cho Công ty Cổ Phần Mía Đường Lam Sơn","https://knacert.com.vn/khach-hang/danh-gia-cap-chung-nhan-iso-9001-cho-cong-ty-co-phan-mia-duong-lam-son/","/dao-tao-chung-nhan-iso-90012015","tại đây"
"6554","Đánh giá Cấp Chứng Nhận Tích hợp ISO 9001 và 14001 cho Công ty Cổ Phần Green Can","https://knacert.com.vn/khach-hang/danh-gia-cap-chung-nhan-tich-hop-iso-9001-va-14001-cho-cong-ty-co-phan-green-can/","/dao-tao-chung-nhan-iso-90012015","tại đây"
"6524","KNA CERT đánh giá tái chứng nhận và cấp chứng chỉ ISO 9001:2015 cho Công ty Cổ Phần Đầu tư Xây Dựng và Kỹ Thuật 29","https://knacert.com.vn/khach-hang/kna-cert-danh-gia-tai-chung-nhan-va-cap-chung-chi-iso-90012015-cho-cong-ty-co-phan-dau-tu-xay-dung-va-ky-thuat-29/","/dao-tao-chung-nhan-iso-90012015","tại đây"
"6507","KNA CERT đánh giá tái chứng nhận và cấp chứng chỉ ISO 9001:2015 cho Công ty TNHH CNC Vina","https://knacert.com.vn/khach-hang/kna-cert-danh-gia-tai-chung-nhan-va-cap-chung-chi-iso-90012015-cho-cong-ty-tnhh-cnc-vina/","/dao-tao-chung-nhan-iso-90012015","tại đây"
"6497","Tổ chức ISO Quốc Tế ghi nhận thành công của Việt Nam áp dụng ISO 9001","https://knacert.com.vn/tin-tuc-tieu-chuan/to-chuc-iso-quoc-te-ghi-nhan-thanh-cong-cua-viet-nam-ap-dung-iso-9001/","http://tailieuiso9001.knacert.com.vn/","Tại đây."
"6436","Cấp Chứng Nhận ISO 9001:2015 cho Công Ty Cổ Phần Thương Mại và Cơ Khí Việt Hưng","https://knacert.com.vn/khach-hang/cap-chung-nhan-iso-90012015-cho-cong-ty-co-phan-thuong-mai-va-co-khi-viet-hung/","/chung-chi/search?machungnhan=KAC21%2F02414&amp;ten=","tại đây"
"6403","IAF CertSearch Cơ sở dữ liệu Chứng nhận được công nhận Toàn Cầu","https://knacert.com.vn/tin-tuc-tieu-chuan/iaf-certsearch-co-so-du-lieu-chung-nhan-duoc-cong-nhan-toan-cau/","https://www.iafcertsearch.org/certification-body/3704cadc-3fa1-5c88-9813-48b06c1d5f1d","Tại Đây"
"6395","Cấp Chứng Nhận ISO 9001:2015 và ISO 14001:2015 cho Công ty TNHH Sản Xuất &#8211; Thương Mại Di Phong","https://knacert.com.vn/khach-hang/cap-chung-nhan-iso-90012015-va-iso-140012015-cho-cong-ty-tnhh-san-xuat-thuong-mai-di-phong/","/chung-chi/search?machungnhan=KAC21%2F02409&amp;ten=","tại đây"
"6330","Chứng chỉ ISO 14001 Của KNA CERT – Chứng nhận được công nhận toàn cầu","https://knacert.com.vn/tin-tuc-tieu-chuan/chung-chi-iso-14001-cua-kna-cert/","http://tailieuiso9001.knacert.com.vn/","Tại đây."
"6318","Tài Liệu ISO 31000:2018 pdf về Hệ Thống Quản Lý Rủi Ro","https://knacert.com.vn/tin-tuc-tieu-chuan/tai-lieu-iso-310002018-pdf/","https://forms.gle/Nd8mpZXfLGy1nmq48","Tại Đây"
"6284","Cấp Chứng Nhận ISO 9001:2015 cho Công ty TNHH Kỹ Thuật Công Nghệ Lâm Hoàng Minh","https://knacert.com.vn/khach-hang/cap-chung-nhan-iso-90012015-cho-cong-ty-tnhh-ky-thuat-cong-nghe-lam-hoang-minh/","/chung-chi/search?machungnhan=KAC21%2F02400&amp;ten=","tại đây"
"6225","Chứng chỉ ISO 9001 Của KNA CERT – Chứng nhận được công nhận toàn cầu","https://knacert.com.vn/tin-tuc-tieu-chuan/chung-chi-iso-9001-cua-kna-cert-chung-nhan-duoc-cong-nhan-toan-cau/","/cong-cu-cai-tien/iaf-la-gi-vai-tro-cua-iaf-va-cac-thanh-vien-iaf/","Tại đây"
"6216","Công Ty TNHH Innovation Tương Lai Việt Nam Đạt Chứng Nhận ISO 14001:2015","https://knacert.com.vn/khach-hang/cong-ty-tnhh-innovation-tuong-lai-viet-nam-dat-chung-nhan-iso-140012015/","/chung-chi/search?machungnhan=&amp;ten=c%C3%B4ng+ty+TNHH+Innovation+T%C6%B0%C6%A1ng+Lai+Vi%E1%BB%87t+Nam+","Tại Đây"
"6186","12 Nguyên Tắc Của WRAP","https://knacert.com.vn/tin-tuc-tieu-chuan/12-nguyen-tac-cua-wrap/","https://docs.google.com/forms/d/e/1FAIpQLSe8daP2_zhQj0b5yB2GXVMbnHQ8IFR2DomCFKBTToQTuE9JLg/viewform","Tại đây."
"6166","Cấp Chứng Nhận ISO 9001:2015 cho Công ty Cổ Phần Vũ Trụ Việt Nam","https://knacert.com.vn/khach-hang/cap-chung-nhan-iso-90012015-cho-cong-ty-co-phan-vu-tru-viet-nam/","/chung-chi/search?machungnhan=KAC21%2F02399&amp;ten=","tại đây"
"6145","Cấp Chứng Nhận ISO 9001:2015 cho Công ty Cổ Phần Azuma Việt Nam","https://knacert.com.vn/khach-hang/cap-chung-nhan-iso-90012015-cho-cong-ty-co-phan-azuma-viet-nam/","/chung-chi/search?machungnhan=KAC21%2F02404&amp;ten=","tại đây"
"6020","Thực trạng áp dụng bộ tiêu chuẩn SA 8000 tại Việt Nam","https://knacert.com.vn/tin-tuc-tieu-chuan/thuc-trang-ap-dung-bo-tieu-chuan-sa-8000-tai-viet-nam/","https://docs.google.com/forms/d/e/1FAIpQLSe8daP2_zhQj0b5yB2GXVMbnHQ8IFR2DomCFKBTToQTuE9JLg/viewform","Tại đây."
"6018","Những câu hỏi thường gặp về tiêu chuẩn SA8000 ?","https://knacert.com.vn/tin-tuc-tieu-chuan/nhung-cau-hoi-thuong-gap-ve-tieu-chuan-sa8000/","https://docs.google.com/forms/d/e/1FAIpQLSe8daP2_zhQj0b5yB2GXVMbnHQ8IFR2DomCFKBTToQTuE9JLg/viewform","Tại đây."
"6017","Tài liệu Tiêu chuẩn SA 8000:2014 tiếng việt pdf","https://knacert.com.vn/tin-tuc-tieu-chuan/tai-lieu-tieu-chuan-sa-80002014-tieng-viet-pdf/","https://drive.google.com/file/d/19E8k04-Fq7gLDYmjJ9nkVccEBzcHONR6/view?usp=sharing","Tại Đây"
"6017","Tài liệu Tiêu chuẩn SA 8000:2014 tiếng việt pdf","https://knacert.com.vn/tin-tuc-tieu-chuan/tai-lieu-tieu-chuan-sa-80002014-tieng-viet-pdf/","https://docs.google.com/forms/d/e/1FAIpQLSe8daP2_zhQj0b5yB2GXVMbnHQ8IFR2DomCFKBTToQTuE9JLg/viewform","Tại đây."
"6016","Tài liệu Tiêu chuẩn ISO 26000 tiếng Việt pdf","https://knacert.com.vn/tin-tuc-tieu-chuan/tai-lieu-tieu-chuan-iso-26000-tieng-viet-pdf/","https://forms.gle/Nd8mpZXfLGy1nmq48","Tại Đây"
"5954","Thực trạng Trách Nhiệm Xã Hội của Doanh Nghiệp (CSR) tại Việt Nam","https://knacert.com.vn/tin-tuc-tieu-chuan/thuc-trang-trach-nhiem-xa-hoi-cua-doanh-nghiep-csr-tai-viet-nam/","https://docs.google.com/forms/d/e/1FAIpQLSe8daP2_zhQj0b5yB2GXVMbnHQ8IFR2DomCFKBTToQTuE9JLg/viewform","Tại đây."
"5921","Tài liệu tiêu chuẩn GMP &#8211; Hướng dẫn thực hành tốt sản xuất thuốc","https://knacert.com.vn/cong-cu-cai-tien/tai-lieu-tieu-chuan-gmp-pdf/","https://drive.google.com/file/d/1AsTu-1wJ_Ak7b_WZRqo63zyjEb4bthzT/view","Tại Đây"
"5883","Việt Nam có một bước tiến lớn đối với rừng được chứng nhận thông qua sự Công Nhận của PEFC","https://knacert.com.vn/tin-tuc-tieu-chuan/viet-nam-co-mot-buoc-tien-lon-doi-voi-rung-duoc-chung-nhan-thong-qua-su-cong-nhan-cua-pefc/","https://www.pefc.org/news/vietnam-takes-a-big-step-towards-certified-forests-through-pefc-endorsement","tại đây"
"5828","ISO 9001:2015 PDF &#8211; Tài liệu ISO 9001 phiên bản 2015 PDF","https://knacert.com.vn/tin-tuc-tieu-chuan/tai-lieu-iso-90012015-pdf/","https://forms.gle/Nd8mpZXfLGy1nmq48","Tại Đây"
"5797","Checklist đánh giá nội bộ ISO 14001:2015","https://knacert.com.vn/tin-tuc-tieu-chuan/checklist-danh-gia-noi-bo-iso-140012015/","http://tailieuiso9001.knacert.com.vn/","Tại đây."
"5711","Tiêu chuẩn C-TPAT là gì ?  Những nội dung cập nhật mới","https://knacert.com.vn/tin-tuc-tieu-chuan/tieu-chuan-c-tpat-va-nhung-noi-dung-cap-nhat-moi/","https://docs.google.com/forms/d/e/1FAIpQLSe8daP2_zhQj0b5yB2GXVMbnHQ8IFR2DomCFKBTToQTuE9JLg/viewform","Tại đây."
"5675","Tài liệu ISO 13485:2016 PDF &#8211; Hệ Thống Quản Lý Trang Thiết Bị Y Tế","https://knacert.com.vn/tin-tuc-tieu-chuan/tai-lieu-iso-134852016-pdf/","https://forms.gle/Nd8mpZXfLGy1nmq48","Tại Đây"
"5634","Tăng hiệu quả, chất lượng công việc của người lao động nhờ áp dụng ISO 9001","https://knacert.com.vn/tin-tuc-tieu-chuan/tang-hieu-qua-chat-luong-cong-viec-cua-nguoi-lao-dong-nho-ap-dung-iso-9001/","/dao-tao-chung-nhan-iso-90012015","chứng nhận ISO 9001:2015 thì bộ tài liệu sau rất cần thiết cho anh chị tìm hiểu và áp dụng ISO 9001: danh mục tài liệu, quy trình thủ tục, hệ thống biểu mẫu. KNA gửi tặng anh chị: Tại đây."
"5611","Thành công tại các địa phương sau khi áp dụng hệ thống quản lý chất lượng ISO 9001: 2015","https://knacert.com.vn/tin-tuc-tieu-chuan/thanh-cong-tai-cac-dia-phuong-sau-khi-ap-dung-he-thong-quan-ly-chat-luong-iso-9001-2015/","/dao-tao-chung-nhan-iso-90012015","chứng nhận ISO 9001:2015 thì bộ tài liệu sau rất cần thiết cho anh chị tìm hiểu và áp dụng ISO 9001: danh mục tài liệu, quy trình thủ tục, hệ thống biểu mẫu. KNA gửi tặng anh chị: Tại đây."
"5583","Tiêu chuẩn ISO 22000 pdf &#8211; Tiêu chuẩn ISO về vệ sinh an toàn thực phẩm","https://knacert.com.vn/tin-tuc-tieu-chuan/tieu-chuan-iso-22000-pdf/","https://forms.gle/Nd8mpZXfLGy1nmq48","tại đây"
"5575","ISO 45001:2018 là gì ?  Cấp Chứng Chỉ ISO 45001 Toàn Quốc","https://knacert.com.vn/tin-tuc-tieu-chuan/tieu-chuan-iso-450012018-la-gi/","https://preview.pagedemo.me/60ec13b9ed92520020b9bc56","Tại đây."
"5567","Giải pháp tăng năng suất lao động nhờ hệ thống quản lý chất lượng ISO 9001: 2015","https://knacert.com.vn/tin-tuc-tieu-chuan/giai-phap-tang-nang-suat-lao-dong-nho-he-thong-quan-ly-chat-luong-iso-9001-2015/","http://tailieuiso9001.knacert.com.vn/","Tại đây."
"5566","Tài liệu ISO 14001 PDF &#8211; Hệ Thống Quản Lý Môi Trường và các yêu cầu","https://knacert.com.vn/tin-tuc-tieu-chuan/tai-lieu-iso-14001-pdf/","https://forms.gle/Nd8mpZXfLGy1nmq48","Tại Đây"
"5555","Các bước Xây dựng và Chứng nhận hệ thống quản lý môi trường theo ISO 14001:2015","https://knacert.com.vn/cong-cu-cai-tien/cac-buoc-xay-dung-va-chung-nhan-he-thong-quan-ly-moi-truong-theo-iso-140012015/","http://tailieuiso9001.knacert.com.vn/","Tại đây."
"5549","So sánh ISO 9001 và ISO 22000","https://knacert.com.vn/tin-tuc-tieu-chuan/so-sanh-iso-9001-va-iso-22000/","/dao-tao-chung-nhan-iso-90012015","chứng nhận ISO 9001:2015 thì bộ tài liệu sau rất cần thiết cho anh chị tìm hiểu và áp dụng ISO 9001: danh mục tài liệu, quy trình thủ tục, hệ thống biểu mẫu. KNA gửi tặng anh chị: Tại đây."
"5457","Tiêu chuẩn ISO/IEC 17025:2017 pdf – Hệ thống quản lý phòng thí nghiệm","https://knacert.com.vn/tin-tuc-tieu-chuan/tieu-chuan-isoiec-170252017-pdf/","https://forms.gle/Nd8mpZXfLGy1nmq48","Tại Đây"
"5439","Tiêu chuẩn ISO 45001 pdf &#8211; Hệ thống quản lý an toàn và sức khỏe nghề nghiệp","https://knacert.com.vn/tin-tuc-tieu-chuan/tieu-chuan-iso-45001-pdf/","https://forms.gle/Nd8mpZXfLGy1nmq48","Tại Đây"
"5438","Tiêu chuẩn HACCP pdf &#8211; Hệ thống quản lý chất lượng an toàn thực phẩm","https://knacert.com.vn/tin-tuc-tieu-chuan/tieu-chuan-haccp-pdf/","https://forms.gle/Nd8mpZXfLGy1nmq48","Tại đây"
"5257","Sự khác nhau giữa đánh giá SEDEX và BSCI là gì?","https://knacert.com.vn/tin-tuc-tieu-chuan/su-khac-nhau-giua-danh-gia-sedex-va-bsci-la-gi/","https://docs.google.com/forms/d/e/1FAIpQLSe8daP2_zhQj0b5yB2GXVMbnHQ8IFR2DomCFKBTToQTuE9JLg/viewform","Tại đây."
"5130","Hướng dẫn triển khai áp dụng phương pháp 5S tại Doanh Nghiệp (Phần 3)","https://knacert.com.vn/cong-cu-cai-tien/huong-dan-trien-khai-ap-dung-phuong-phap-5s-tai-doanh-nghiep-phan-3/","/dao-tao-thuc-hanh-5s","tại đây"
"5052","Các quy định về giờ làm việc, quyền thương lượng tập thể trong Đánh giá BSCI là gì?","https://knacert.com.vn/tin-tuc-tieu-chuan/cac-quy-dinh-ve-gio-lam-viec-quyen-thuong-luong-tap-the-trong-danh-gia-bsci-la-gi/","https://docs.google.com/forms/d/e/1FAIpQLSe8daP2_zhQj0b5yB2GXVMbnHQ8IFR2DomCFKBTToQTuE9JLg/viewform","Tại đây."
"5041","7 Vấn đề về lao động trong tiêu chuẩn EICC-RBA","https://knacert.com.vn/tin-tuc-tieu-chuan/7-van-de-ve-lao-dong-trong-tieu-chuan-eicc-rba/","https://docs.google.com/forms/d/e/1FAIpQLSe8daP2_zhQj0b5yB2GXVMbnHQ8IFR2DomCFKBTToQTuE9JLg/viewform","Tại đây."
"4880","Công Ty CP Dược Trung Ương MEDIPLANTEX: Kết quả bất ngờ sau khi triển khai áp dụng 5S","https://knacert.com.vn/khach-hang/cong-ty-cp-duoc-trung-uong-mediplantex-ket-qua-bat-ngo-sau-khi-trien-khai-ap-dung-5s/","/dao-tao-thuc-hanh-5s","Tại đây"
"4745","Thông điệp Ngày Tiêu chuẩn Thế giới 14-10-2020","https://knacert.com.vn/tin-tuc-tieu-chuan/thong-diep-ngay-tieu-chuan-the-gioi-14-10-2020/","https://drive.google.com/file/d/1W1E8vkEtJ7X3PkRRIN1dWVOvG3ewvVmI/view","tại đây"
"4663","Thay đổi bộ mặt đơn vị hành chính nhờ áp dụng ISO 9001:2015","https://knacert.com.vn/tin-tuc-tieu-chuan/thay-doi-bo-mat-don-vi-hanh-chinh-nho-ap-dung-iso-90012015/","http://tailieuiso9001.knacert.com.vn/","Tại đây."
"4658","Chứng Nhận ISO 14001:2015 Theo Yêu Cầu của Nghị định số 40/2019/NĐ-CP","https://knacert.com.vn/tin-tuc-tieu-chuan/chung-nhan-iso-140012015-theo-yeu-cau-cua-nghi-dinh-so-402019nd-cp/","https://preview.pagedemo.me/60ebb4d7ed92520020aae0ab","Tại đây."
"4557","Khóa học đào tạo chuyên sâu về CSR tại Hồ Chí Minh ngày 11-12/07/2020","https://knacert.com.vn/tin-tuc-nganh-nghe/khoa-hoc-dao-tao-chuyen-sau-ve-csr-tai-ho-chi-minh-ngay-11-12072020/","/hinh-anh-hoat-dong/lich-dao-tao-public-nam-2020-kna-cert/","TẠI ĐÂY"
"4525","Tại sao áp dụng ISO 9001 giúp Doanh Nghiệp giảm thiểu chi phí ?","https://knacert.com.vn/phat-trien-ben-vung/tai-sao-ap-dung-iso-9001-giup-doanh-nghiep-giam-thieu-chi-phi/","http://tailieuiso9001.knacert.com.vn/","Tại đây."
"4145","Các hướng dẫn Trách Nhiệm Xã Hội của chứng nhận GRS","https://knacert.com.vn/cong-cu-cai-tien/cac-huong-dan-trach-nhiem-xa-hoi-cua-chung-nhan-grs/","https://docs.google.com/forms/d/e/1FAIpQLSe8daP2_zhQj0b5yB2GXVMbnHQ8IFR2DomCFKBTToQTuE9JLg/viewform","Tại đây."
"3973","Tổ chức của bạn có đủ điều kiện cho C-TPAT ?","https://knacert.com.vn/tin-tuc-tieu-chuan/to-chuc-cua-ban-co-du-dieu-kien-cho-c-tpat/","https://docs.google.com/forms/d/e/1FAIpQLSe8daP2_zhQj0b5yB2GXVMbnHQ8IFR2DomCFKBTToQTuE9JLg/viewform","Tại đây."
"3779","Tập đoàn LEGO tham gia Chương trình Đồ chơi Đạo đức ICTI","https://knacert.com.vn/tin-tuc-tieu-chuan/tap-doan-lego-tham-gia-chuong-trinh-do-choi-dao-duc-icti/","https://www.ethicaltoyprogram.org/en/brands-and-retailers/","tại đây"
"3418","GLOBALG.AP: ra mắt chuỗi hành trình sản phẩm v.6","https://knacert.com.vn/tin-tuc-tieu-chuan/globalgap-ra-mat-chuoi-hanh-trinh-san-pham-v6/","https://www.globalgap.org/uk_en/for-producers/globalg.a.p./coc/index.html","Xem tại đây"
"3384","Hướng doanh nghiệp xây dựng mô hình quản lí bền vững với ISO 27501","https://knacert.com.vn/tin-tuc-tieu-chuan/huong-doanh-nghiep-xay-dung-mo-hinh-quan-li-ben-vung-voi-iso-27501/","https://forms.gle/JayprDgjaK8YX7Z99","Tại đây"
"24389","Quy trình ISO là gì? 10 bước áp dụng ISO 9001 vào trong doanh nghiệp","https://knacert.com.vn/tin-tuc-tieu-chuan/quy-trinh-iso-la-gi-ap-dung-iso-9001-vao-trong-doanh-nghiep/","http://tailieuiso9001.knacert.com.vn/","Tại đây."
"24316","QMS là gì? Hệ thống quản lý chất lượng ISO 9001 là gì ?","https://knacert.com.vn/tin-tuc-tieu-chuan/qms-la-gi-iso-9001-va-cac-he-thong-quan-ly-chat-luong/","http://tailieuiso9001.knacert.com.vn/","Tại đây."
"3220","10 lợi ích tuyệt vời mà ISO 45001 đem lại cho công việc kinh doanh của bạn.","https://knacert.com.vn/tin-tuc-tieu-chuan/10-loi-ich-tuyet-voi-ma-iso-45001-dem-lai-cho-cong-viec-kinh-doanh-cua-ban/","https://preview.pagedemo.me/60ec13b9ed92520020b9bc56","Tại đây."
"3208","Những Câu Hỏi Thường Gặp Về CE MARKING (Phần 2)","https://knacert.com.vn/phat-trien-ben-vung/nhung-cau-hoi-thuong-gap-ve-ce-marking-phan-2/","/","KNA Cert gửi tặng anh chị: Tại đây"
"3142","Hà Tĩnh ap dụng Hệ thống quản lý chất lượng theo TCVN ISO 9001 cho174 cơ quan","https://knacert.com.vn/tin-tuc-tieu-chuan/ha-tinh-ap-dung-he-thong-quan-ly-chat-luong-theo-tcvn-iso-9001-cho174-co-quan/","http://tailieuiso9001.knacert.com.vn/","Tại đây."
"3119","Lí do ban hành tiêu chuẩn ISO 45001:2018","https://knacert.com.vn/tin-tuc-tieu-chuan/li-do-ban-hanh-tieu-chuan-iso-450012018/","https://preview.pagedemo.me/60ec13b9ed92520020b9bc56","Tại đây."
"3064","Những lưu ý khi đánh dấu CE cho Sản Phẩm","https://knacert.com.vn/tin-tuc-tieu-chuan/nhung-luu-y-khi-danh-dau-ce-cho-san-pham/","https://forms.gle/JayprDgjaK8YX7Z99","Tại đây"
"3041","Những câu hỏi về hợp quy may mặc theo Thông tư  21/2017/TT-BCT","https://knacert.com.vn/phat-trien-ben-vung/nhung-cau-hoi-ve-hop-quy-may-mac-theo-thong-tu-212017tt-bct/","https://docs.google.com/forms/d/e/1FAIpQLSeBs1lSrzGSjPejJe4kj2yMlzeI4yPDHQ5MZLs62mlidQ-N6A/viewform","Tại đây"
"2982","Những câu hỏi thường gặp về CE MARKING","https://knacert.com.vn/phat-trien-ben-vung/nhung-cau-hoi-thuong-gap-ve-ce-marking/","https://forms.gle/JayprDgjaK8YX7Z99","Tại đây"
"24458","Nhiều Doanh Nghiệp Việt áp dụng thành công tiêu chuẩn ISO 45001:2018","https://knacert.com.vn/tin-tuc-nganh-nghe/nhieu-doanh-nghiep-viet-ap-dung-thanh-cong-tieu-chuan-iso-450012018/","https://preview.pagedemo.me/60ec13b9ed92520020b9bc56","Tại đây."
"2877","Câu hỏi cần biết về tiêu chuẩn ISO 45001","https://knacert.com.vn/phat-trien-ben-vung/cau-hoi-can-biet-ve-tieu-chuan-iso-45001/","https://preview.pagedemo.me/60ec13b9ed92520020b9bc56","Tại đây."
"2846","Xu hướng áp dụng C-TPAT cho Doanh Nghiệp Dịch Vụ Bảo Vệ","https://knacert.com.vn/tin-tuc-tieu-chuan/xu-huong-dao-tao-c-tpat-cho-doanh-nghiep-dich-vu-bao-ve/","https://docs.google.com/forms/d/e/1FAIpQLSe8daP2_zhQj0b5yB2GXVMbnHQ8IFR2DomCFKBTToQTuE9JLg/viewform","Tại đây."
"24398","Khóa đào tạo ISO 14001:2015 – Nhận thức và đánh giá viên nội bộ theo ISO 14001:2015","https://knacert.com.vn/tin-tuc-tieu-chuan/khoa-dao-tao-iso-140012015/","https://drive.google.com/file/d/1LQCPSJpOpBYAjM0_oKFBUn6lpY4djmep/view","Tại Đây"
"2801","KHOÁ HỌC NHẬN THỨC VÀ ĐÁNH GIÁ NỘI BỘ TÍCH HỢP VỀ THỰC PHẨM (HACCP, ISO 22000)","https://knacert.com.vn/su-kien-va-chuong-trinh/khoa-hoc-nhan-thuc-va-danh-gia-noi-bo-tich-hop-ve-thuc-pham-haccp-iso-22000-brc/","https://drive.google.com/file/d/1LQCPSJpOpBYAjM0_oKFBUn6lpY4djmep/view","Tại Đây"
"2728","Nhiều đơn vị Việt Nam đạt chứng nhận ISO 45001:2018","https://knacert.com.vn/tin-tuc-tieu-chuan/nhieu-don-vi-viet-nam-dat-chung-nhan-iso-450012018/","https://preview.pagedemo.me/60ec13b9ed92520020b9bc56","Tại đây."
"2723","Sự khác biệt chính của ISO 45001:2018 và OHSAS 18001","https://knacert.com.vn/tin-tuc-tieu-chuan/su-khac-biet-chinh-cua-iso-450012018-va-ohsas-18001/","https://preview.pagedemo.me/60ec13b9ed92520020b9bc56","Tại đây."
"2634","Chứng nhận tiêu chuẩn Organic cho Doanh Nghiệp","https://knacert.com.vn/tin-tuc-tieu-chuan/chung-nhan-tieu-chuan-organic-co-doanh-nghiep/","https://forms.gle/JayprDgjaK8YX7Z99","Tại đây"
"2632","Tiêu chuẩn FSSC 22000 phiên bản 4.1 có gì mới?","https://knacert.com.vn/tin-tuc-tieu-chuan/tieu-chuan-fssc-22000-phien-ban-41-co-gi-moi/","https://forms.gle/JayprDgjaK8YX7Z99","Tại đây"
"2592","Những câu hỏi về tiêu chuẩn Dệt may Hữu cơ Toàn cầu GOTS","https://knacert.com.vn/tin-tuc-tieu-chuan/nhung-cau-hoi-ve-tieu-chuan-det-may-huu-co-toan-cau-gots/","https://forms.gle/FymJZXDpGBgv7srd9","Tại đây"
"2578","Những Câu Hỏi Thường Gặp về Chứng Nhận FSSC 22000","https://knacert.com.vn/tin-tuc-tieu-chuan/nhung-cau-hoi-thuong-gap-ve-chung-nhan-fssc-22000/","https://forms.gle/JayprDgjaK8YX7Z99","Tại đây"
"24501","Các bước Xây dựng Hệ thống Quản lý Chất lượng theo ISO 22000","https://knacert.com.vn/cong-cu-cai-tien/xay-dung-he-thong-quan-ly-chat-luong-theo-tieu-chuan-iso-22000-bang-cac-buoc-co-ban/","https://forms.gle/JayprDgjaK8YX7Z99","Tại đây"
"2428","Nên lựa chọn tiêu chuẩn GAP hay tiêu chuẩn BRC","https://knacert.com.vn/tin-tuc-tieu-chuan/nen-lua-chon-tieu-chuan-gap-hay-tieu-chuan-brc/","https://forms.gle/JayprDgjaK8YX7Z99","Tại đây"
"2344","Lợi ích khi thực hiện trách nhiệm xã hội của Doanh Nghiệp","https://knacert.com.vn/tin-tuc-tieu-chuan/loi-ich-khi-thuc-hien-trach-nhiem-xa-hoi-cua-doanh-nghiep/","https://forms.gle/FymJZXDpGBgv7srd9","Tại đây"
"2287","Đáp ứng nhu cầu về chất lượng: Chứng nhận IATF 16949 phiên bản mới","https://knacert.com.vn/tin-tuc-tieu-chuan/dap-ung-nhu-cau-ve-chat-luong-chung-nhan-iatf-16949-phien-ban-moi/","https://forms.gle/JayprDgjaK8YX7Z99","Tại đây"
"2258","YÊU CẦU, THAY ĐỔI MỚI CỦA BRC FOOD ISSUE 8  PHÁT HÀNH 01-08-2018","https://knacert.com.vn/tin-tuc-tieu-chuan/yeu-cau-thay-doi-moi-cua-brc-food-issue-8-phat-hanh-01-08-2018/","https://forms.gle/JayprDgjaK8YX7Z99","Tại đây"
"2188","Đánh giá GRS &#8211; Tiêu chuẩn tái chế toàn cầu quan trọng cho ngành dệt may hiện nay","https://knacert.com.vn/tin-tuc-nganh-nghe/tu-van-grs-tieu-chuan-tai-che-toan-cau-quan-trong-cho-nganh-det-may-hien-nay/","/hinh-anh-hoat-dong/dao-tao-nhan-thuc-tieu-chuan-grs-cho-cong-ty-tnhh-dk-vina/","tại đây"
"2172","Đánh giá WCA cho Doanh Nghiệp sản xuất đồ chơi, quà tặng, dệt may, sản phẩm điện tử đồ gia dụng","https://knacert.com.vn/tin-tuc-tieu-chuan/danh-gia-wca-cho-doanh-nghiep-san-xuat-do-choi-qua-tang-det-may-san-pham-dien-tu-do-gia-dung/","https://forms.gle/FymJZXDpGBgv7srd9","Tại đây"
"2167","Những điều bạn cần biết về IATF 16949:2016","https://knacert.com.vn/tin-tuc-tieu-chuan/nhung-dieu-ban-can-biet-ve-iatf-169492016/","https://forms.gle/JayprDgjaK8YX7Z99","Tại đây"
"2068","Sự khác biệt giữa Tiêu chuẩn ISO 45001 và OHSAS 18001","https://knacert.com.vn/tin-tuc-tieu-chuan/su-khac-biet-giua-tieu-chuan-iso-45001-va-ohsas-18001/","/tu-van-iso-450012018-he-thong-quan-ly-an-toan-va-suc-khoe-nghe-nghiep","chứng nhận ISO 45001:2018 thì bộ tài liệu sau rất cần thiết cho anh chị tìm hiểu và áp dụng ISO 45001: danh mục tài liệu, quy trình thủ tục, hệ thống biểu mẫu. KNA gửi tặng anh chị: Tại đây."
"1941","5 yếu tố cần thiết cho sự thành công của hệ thống ISO 14001","https://knacert.com.vn/tin-tuc-tieu-chuan/5-yeu-to-can-thiet-cho-su-thanh-cong-cua-he-thong-iso-14001/","https://forms.gle/JayprDgjaK8YX7Z99","Tại đây"
"1939","Để làm Tiêu chuẩn ISO 14001:2015 cần thời gian bao lâu ?","https://knacert.com.vn/phat-trien-ben-vung/de-lam-tieu-chuan-iso-140012015-can-thoi-gian-bao-lau/","https://knacert.com.vn/","KNA gửi tặng anh chị: Tại đây"
"1938","Câu hỏi về Hệ Thống Quản Lý Môi Trường ISO 14001","https://knacert.com.vn/phat-trien-ben-vung/cau-hoi-ve-he-thong-quan-ly-moi-truong-iso-14001/","https://preview.pagedemo.me/60ebb4d7ed92520020aae0ab","Tại đây."
"1921","Chứng nhận IATF 16949: 2016 &#8211; Các Câu Hỏi Thường Gặp","https://knacert.com.vn/phat-trien-ben-vung/chung-nhan-iatf-16949-2016-cac-cau-hoi-thuong-gap/","https://forms.gle/JayprDgjaK8YX7Z99","Tại đây"
"1881","Câu hỏi thường gặp về C-TPAT 9 (P2)","https://knacert.com.vn/phat-trien-ben-vung/cau-hoi-thuong-gap-ve-c-tpat-9-p2/","https://docs.google.com/forms/d/e/1FAIpQLSe8daP2_zhQj0b5yB2GXVMbnHQ8IFR2DomCFKBTToQTuE9JLg/viewform","Tại đây."
"1876","Tiêu chuẩn ISO 22000 ‘bệ đỡ’ cho sản phẩm thực phẩm an toàn, chất lượng","https://knacert.com.vn/tin-tuc-tieu-chuan/tieu-chuan-iso-22000-be-do-cho-san-pham-thuc-pham-an-toan-chat-luong/","https://forms.gle/JayprDgjaK8YX7Z99","Tại đây"
"1860","Chứng Nhận FSSC 22000 cho Doanh Nghiệp sản xuất bao bì thực phẩm","https://knacert.com.vn/tin-tuc-tieu-chuan/chung-nhan-fssc-22000-cho-doanh-nghiep-san-xuat-bao-bi-thuc-pham/","https://forms.gle/JayprDgjaK8YX7Z99","Tại đây"
"1853","Chương trình an ninh chuỗi cung ứng: Tác động tích cực cho người gửi hàng","https://knacert.com.vn/tin-tuc-tieu-chuan/chuong-trinh-an-ninh-chuoi-cung-ung-tac-dong-tich-cuc-cho-nguoi-gui-hang/","https://forms.gle/FymJZXDpGBgv7srd9","Tại đây"
"1817","10 Câu Hỏi Thường Gặp Trong Quá Trình Chứng Nhận FSSC 22000","https://knacert.com.vn/phat-trien-ben-vung/10-cau-hoi-thuong-gap-trong-qua-trinh-tu-van-chung-nhan-fssc-22000/","https://forms.gle/JayprDgjaK8YX7Z99","Tại đây"
"1786","Độc đáo nét ăn uống kỹ tính như người Do Thái","https://knacert.com.vn/tin-tuc-tieu-chuan/doc-dao-net-an-uong-ky-tinh-nhu-nguoi-do-thai/","/dich-vu-chung-nhan/dao-tao-va-chung-nhan-kosher","tại đây"
"1764","Giấy chứng nhận Kosher mở rộng thị trường tiềm năng","https://knacert.com.vn/tin-tuc-tieu-chuan/giay-chung-nhan-kosher-mo-rong-thi-truong-tiem-nang/","https://forms.gle/FymJZXDpGBgv7srd9","Tại đây"
"1698","Miễn chứng nhận hợp quy cho sơn Epoxy, sơn Alkyd","https://knacert.com.vn/tin-tuc-tieu-chuan/mien-chung-nhan-hop-quy-cho-son-epoxy-son-alkyd/","https://forms.gle/JayprDgjaK8YX7Z99","Tại đây"
"1697","Câu hỏi thường gặp về tiêu chuẩn C-TPAT","https://knacert.com.vn/phat-trien-ben-vung/cau-hoi-thuong-gap-ve-tieu-chuan-c-tpat/","https://docs.google.com/forms/d/e/1FAIpQLSe8daP2_zhQj0b5yB2GXVMbnHQ8IFR2DomCFKBTToQTuE9JLg/viewform","Tại đây."
"1636","Quy trình cấp chứng nhận thực phẩm hữu cơ của USDA","https://knacert.com.vn/cong-cu-cai-tien/quy-trinh-cap-chung-nhan-thuc-pham-huu-co-cua-usda/","/contact","Tại đây"
"1635","Tổ chức nào đánh giá &#8211; chứng nhận Organic uy tín nhất ?","https://knacert.com.vn/phat-trien-ben-vung/to-chuc-nao-dao-tao-chung-nhan-organic-uy-tin-nhat/","/tin-tuc-tieu-chuan/mot-so-loai-chung-nhan-huu-co-organic-noi-tieng-tren-the-gioi/","tại đây"
"1611","Thủy điện Văn Chấn: Kết quả từ việc triển khai áp dụng 5S","https://knacert.com.vn/cong-cu-cai-tien/thuy-dien-van-chan-ket-qua-tu-viec-trien-khai-ap-dung-5s/","/dao-tao-thuc-hanh-5s","Tại đây"
"1496","Một số loại chứng nhận hữu cơ ( Organic ) nổi tiếng trên thế giới.","https://knacert.com.vn/tin-tuc-tieu-chuan/mot-so-loai-chung-nhan-huu-co-organic-noi-tieng-tren-the-gioi/","https://forms.gle/JayprDgjaK8YX7Z99","Tại đây"
"1455","Dời thời gian thực hiện chứng nhận hợp quy sản phẩm dệt may cho doanh nghiệp may mặc","https://knacert.com.vn/tin-tuc-tieu-chuan/doi-thoi-gian-thuc-hien-chung-nhan-hop-quy-san-pham-det-may-cho-doanh-nghiep-may-mac/","https://docs.google.com/forms/d/e/1FAIpQLSeBs1lSrzGSjPejJe4kj2yMlzeI4yPDHQ5MZLs62mlidQ-N6A/viewform","Tại đây"
"1451","5S và Kaizen: Đòn bẩy tăng năng suất lao động","https://knacert.com.vn/cong-cu-cai-tien/5s-va-kaizen-don-bay-tang-nang-suat-lao-dong/","/dao-tao-thuc-hanh-kaizen","tại đây"
"1436","Những yêu cầu cơ bản về thực phẩm theo chuẩn Kosher","https://knacert.com.vn/phat-trien-ben-vung/nhung-yeu-cau-co-ban-ve-thuc-pham-theo-chuan-kosher/","https://forms.gle/FymJZXDpGBgv7srd9","Tại đây"
"1427","An toàn vệ sinh lao động khi làm việc trong điều kiện thiếu dưỡng khí","https://knacert.com.vn/tin-tuc-tieu-chuan/an-toan-ve-sinh-lao-dong-khi-lam-viec-trong-dieu-kien-thieu-duong-khi/","https://bit.ly/2MRCged","tại đây"
"1372","10 Lý do tại sao các tổ chức cần chứng nhận ISO 14001:2015","https://knacert.com.vn/phat-trien-ben-vung/10-ly-do-tai-sao-cac-to-chuc-can-chung-nhan-iso-140012015/","https://forms.gle/JayprDgjaK8YX7Z99","Tại đây"
"1372","10 Lý do tại sao các tổ chức cần chứng nhận ISO 14001:2015","https://knacert.com.vn/phat-trien-ben-vung/10-ly-do-tai-sao-cac-to-chuc-can-chung-nhan-iso-140012015/","https://preview.pagedemo.me/60ebb4d7ed92520020aae0ab","Tại đây."
"1346","Muốn trở thành thành viên của sedex cần làm những gì","https://knacert.com.vn/phat-trien-ben-vung/muon-tro-thanh-thanh-vien-cua-sedex-can-lam-nhung-gi/","https://forms.gle/FymJZXDpGBgv7srd9","Tại đây"
"1346","Muốn trở thành thành viên của sedex cần làm những gì","https://knacert.com.vn/phat-trien-ben-vung/muon-tro-thanh-thanh-vien-cua-sedex-can-lam-nhung-gi/","https://docs.google.com/forms/d/e/1FAIpQLSe8daP2_zhQj0b5yB2GXVMbnHQ8IFR2DomCFKBTToQTuE9JLg/viewform","Tại đây."
"1338","Đào tạo, hướng dẫn áp dụng và đánh giá nội bộ tiêu chuẩn EICC (RBA)","https://knacert.com.vn/su-kien-va-chuong-trinh/dao-tao-huong-dan-ap-dung-va-danh-gia-noi-bo-tieu-chuan-eicc-rba/","https://docs.google.com/forms/d/e/1FAIpQLSe8daP2_zhQj0b5yB2GXVMbnHQ8IFR2DomCFKBTToQTuE9JLg/viewform","Tại đây."
"1336","Sự khác nhau giữa ISO 9000 và tiêu chuẩn TQM","https://knacert.com.vn/phat-trien-ben-vung/su-khac-nhau-giua-iso-9000-va-tieu-chuan-tqm/","/quan-ly-chat-luong-toan-dien-tqm","Tại đây"
"1322","Chứng chỉ ISO 9001:2015 có hiệu lực trong bao lâu ?","https://knacert.com.vn/phat-trien-ben-vung/chung-chi-iso-90012015-co-hieu-luc-trong-bao-lau/","http://tailieuiso9001.knacert.com.vn/","Tại đây."
"1308","Tổ chức nào đánh giá &#8211; chứng nhận WRAP uy tín ?","https://knacert.com.vn/phat-trien-ben-vung/to-chuc-nao-tu-van-dao-tao-wrap-uy-tin/","/tin-tuc-nganh-nghe/kna-cert-dao-tao-wrap-cho-cong-ty-co-phan-may-van-phu-dat-hang-gold/","xem tại đây"
"1308","Tổ chức nào đánh giá &#8211; chứng nhận WRAP uy tín ?","https://knacert.com.vn/phat-trien-ben-vung/to-chuc-nao-tu-van-dao-tao-wrap-uy-tin/","https://docs.google.com/forms/d/e/1FAIpQLSe8daP2_zhQj0b5yB2GXVMbnHQ8IFR2DomCFKBTToQTuE9JLg/viewform","Tại đây."
"1288","EICC trở thành RBA &#8211; Liên minh các doanh nghiệp kinh doanh có trách nhiệm","https://knacert.com.vn/tin-tuc-tieu-chuan/eicc-tro-thanh-rba-lien-minh-cac-doanh-nghiep-kinh-doanh-co-trach-nhiem/","https://docs.google.com/forms/d/e/1FAIpQLSe8daP2_zhQj0b5yB2GXVMbnHQ8IFR2DomCFKBTToQTuE9JLg/viewform","Tại đây."
"1280","Một số câu hỏi thường gặp về Sedex &#8211; Smeta về trách nhiệm xã hội","https://knacert.com.vn/phat-trien-ben-vung/mot-so-cau-hoi-thuong-gap-ve-sedex-smeta-ve-trach-nhiem-xa-hoi/","https://forms.gle/FymJZXDpGBgv7srd9","Tại đây"
"1280","Một số câu hỏi thường gặp về Sedex &#8211; Smeta về trách nhiệm xã hội","https://knacert.com.vn/phat-trien-ben-vung/mot-so-cau-hoi-thuong-gap-ve-sedex-smeta-ve-trach-nhiem-xa-hoi/","https://docs.google.com/forms/d/e/1FAIpQLSe8daP2_zhQj0b5yB2GXVMbnHQ8IFR2DomCFKBTToQTuE9JLg/viewform","Tại đây."
"1277","List câu hỏi về HACCP &#8211; Hệ Thống Quản Lý An Toàn Thực Phẩm","https://knacert.com.vn/phat-trien-ben-vung/list-cau-hoi-ve-haccp-he-thong-quan-ly-an-toan-thuc-pham/","/","KNA gửi tặng anh chị: Tại đây"
"1254","15 câu hỏi chính liên quan đến phiên bản mới tiêu chuẩn ISO 9001 và 14001 năm 2015","https://knacert.com.vn/phat-trien-ben-vung/15-cau-hoi-chinh-lien-quan-den-phien-ban-moi-tieu-chuan-iso-9001-va-14001-nam-2015/","http://tailieuiso9001.knacert.com.vn/","Tại đây."
"1252","CÁC CÂU HỎI THƯỜNG GẶP VỀ ISO 9001","https://knacert.com.vn/phat-trien-ben-vung/cac-cau-hoi-thuong-gap-ve-iso-9001/","http://tailieuiso9001.knacert.com.vn/","Tại đây."
"1247","ISO 14001:2015: Chìa khóa hội nhập cho doanh nghiệp Việt","https://knacert.com.vn/tin-tuc-tieu-chuan/iso-140012015-chia-khoa-hoi-nhap-cho-doanh-nghiep-viet/","/","KNA gửi tặng anh chị: Tại đây"
"1197","Huấn Luyện Cấp chứng chỉ An toàn Lao động theo NĐ 44 mới nhất","https://knacert.com.vn/tin-tuc-dao-tao/tai-sao-phai-huan-luyen-an-toan-lao-dong/","https://docs.google.com/forms/d/e/1FAIpQLSfPoYmu6c2jURmdVK0az4Nmmzte8zPzBlzPtZRk-EplfFRCow/viewform","Tại đây"
"1197","Huấn Luyện Cấp chứng chỉ An toàn Lao động theo NĐ 44 mới nhất","https://knacert.com.vn/tin-tuc-dao-tao/tai-sao-phai-huan-luyen-an-toan-lao-dong/","/dich-vu-chung-nhan/huan-luyen-an-toan-lao-dong","Tại đây"
"1129","Doanh nghiệp cần chuẩn bị gì khi áp dụng ISO 9001","https://knacert.com.vn/phat-trien-ben-vung/doanh-nghiep-can-chuan-bi-gi-khi-ap-dung-iso-9001/","http://tailieuiso9001.knacert.com.vn/","Tại đây."
